{
    "directed": true,
    "multigraph": false,
    "graph": {},
    "nodes": [
        {
            "label": "group",
            "weight": 5,
            "id": "блокатор кальциевый канал"
        },
        {
            "label": "group",
            "weight": 5,
            "id": "селективный блокатор кальциевый канал с преимущественный действие на сосуд"
        },
        {
            "label": "group",
            "weight": 5,
            "id": "производный дигидропиридин"
        },
        {
            "label": "prepare",
            "weight": 5,
            "id": "фелодипин"
        },
        {
            "label": "mechanism",
            "weight": 5,
            "id": "блокатор «медленных» кальциевых каналов"
        },
        {
            "label": "action",
            "weight": 5,
            "id": "снижение артериальный давление"
        },
        {
            "label": "action",
            "weight": 5,
            "id": "расслаблять гладкий мускулатура дыхательный путь"
        },
        {
            "label": "action",
            "weight": 5,
            "id": "диуретический эффект"
        },
        {
            "label": "action",
            "weight": 5,
            "id": "дилатация коронарный сосуд"
        },
        {
            "label": "action",
            "weight": 5,
            "id": "снижение общий периферический сосудистый сопротивление"
        },
        {
            "label": "action",
            "weight": 5,
            "id": "снижать сосудистый сопротивление в почка"
        },
        {
            "label": "action",
            "weight": 5,
            "id": "усиливать перфузия почка"
        },
        {
            "label": "action",
            "weight": 5,
            "id": "улучшение кровоснабжение миокард"
        },
        {
            "label": "action",
            "weight": 5,
            "id": "уменьшение нагрузка на сердце"
        },
        {
            "label": "metabol",
            "weight": 5,
            "id": "печени"
        },
        {
            "label": "excretion",
            "weight": 5,
            "id": "почка"
        },
        {
            "label": "excretion",
            "weight": 5,
            "id": "кишечник"
        },
        {
            "label": "metabol",
            "weight": 5,
            "id": "cyp3a4"
        },
        {
            "label": "side_e",
            "weight": 5,
            "id": "обморок"
        },
        {
            "label": "side_e",
            "weight": 5,
            "id": "головная боль"
        },
        {
            "label": "side_e",
            "weight": 5,
            "id": "головокружеие"
        },
        {
            "label": "side_e",
            "weight": 5,
            "id": "тахикардия"
        },
        {
            "label": "side_e",
            "weight": 5,
            "id": "ощущение сердцебиение"
        },
        {
            "label": "side_e",
            "weight": 5,
            "id": "выраженный снижение ад"
        },
        {
            "label": "side_e",
            "weight": 5,
            "id": "стенокардия"
        },
        {
            "label": "side_e",
            "weight": 5,
            "id": "тошнота"
        },
        {
            "label": "side_e",
            "weight": 5,
            "id": "рвота"
        },
        {
            "label": "side_e",
            "weight": 5,
            "id": "реакция гиперчувствительность"
        },
        {
            "label": "side_e",
            "weight": 5,
            "id": "гипергликемия"
        },
        {
            "label": "side_e",
            "weight": 5,
            "id": "парестезия"
        },
        {
            "label": "side_e",
            "weight": 5,
            "id": "головокружение"
        },
        {
            "label": "side_e",
            "weight": 5,
            "id": "покраснение лица"
        },
        {
            "label": "side_e",
            "weight": 5,
            "id": "отек лодыжек"
        },
        {
            "label": "side_e",
            "weight": 5,
            "id": "абдоминальный боль"
        },
        {
            "label": "side_e",
            "weight": 5,
            "id": "гиперплазия слизистый язык и десна"
        },
        {
            "label": "side_e",
            "weight": 5,
            "id": "экстрасистолия"
        },
        {
            "label": "side_e",
            "weight": 5,
            "id": "повышение активность «печеночный» фермент"
        },
        {
            "label": "side_e",
            "weight": 5,
            "id": "экзантема"
        },
        {
            "label": "side_e",
            "weight": 5,
            "id": "кожный зуд"
        },
        {
            "label": "side_e",
            "weight": 5,
            "id": "крапивница"
        },
        {
            "label": "side_e",
            "weight": 5,
            "id": "ангионевротический отек в виде отека губ или языка"
        },
        {
            "label": "side_e",
            "weight": 5,
            "id": "миалгия"
        },
        {
            "label": "side_e",
            "weight": 5,
            "id": "учащенный мочеиспускание"
        },
        {
            "label": "side_e",
            "weight": 5,
            "id": "импотенция/сексуальный дисфункция"
        },
        {
            "label": "side_e",
            "weight": 5,
            "id": "повышенный утомляемость"
        },
        {
            "label": "side_e",
            "weight": 5,
            "id": "лихорадка"
        },
        {
            "label": "side_e",
            "weight": 5,
            "id": "анемия"
        },
        {
            "label": "side_e",
            "weight": 5,
            "id": "депрессия"
        },
        {
            "label": "side_e",
            "weight": 5,
            "id": "бессонница"
        },
        {
            "label": "side_e",
            "weight": 5,
            "id": "тревожный расстройство"
        },
        {
            "label": "side_e",
            "weight": 5,
            "id": "нервозность"
        },
        {
            "label": "side_e",
            "weight": 5,
            "id": "сонливость"
        },
        {
            "label": "side_e",
            "weight": 5,
            "id": "раздражительность"
        },
        {
            "label": "side_e",
            "weight": 5,
            "id": "зрительный расстройство"
        },
        {
            "label": "side_e",
            "weight": 5,
            "id": "инфаркт миокарда"
        },
        {
            "label": "side_e",
            "weight": 5,
            "id": "аритмия"
        },
        {
            "label": "side_e",
            "weight": 5,
            "id": "артериальная гипотензия"
        },
        {
            "label": "side_e",
            "weight": 5,
            "id": "синкопе"
        },
        {
            "label": "side_e",
            "weight": 5,
            "id": "фарингит"
        },
        {
            "label": "side_e",
            "weight": 5,
            "id": "бронхит"
        },
        {
            "label": "side_e",
            "weight": 5,
            "id": "грипп"
        },
        {
            "label": "side_e",
            "weight": 5,
            "id": "синусит"
        },
        {
            "label": "side_e",
            "weight": 5,
            "id": "носовое кровотечение"
        },
        {
            "label": "side_e",
            "weight": 5,
            "id": "диарея"
        },
        {
            "label": "side_e",
            "weight": 5,
            "id": "сухость в рот"
        },
        {
            "label": "side_e",
            "weight": 5,
            "id": "метеоризм"
        },
        {
            "label": "side_e",
            "weight": 5,
            "id": "эритема"
        },
        {
            "label": "side_e",
            "weight": 5,
            "id": "кровоподтек"
        },
        {
            "label": "side_e",
            "weight": 5,
            "id": "лейкоцитокластический васкулит"
        },
        {
            "label": "side_e",
            "weight": 5,
            "id": "артралгия"
        },
        {
            "label": "side_e",
            "weight": 5,
            "id": "боль в спина"
        },
        {
            "label": "side_e",
            "weight": 5,
            "id": "мышечный боль"
        },
        {
            "label": "side_e",
            "weight": 5,
            "id": "боль в верхний и нижний конечность"
        },
        {
            "label": "side_e",
            "weight": 5,
            "id": "полиурия"
        },
        {
            "label": "side_e",
            "weight": 5,
            "id": "дизурия"
        },
        {
            "label": "side_e",
            "weight": 5,
            "id": "гинекомастия"
        },
        {
            "label": "side_e",
            "weight": 5,
            "id": "боль в груди"
        },
        {
            "label": "side_e",
            "weight": 5,
            "id": "отек лицо"
        },
        {
            "label": "side_e",
            "weight": 5,
            "id": "гриппоподобный синдром"
        },
        {
            "label": "action",
            "weight": 5,
            "id": "снижать канальцевый реабсорбция натрий"
        },
        {
            "label": "action",
            "weight": 5,
            "id": "снижать канальцевый реабсорбция вода"
        },
        {
            "label": "None",
            "weight": 5,
            "id": "n24 проводимость гладкий мускулатура сосуд"
        },
        {
            "label": "None",
            "weight": 5,
            "id": "n24 сократительный способность гладкий мускулатура сосуд"
        }
    ],
    "links": [
        {
            "source": "блокатор кальциевый канал",
            "target": "селективный блокатор кальциевый канал с преимущественный действие на сосуд"
        },
        {
            "source": "селективный блокатор кальциевый канал с преимущественный действие на сосуд",
            "target": "производный дигидропиридин"
        },
        {
            "source": "производный дигидропиридин",
            "target": "фелодипин"
        },
        {
            "source": "фелодипин",
            "target": "реакция гиперчувствительность"
        },
        {
            "source": "фелодипин",
            "target": "гипергликемия"
        },
        {
            "source": "фелодипин",
            "target": "парестезия"
        },
        {
            "source": "фелодипин",
            "target": "головокружение"
        },
        {
            "source": "фелодипин",
            "target": "покраснение лица"
        },
        {
            "source": "фелодипин",
            "target": "отек лодыжек"
        },
        {
            "source": "фелодипин",
            "target": "абдоминальный боль"
        },
        {
            "source": "фелодипин",
            "target": "гиперплазия слизистый язык и десна"
        },
        {
            "source": "фелодипин",
            "target": "экстрасистолия"
        },
        {
            "source": "фелодипин",
            "target": "повышение активность «печеночный» фермент"
        },
        {
            "source": "фелодипин",
            "target": "экзантема"
        },
        {
            "source": "фелодипин",
            "target": "кожный зуд"
        },
        {
            "source": "фелодипин",
            "target": "крапивница"
        },
        {
            "source": "фелодипин",
            "target": "ангионевротический отек в виде отека губ или языка"
        },
        {
            "source": "фелодипин",
            "target": "миалгия"
        },
        {
            "source": "фелодипин",
            "target": "учащенный мочеиспускание"
        },
        {
            "source": "фелодипин",
            "target": "импотенция/сексуальный дисфункция"
        },
        {
            "source": "фелодипин",
            "target": "повышенный утомляемость"
        },
        {
            "source": "фелодипин",
            "target": "лихорадка"
        },
        {
            "source": "фелодипин",
            "target": "анемия"
        },
        {
            "source": "фелодипин",
            "target": "депрессия"
        },
        {
            "source": "фелодипин",
            "target": "бессонница"
        },
        {
            "source": "фелодипин",
            "target": "тревожный расстройство"
        },
        {
            "source": "фелодипин",
            "target": "нервозность"
        },
        {
            "source": "фелодипин",
            "target": "сонливость"
        },
        {
            "source": "фелодипин",
            "target": "раздражительность"
        },
        {
            "source": "фелодипин",
            "target": "зрительный расстройство"
        },
        {
            "source": "фелодипин",
            "target": "инфаркт миокарда"
        },
        {
            "source": "фелодипин",
            "target": "аритмия"
        },
        {
            "source": "фелодипин",
            "target": "артериальная гипотензия"
        },
        {
            "source": "фелодипин",
            "target": "синкопе"
        },
        {
            "source": "фелодипин",
            "target": "фарингит"
        },
        {
            "source": "фелодипин",
            "target": "бронхит"
        },
        {
            "source": "фелодипин",
            "target": "грипп"
        },
        {
            "source": "фелодипин",
            "target": "синусит"
        },
        {
            "source": "фелодипин",
            "target": "носовое кровотечение"
        },
        {
            "source": "фелодипин",
            "target": "диарея"
        },
        {
            "source": "фелодипин",
            "target": "сухость в рот"
        },
        {
            "source": "фелодипин",
            "target": "метеоризм"
        },
        {
            "source": "фелодипин",
            "target": "эритема"
        },
        {
            "source": "фелодипин",
            "target": "кровоподтек"
        },
        {
            "source": "фелодипин",
            "target": "лейкоцитокластический васкулит"
        },
        {
            "source": "фелодипин",
            "target": "артралгия"
        },
        {
            "source": "фелодипин",
            "target": "боль в спина"
        },
        {
            "source": "фелодипин",
            "target": "мышечный боль"
        },
        {
            "source": "фелодипин",
            "target": "боль в верхний и нижний конечность"
        },
        {
            "source": "фелодипин",
            "target": "полиурия"
        },
        {
            "source": "фелодипин",
            "target": "дизурия"
        },
        {
            "source": "фелодипин",
            "target": "гинекомастия"
        },
        {
            "source": "фелодипин",
            "target": "боль в груди"
        },
        {
            "source": "фелодипин",
            "target": "отек лицо"
        },
        {
            "source": "фелодипин",
            "target": "гриппоподобный синдром"
        },
        {
            "source": "фелодипин",
            "target": "блокатор «медленных» кальциевых каналов"
        },
        {
            "source": "фелодипин",
            "target": "кишечник"
        },
        {
            "source": "фелодипин",
            "target": "почка"
        },
        {
            "source": "фелодипин",
            "target": "печени"
        },
        {
            "source": "блокатор «медленных» кальциевых каналов",
            "target": "расслаблять гладкий мускулатура дыхательный путь"
        },
        {
            "source": "блокатор «медленных» кальциевых каналов",
            "target": "снижать сосудистый сопротивление в почка"
        },
        {
            "source": "блокатор «медленных» кальциевых каналов",
            "target": "дилатация коронарный сосуд"
        },
        {
            "source": "блокатор «медленных» кальциевых каналов",
            "target": "снижать канальцевый реабсорбция натрий"
        },
        {
            "source": "блокатор «медленных» кальциевых каналов",
            "target": "снижать канальцевый реабсорбция вода"
        },
        {
            "source": "блокатор «медленных» кальциевых каналов",
            "target": "n24 проводимость гладкий мускулатура сосуд"
        },
        {
            "source": "блокатор «медленных» кальциевых каналов",
            "target": "n24 сократительный способность гладкий мускулатура сосуд"
        },
        {
            "source": "снижение артериальный давление",
            "target": "обморок"
        },
        {
            "source": "снижение артериальный давление",
            "target": "головная боль"
        },
        {
            "source": "снижение артериальный давление",
            "target": "головокружеие"
        },
        {
            "source": "снижение артериальный давление",
            "target": "тахикардия"
        },
        {
            "source": "снижение артериальный давление",
            "target": "ощущение сердцебиение"
        },
        {
            "source": "снижение артериальный давление",
            "target": "выраженный снижение ад"
        },
        {
            "source": "снижение артериальный давление",
            "target": "тошнота"
        },
        {
            "source": "дилатация коронарный сосуд",
            "target": "улучшение кровоснабжение миокард"
        },
        {
            "source": "снижение общий периферический сосудистый сопротивление",
            "target": "снижение артериальный давление"
        },
        {
            "source": "снижение общий периферический сосудистый сопротивление",
            "target": "уменьшение нагрузка на сердце"
        },
        {
            "source": "снижать сосудистый сопротивление в почка",
            "target": "усиливать перфузия почка"
        },
        {
            "source": "печени",
            "target": "cyp3a4"
        },
        {
            "source": "выраженный снижение ад",
            "target": "стенокардия"
        },
        {
            "source": "тошнота",
            "target": "рвота"
        },
        {
            "source": "снижать канальцевый реабсорбция натрий",
            "target": "диуретический эффект"
        },
        {
            "source": "снижать канальцевый реабсорбция вода",
            "target": "диуретический эффект"
        },
        {
            "source": "n24 проводимость гладкий мускулатура сосуд",
            "target": "снижение общий периферический сосудистый сопротивление"
        },
        {
            "source": "n24 сократительный способность гладкий мускулатура сосуд",
            "target": "снижение общий периферический сосудистый сопротивление"
        }
    ],
    "name": [
        "фелодипин"
    ]
}