{
    "directed": true,
    "multigraph": false,
    "graph": {},
    "nodes": [
        {
            "label": "prepare",
            "weight": 5,
            "id": "спиронолактон"
        },
        {
            "label": "mechanism",
            "weight": 5,
            "id": "конкурентный антагонист альдостерон"
        },
        {
            "label": "mechanism",
            "weight": 5,
            "id": "увеличивать экскреция ион натрий, хлор и вода с моча"
        },
        {
            "label": "action",
            "weight": 5,
            "id": "снижать артериальный давление"
        },
        {
            "label": "action",
            "weight": 5,
            "id": "антигипертензивный действие"
        },
        {
            "label": "side_e",
            "weight": 5,
            "id": "гинекомастия"
        },
        {
            "label": "side_e",
            "weight": 5,
            "id": "боль в грудь"
        },
        {
            "label": "side_e",
            "weight": 5,
            "id": "тяжёлый гиперкалиемия"
        },
        {
            "label": "metabol",
            "weight": 5,
            "id": "быстро метаболизироваться в организм человек"
        },
        {
            "label": "metabol",
            "weight": 5,
            "id": "7альф-тиометилспиронолактон"
        },
        {
            "label": "metabol",
            "weight": 5,
            "id": "канренон"
        },
        {
            "label": "side_e",
            "weight": 5,
            "id": "эозинофилия"
        },
        {
            "label": "side_e",
            "weight": 5,
            "id": "гиперчувствительность"
        },
        {
            "label": "side_e",
            "weight": 5,
            "id": "гирсутизм"
        },
        {
            "label": "side_e",
            "weight": 5,
            "id": "дегидратация"
        },
        {
            "label": "side_e",
            "weight": 5,
            "id": "порфириягиперхлоремический ацидоз"
        },
        {
            "label": "side_e",
            "weight": 5,
            "id": "спутанность сознание"
        },
        {
            "label": "side_e",
            "weight": 5,
            "id": "сонливость"
        },
        {
            "label": "side_e",
            "weight": 5,
            "id": "головной боль"
        },
        {
            "label": "side_e",
            "weight": 5,
            "id": "паралич"
        },
        {
            "label": "side_e",
            "weight": 5,
            "id": "параплегия"
        },
        {
            "label": "side_e",
            "weight": 5,
            "id": "снижение артериальный давление"
        },
        {
            "label": "side_e",
            "weight": 5,
            "id": "изменение тональность голос"
        },
        {
            "label": "side_e",
            "weight": 5,
            "id": "тошнота"
        },
        {
            "label": "side_e",
            "weight": 5,
            "id": "рвота"
        },
        {
            "label": "side_e",
            "weight": 5,
            "id": "гастрит"
        },
        {
            "label": "side_e",
            "weight": 5,
            "id": "язва"
        },
        {
            "label": "side_e",
            "weight": 5,
            "id": "желудочный кровотечение"
        },
        {
            "label": "side_e",
            "weight": 5,
            "id": "боль в желудок"
        },
        {
            "label": "side_e",
            "weight": 5,
            "id": "диарея"
        },
        {
            "label": "side_e",
            "weight": 5,
            "id": "гепатит"
        },
        {
            "label": "side_e",
            "weight": 5,
            "id": "кожный сыпь"
        },
        {
            "label": "side_e",
            "weight": 5,
            "id": "крапивница"
        },
        {
            "label": "side_e",
            "weight": 5,
            "id": "алопеция"
        },
        {
            "label": "side_e",
            "weight": 5,
            "id": "экзема"
        },
        {
            "label": "side_e",
            "weight": 5,
            "id": "кольцевидный эритема"
        },
        {
            "label": "side_e",
            "weight": 5,
            "id": "волчаночноподобный изменение кожибуллезный"
        },
        {
            "label": "side_e",
            "weight": 5,
            "id": "остеомаляция"
        },
        {
            "label": "side_e",
            "weight": 5,
            "id": "острый почечный недостаточность"
        },
        {
            "label": "side_e",
            "weight": 5,
            "id": "усталость"
        },
        {
            "label": "side_e",
            "weight": 5,
            "id": "повышение концентрация мочевина в сыворотка кровь"
        },
        {
            "label": "side_e",
            "weight": 5,
            "id": "повышение концентрация креатинин в сыворотка крови"
        },
        {
            "label": "group",
            "weight": 5,
            "id": "антагонисты альдостерона и другие калийсберегающие диуретики"
        },
        {
            "label": "group",
            "weight": 5,
            "id": "антагонисты альдостерона"
        },
        {
            "label": "group",
            "weight": 5,
            "id": "диуретик"
        },
        {
            "label": "mechanism",
            "weight": 5,
            "id": "калийсберегающий диуретик"
        },
        {
            "label": "mechanism",
            "weight": 5,
            "id": "подавлять калийвыводить эффект"
        },
        {
            "label": "side_e",
            "weight": 5,
            "id": "гиперкалиемия"
        },
        {
            "label": "side_e",
            "weight": 5,
            "id": "гипонатриемия"
        },
        {
            "label": "absorbtion",
            "weight": 5,
            "id": "желудочнокишечный тракт"
        },
        {
            "label": "excretion",
            "weight": 5,
            "id": "почка"
        },
        {
            "label": "excretion",
            "weight": 5,
            "id": "кишечник"
        },
        {
            "label": "side_e",
            "weight": 5,
            "id": "аритмия"
        },
        {
            "label": "side_e",
            "weight": 5,
            "id": "астения"
        },
        {
            "label": "side_e",
            "weight": 5,
            "id": "васкулит"
        },
        {
            "label": "side_e",
            "weight": 5,
            "id": "снижение либидо"
        },
        {
            "label": "side_e",
            "weight": 5,
            "id": "эректильный дисфункция"
        },
        {
            "label": "side_e",
            "weight": 5,
            "id": "болезненность молочных железа"
        },
        {
            "label": "side_e",
            "weight": 5,
            "id": "увеличение молочный железа"
        },
        {
            "label": "side_e",
            "weight": 5,
            "id": "нарушение менструальный цикл"
        },
        {
            "label": "side_e",
            "weight": 5,
            "id": "бесплодие"
        },
        {
            "label": "mechanism",
            "weight": 5,
            "id": "препятствовать задержка натрий"
        },
        {
            "label": "mechanism",
            "weight": 5,
            "id": "препятствовать задержка вода"
        }
    ],
    "links": [
        {
            "source": "спиронолактон",
            "target": "тяжёлый гиперкалиемия"
        },
        {
            "source": "спиронолактон",
            "target": "эозинофилия"
        },
        {
            "source": "спиронолактон",
            "target": "гиперчувствительность"
        },
        {
            "source": "спиронолактон",
            "target": "гирсутизм"
        },
        {
            "source": "спиронолактон",
            "target": "дегидратация"
        },
        {
            "source": "спиронолактон",
            "target": "порфириягиперхлоремический ацидоз"
        },
        {
            "source": "спиронолактон",
            "target": "спутанность сознание"
        },
        {
            "source": "спиронолактон",
            "target": "сонливость"
        },
        {
            "source": "спиронолактон",
            "target": "головной боль"
        },
        {
            "source": "спиронолактон",
            "target": "паралич"
        },
        {
            "source": "спиронолактон",
            "target": "параплегия"
        },
        {
            "source": "спиронолактон",
            "target": "изменение тональность голос"
        },
        {
            "source": "спиронолактон",
            "target": "тошнота"
        },
        {
            "source": "спиронолактон",
            "target": "рвота"
        },
        {
            "source": "спиронолактон",
            "target": "гастрит"
        },
        {
            "source": "спиронолактон",
            "target": "язва"
        },
        {
            "source": "спиронолактон",
            "target": "желудочный кровотечение"
        },
        {
            "source": "спиронолактон",
            "target": "боль в желудок"
        },
        {
            "source": "спиронолактон",
            "target": "диарея"
        },
        {
            "source": "спиронолактон",
            "target": "гепатит"
        },
        {
            "source": "спиронолактон",
            "target": "кожный сыпь"
        },
        {
            "source": "спиронолактон",
            "target": "крапивница"
        },
        {
            "source": "спиронолактон",
            "target": "алопеция"
        },
        {
            "source": "спиронолактон",
            "target": "экзема"
        },
        {
            "source": "спиронолактон",
            "target": "кольцевидный эритема"
        },
        {
            "source": "спиронолактон",
            "target": "волчаночноподобный изменение кожибуллезный"
        },
        {
            "source": "спиронолактон",
            "target": "остеомаляция"
        },
        {
            "source": "спиронолактон",
            "target": "острый почечный недостаточность"
        },
        {
            "source": "спиронолактон",
            "target": "усталость"
        },
        {
            "source": "спиронолактон",
            "target": "повышение концентрация мочевина в сыворотка кровь"
        },
        {
            "source": "спиронолактон",
            "target": "повышение концентрация креатинин в сыворотка крови"
        },
        {
            "source": "спиронолактон",
            "target": "васкулит"
        },
        {
            "source": "спиронолактон",
            "target": "быстро метаболизироваться в организм человек"
        },
        {
            "source": "спиронолактон",
            "target": "7альф-тиометилспиронолактон"
        },
        {
            "source": "спиронолактон",
            "target": "канренон"
        },
        {
            "source": "спиронолактон",
            "target": "конкурентный антагонист альдостерон"
        },
        {
            "source": "спиронолактон",
            "target": "желудочнокишечный тракт"
        },
        {
            "source": "спиронолактон",
            "target": "кишечник"
        },
        {
            "source": "спиронолактон",
            "target": "почка"
        },
        {
            "source": "конкурентный антагонист альдостерон",
            "target": "подавлять калийвыводить эффект"
        },
        {
            "source": "конкурентный антагонист альдостерон",
            "target": "гинекомастия"
        },
        {
            "source": "конкурентный антагонист альдостерон",
            "target": "боль в грудь"
        },
        {
            "source": "конкурентный антагонист альдостерон",
            "target": "снижение либидо"
        },
        {
            "source": "конкурентный антагонист альдостерон",
            "target": "эректильный дисфункция"
        },
        {
            "source": "конкурентный антагонист альдостерон",
            "target": "болезненность молочных железа"
        },
        {
            "source": "конкурентный антагонист альдостерон",
            "target": "увеличение молочный железа"
        },
        {
            "source": "конкурентный антагонист альдостерон",
            "target": "нарушение менструальный цикл"
        },
        {
            "source": "конкурентный антагонист альдостерон",
            "target": "бесплодие"
        },
        {
            "source": "конкурентный антагонист альдостерон",
            "target": "препятствовать задержка натрий"
        },
        {
            "source": "конкурентный антагонист альдостерон",
            "target": "препятствовать задержка вода"
        },
        {
            "source": "снижать артериальный давление",
            "target": "антигипертензивный действие"
        },
        {
            "source": "снижать артериальный давление",
            "target": "астения"
        },
        {
            "source": "антигипертензивный действие",
            "target": "снижение артериальный давление"
        },
        {
            "source": "антагонисты альдостерона и другие калийсберегающие диуретики",
            "target": "антагонисты альдостерона"
        },
        {
            "source": "антагонисты альдостерона",
            "target": "спиронолактон"
        },
        {
            "source": "диуретик",
            "target": "антагонисты альдостерона и другие калийсберегающие диуретики"
        },
        {
            "source": "калийсберегающий диуретик",
            "target": "снижать артериальный давление"
        },
        {
            "source": "калийсберегающий диуретик",
            "target": "гиперкалиемия"
        },
        {
            "source": "подавлять калийвыводить эффект",
            "target": "калийсберегающий диуретик"
        },
        {
            "source": "гиперкалиемия",
            "target": "аритмия"
        },
        {
            "source": "гипонатриемия",
            "target": "аритмия"
        },
        {
            "source": "препятствовать задержка натрий",
            "target": "снижать артериальный давление"
        },
        {
            "source": "препятствовать задержка натрий",
            "target": "гипонатриемия"
        },
        {
            "source": "препятствовать задержка вода",
            "target": "снижать артериальный давление"
        }
    ],
    "name": [
        "спиронолактон"
    ]
}