{
    "directed": true,
    "multigraph": false,
    "graph": {},
    "nodes": [
        {
            "label": "group",
            "weight": 5,
            "id": "средства, действующий на ренин-ангиотензиновый система"
        },
        {
            "label": "group",
            "weight": 5,
            "id": "антагонисты рецепторов ангиотензина ii"
        },
        {
            "label": "prepare",
            "weight": 5,
            "id": "кандесартан"
        },
        {
            "label": "mechanism",
            "weight": 5,
            "id": "антагонист рецептор ангиотензин ii 1 тип"
        },
        {
            "label": "action",
            "weight": 5,
            "id": "снижение концентрация альдостерон"
        },
        {
            "label": "action",
            "weight": 5,
            "id": "снижение ад"
        },
        {
            "label": "action",
            "weight": 5,
            "id": "снижением общего периферического сопротивления сосудов"
        },
        {
            "label": "action",
            "weight": 5,
            "id": "антигипертензивный эффект"
        },
        {
            "label": "action",
            "weight": 5,
            "id": "увеличивает почечный кровоток"
        },
        {
            "label": "absorbtion",
            "weight": 5,
            "id": "желудочный-кишечный тракт"
        },
        {
            "label": "prot_link",
            "weight": 5,
            "id": "белками плазмы крови"
        },
        {
            "label": "excretion",
            "weight": 5,
            "id": "почка"
        },
        {
            "label": "excretion",
            "weight": 5,
            "id": "желчь"
        },
        {
            "label": "side_e",
            "weight": 5,
            "id": "гиперкалиемия"
        },
        {
            "label": "side_e",
            "weight": 5,
            "id": "гипонатриемия"
        },
        {
            "label": "side_e",
            "weight": 5,
            "id": "нарушение функция почка"
        },
        {
            "label": "side_e",
            "weight": 5,
            "id": "выраженное снижение ад"
        },
        {
            "label": "action",
            "weight": 5,
            "id": "повышение активности ренина"
        },
        {
            "label": "action",
            "weight": 5,
            "id": "повышает скорость клубочковой фильтрации"
        },
        {
            "label": "action",
            "weight": 5,
            "id": "не изменять скорость клубочковой фильтрации"
        },
        {
            "label": "action",
            "weight": 5,
            "id": "повышение концентрация ангиотензин i"
        },
        {
            "label": "action",
            "weight": 5,
            "id": "повышение концентрация ангиотензин ii"
        }
    ],
    "links": [
        {
            "source": "средства, действующий на ренин-ангиотензиновый система",
            "target": "антагонисты рецепторов ангиотензина ii"
        },
        {
            "source": "антагонисты рецепторов ангиотензина ii",
            "target": "кандесартан"
        },
        {
            "source": "кандесартан",
            "target": "антагонист рецептор ангиотензин ii 1 тип"
        },
        {
            "source": "кандесартан",
            "target": "желудочный-кишечный тракт"
        },
        {
            "source": "кандесартан",
            "target": "белками плазмы крови"
        },
        {
            "source": "кандесартан",
            "target": "почка"
        },
        {
            "source": "кандесартан",
            "target": "желчь"
        },
        {
            "source": "антагонист рецептор ангиотензин ii 1 тип",
            "target": "снижение концентрация альдостерон"
        },
        {
            "source": "антагонист рецептор ангиотензин ii 1 тип",
            "target": "повышение активности ренина"
        },
        {
            "source": "антагонист рецептор ангиотензин ii 1 тип",
            "target": "повышение концентрация ангиотензин i"
        },
        {
            "source": "антагонист рецептор ангиотензин ii 1 тип",
            "target": "повышение концентрация ангиотензин ii"
        },
        {
            "source": "снижение концентрация альдостерон",
            "target": "снижением общего периферического сопротивления сосудов"
        },
        {
            "source": "снижение концентрация альдостерон",
            "target": "гиперкалиемия"
        },
        {
            "source": "снижение концентрация альдостерон",
            "target": "гипонатриемия"
        },
        {
            "source": "снижение ад",
            "target": "увеличивает почечный кровоток"
        },
        {
            "source": "снижение ад",
            "target": "антигипертензивный эффект"
        },
        {
            "source": "снижением общего периферического сопротивления сосудов",
            "target": "снижение ад"
        },
        {
            "source": "антигипертензивный эффект",
            "target": "выраженное снижение ад"
        },
        {
            "source": "увеличивает почечный кровоток",
            "target": "повышает скорость клубочковой фильтрации"
        },
        {
            "source": "увеличивает почечный кровоток",
            "target": "не изменять скорость клубочковой фильтрации"
        },
        {
            "source": "почка",
            "target": "нарушение функция почка"
        },
        {
            "source": "повышение активности ренина",
            "target": "снижением общего периферического сопротивления сосудов"
        },
        {
            "source": "повышает скорость клубочковой фильтрации",
            "target": "нарушение функция почка"
        },
        {
            "source": "не изменять скорость клубочковой фильтрации",
            "target": "нарушение функция почка"
        }
    ],
    "name": [
        "кандесартан"
    ]
}