{
    "directed": true,
    "multigraph": false,
    "graph": {},
    "nodes": [
        {
            "label": "group",
            "weight": 5,
            "id": "диуретик"
        },
        {
            "label": "group",
            "weight": 5,
            "id": "тиазидный диуретик"
        },
        {
            "label": "group",
            "weight": 5,
            "id": "тиазид"
        },
        {
            "label": "mechanism",
            "weight": 5,
            "id": "блокировать реабсорбция ион натрий и хлор в начало почечный каналец"
        },
        {
            "label": "prepare",
            "weight": 5,
            "id": "гидрохлоротиазид"
        },
        {
            "label": "side_e",
            "weight": 5,
            "id": "немеланомный рак кожа и губа"
        },
        {
            "label": "side_e",
            "weight": 5,
            "id": "лейкопения"
        },
        {
            "label": "side_e",
            "weight": 5,
            "id": "агранулоцитоз"
        },
        {
            "label": "side_e",
            "weight": 5,
            "id": "тромбоцитопения"
        },
        {
            "label": "side_e",
            "weight": 5,
            "id": "гемолитический анемия"
        },
        {
            "label": "side_e",
            "weight": 5,
            "id": "апластический анемия"
        },
        {
            "label": "side_e",
            "weight": 5,
            "id": "крапивница"
        },
        {
            "label": "side_e",
            "weight": 5,
            "id": "пурпур"
        },
        {
            "label": "side_e",
            "weight": 5,
            "id": "лихорадка"
        },
        {
            "label": "side_e",
            "weight": 5,
            "id": "некротизировать ангиит (васкулит и кожный васкулит)"
        },
        {
            "label": "side_e",
            "weight": 5,
            "id": "синдром стивенс-джонсон"
        },
        {
            "label": "side_e",
            "weight": 5,
            "id": "анафилактический реакция"
        },
        {
            "label": "side_e",
            "weight": 5,
            "id": "обострение течение системный красный волчанка"
        },
        {
            "label": "side_e",
            "weight": 5,
            "id": "гипонатриемия"
        },
        {
            "label": "side_e",
            "weight": 5,
            "id": "манифестация латентно протекать сахарный диабет"
        },
        {
            "label": "side_e",
            "weight": 5,
            "id": "обморок"
        },
        {
            "label": "side_e",
            "weight": 5,
            "id": "головной боль"
        },
        {
            "label": "side_e",
            "weight": 5,
            "id": "головокружение"
        },
        {
            "label": "side_e",
            "weight": 5,
            "id": "парестезия"
        },
        {
            "label": "side_e",
            "weight": 5,
            "id": "сонливость"
        },
        {
            "label": "side_e",
            "weight": 5,
            "id": "спутанность сознание"
        },
        {
            "label": "side_e",
            "weight": 5,
            "id": "преходящий нечёткость зрение"
        },
        {
            "label": "side_e",
            "weight": 5,
            "id": "острый миопия"
        },
        {
            "label": "side_e",
            "weight": 5,
            "id": "острый приступ вторичный закрытоугольный глаукома"
        },
        {
            "label": "side_e",
            "weight": 5,
            "id": "хориоидальный выпот"
        },
        {
            "label": "side_e",
            "weight": 5,
            "id": "ксантопсия"
        },
        {
            "label": "side_e",
            "weight": 5,
            "id": "интерстициальный пневмония"
        },
        {
            "label": "side_e",
            "weight": 5,
            "id": "острый респираторный дистресс-синдром"
        },
        {
            "label": "side_e",
            "weight": 5,
            "id": "кожный сыпь"
        },
        {
            "label": "side_e",
            "weight": 5,
            "id": "кожный зуд"
        },
        {
            "label": "side_e",
            "weight": 5,
            "id": "фоточувствительность"
        },
        {
            "label": "side_e",
            "weight": 5,
            "id": "интерстициальный нефрит"
        },
        {
            "label": "side_e",
            "weight": 5,
            "id": "снижение потенция"
        },
        {
            "label": "prepare",
            "weight": 5,
            "id": "пентамидин"
        },
        {
            "label": "side_e",
            "weight": 5,
            "id": "желудочковый аритмия"
        },
        {
            "label": "side_e",
            "weight": 5,
            "id": "полиморфный желудочковый тахикардия тип «пируэт»"
        },
        {
            "label": "side_e",
            "weight": 5,
            "id": "риск развитие полиморфный желудочковый тахикардия тип «пируэт»"
        },
        {
            "label": "side_e",
            "weight": 5,
            "id": "токсичность"
        },
        {
            "label": "side_e",
            "weight": 5,
            "id": "потенцирование"
        },
        {
            "label": "side_e",
            "weight": 5,
            "id": "симптоматический артериальный гипотензия"
        },
        {
            "label": "side_e",
            "weight": 5,
            "id": "развитие острый почечный недостаточность"
        },
        {
            "label": "side_e",
            "weight": 5,
            "id": "токсический действие"
        },
        {
            "label": "side_e",
            "weight": 5,
            "id": "на центральный нервный система"
        },
        {
            "label": "side_e",
            "weight": 5,
            "id": "лактоацидоз"
        },
        {
            "label": "side_e",
            "weight": 5,
            "id": "концентрация мочевой кислота в сыворотка кровь"
        },
        {
            "label": "side_e",
            "weight": 5,
            "id": "реакция гиперчувствительность"
        },
        {
            "label": "side_e",
            "weight": 5,
            "id": "миелосупрессивный действие"
        },
        {
            "label": "side_e",
            "weight": 5,
            "id": "обострение подагра"
        },
        {
            "label": "side_e",
            "weight": 5,
            "id": "острый почечный недостаточность"
        },
        {
            "label": "mechanism",
            "weight": 5,
            "id": "увеличивать выведение ион натрий и хлор"
        },
        {
            "label": "action",
            "weight": 5,
            "id": "выведение вода из организм"
        },
        {
            "label": "action",
            "weight": 5,
            "id": "мочегонное действие"
        },
        {
            "label": "action",
            "weight": 5,
            "id": "уменьшаться объём циркулировать жидкость"
        },
        {
            "label": "action",
            "weight": 5,
            "id": "увеличиваться активность ренин и содержание альдостерон"
        },
        {
            "label": "action",
            "weight": 5,
            "id": "увеличение экскреция ион калий с моча и снижение содержание калий в кровь"
        },
        {
            "label": "side_e",
            "weight": 5,
            "id": "гипокалиемия"
        },
        {
            "label": "action",
            "weight": 5,
            "id": "антигипертензивный действие"
        },
        {
            "label": "mechanism",
            "weight": 5,
            "id": "увеличивать экскреция ион магний"
        },
        {
            "label": "mechanism",
            "weight": 5,
            "id": "снижать экскреция ион кальций с моча"
        },
        {
            "label": "mechanism",
            "weight": 5,
            "id": "снижать экскреция мочевой кислота почка"
        },
        {
            "label": "mechanism",
            "weight": 5,
            "id": "уменьшать активность карбоангидраза"
        },
        {
            "label": "absorbtion",
            "weight": 5,
            "id": "желудочный-кишечный тракт"
        },
        {
            "label": "prot_link",
            "weight": 5,
            "id": "белок плазма кровь"
        },
        {
            "label": "excretion",
            "weight": 5,
            "id": "почка"
        },
        {
            "label": "side_e",
            "weight": 5,
            "id": "гипомагниемия"
        },
        {
            "label": "mechanism",
            "weight": 5,
            "id": "усиление выведение ион бикарбонат"
        },
        {
            "label": "side_e",
            "weight": 5,
            "id": "гиперкальциемия"
        },
        {
            "label": "side_e",
            "weight": 5,
            "id": "гипохлоремический алкалоз"
        },
        {
            "label": "side_e",
            "weight": 5,
            "id": "гиперурикемия"
        },
        {
            "label": "side_e",
            "weight": 5,
            "id": "гипергликемия"
        },
        {
            "label": "side_e",
            "weight": 5,
            "id": "глюкозурия у пациент с сахарный диабет"
        },
        {
            "label": "side_e",
            "weight": 5,
            "id": "снижение толерантность к глюкоза"
        },
        {
            "label": "side_e",
            "weight": 5,
            "id": "повышение концентрация холестерин или триглицерид"
        },
        {
            "label": "side_e",
            "weight": 5,
            "id": "брадикардия"
        },
        {
            "label": "side_e",
            "weight": 5,
            "id": "ортостатический гипотензия"
        },
        {
            "label": "side_e",
            "weight": 5,
            "id": "боль в верхний отдел живот"
        },
        {
            "label": "side_e",
            "weight": 5,
            "id": "снижение аппетит"
        },
        {
            "label": "side_e",
            "weight": 5,
            "id": "анорексия"
        },
        {
            "label": "side_e",
            "weight": 5,
            "id": "диарея"
        },
        {
            "label": "side_e",
            "weight": 5,
            "id": "запор"
        },
        {
            "label": "side_e",
            "weight": 5,
            "id": "тошнота"
        },
        {
            "label": "side_e",
            "weight": 5,
            "id": "рвота"
        },
        {
            "label": "side_e",
            "weight": 5,
            "id": "панкреатит"
        },
        {
            "label": "side_e",
            "weight": 5,
            "id": "сиалоаденит"
        },
        {
            "label": "side_e",
            "weight": 5,
            "id": "желтуха"
        },
        {
            "label": "side_e",
            "weight": 5,
            "id": "холецистит"
        },
        {
            "label": "side_e",
            "weight": 5,
            "id": "мышечный слабость"
        },
        {
            "label": "side_e",
            "weight": 5,
            "id": "дегидратация"
        },
        {
            "label": "side_e",
            "weight": 5,
            "id": "жажда"
        },
        {
            "label": "side_e",
            "weight": 5,
            "id": "усталость"
        }
    ],
    "links": [
        {
            "source": "диуретик",
            "target": "тиазидный диуретик"
        },
        {
            "source": "тиазидный диуретик",
            "target": "тиазид"
        },
        {
            "source": "тиазид",
            "target": "гидрохлоротиазид"
        },
        {
            "source": "блокировать реабсорбция ион натрий и хлор в начало почечный каналец",
            "target": "увеличивать выведение ион натрий и хлор"
        },
        {
            "source": "гидрохлоротиазид",
            "target": "немеланомный рак кожа и губа"
        },
        {
            "source": "гидрохлоротиазид",
            "target": "лейкопения"
        },
        {
            "source": "гидрохлоротиазид",
            "target": "агранулоцитоз"
        },
        {
            "source": "гидрохлоротиазид",
            "target": "тромбоцитопения"
        },
        {
            "source": "гидрохлоротиазид",
            "target": "гемолитический анемия"
        },
        {
            "source": "гидрохлоротиазид",
            "target": "апластический анемия"
        },
        {
            "source": "гидрохлоротиазид",
            "target": "крапивница"
        },
        {
            "source": "гидрохлоротиазид",
            "target": "пурпур"
        },
        {
            "source": "гидрохлоротиазид",
            "target": "лихорадка"
        },
        {
            "source": "гидрохлоротиазид",
            "target": "некротизировать ангиит (васкулит и кожный васкулит)"
        },
        {
            "source": "гидрохлоротиазид",
            "target": "синдром стивенс-джонсон"
        },
        {
            "source": "гидрохлоротиазид",
            "target": "анафилактический реакция"
        },
        {
            "source": "гидрохлоротиазид",
            "target": "обострение течение системный красный волчанка"
        },
        {
            "source": "гидрохлоротиазид",
            "target": "манифестация латентно протекать сахарный диабет"
        },
        {
            "source": "гидрохлоротиазид",
            "target": "обморок"
        },
        {
            "source": "гидрохлоротиазид",
            "target": "головной боль"
        },
        {
            "source": "гидрохлоротиазид",
            "target": "головокружение"
        },
        {
            "source": "гидрохлоротиазид",
            "target": "парестезия"
        },
        {
            "source": "гидрохлоротиазид",
            "target": "сонливость"
        },
        {
            "source": "гидрохлоротиазид",
            "target": "спутанность сознание"
        },
        {
            "source": "гидрохлоротиазид",
            "target": "преходящий нечёткость зрение"
        },
        {
            "source": "гидрохлоротиазид",
            "target": "острый миопия"
        },
        {
            "source": "гидрохлоротиазид",
            "target": "острый приступ вторичный закрытоугольный глаукома"
        },
        {
            "source": "гидрохлоротиазид",
            "target": "хориоидальный выпот"
        },
        {
            "source": "гидрохлоротиазид",
            "target": "ксантопсия"
        },
        {
            "source": "гидрохлоротиазид",
            "target": "интерстициальный пневмония"
        },
        {
            "source": "гидрохлоротиазид",
            "target": "острый респираторный дистресс-синдром"
        },
        {
            "source": "гидрохлоротиазид",
            "target": "кожный сыпь"
        },
        {
            "source": "гидрохлоротиазид",
            "target": "кожный зуд"
        },
        {
            "source": "гидрохлоротиазид",
            "target": "фоточувствительность"
        },
        {
            "source": "гидрохлоротиазид",
            "target": "интерстициальный нефрит"
        },
        {
            "source": "гидрохлоротиазид",
            "target": "снижение потенция"
        },
        {
            "source": "гидрохлоротиазид",
            "target": "желудочковый аритмия"
        },
        {
            "source": "гидрохлоротиазид",
            "target": "риск развитие полиморфный желудочковый тахикардия тип «пируэт»"
        },
        {
            "source": "гидрохлоротиазид",
            "target": "токсичность"
        },
        {
            "source": "гидрохлоротиазид",
            "target": "потенцирование"
        },
        {
            "source": "гидрохлоротиазид",
            "target": "симптоматический артериальный гипотензия"
        },
        {
            "source": "гидрохлоротиазид",
            "target": "развитие острый почечный недостаточность"
        },
        {
            "source": "гидрохлоротиазид",
            "target": "токсический действие"
        },
        {
            "source": "гидрохлоротиазид",
            "target": "на центральный нервный система"
        },
        {
            "source": "гидрохлоротиазид",
            "target": "лактоацидоз"
        },
        {
            "source": "гидрохлоротиазид",
            "target": "концентрация мочевой кислота в сыворотка кровь"
        },
        {
            "source": "гидрохлоротиазид",
            "target": "реакция гиперчувствительность"
        },
        {
            "source": "гидрохлоротиазид",
            "target": "миелосупрессивный действие"
        },
        {
            "source": "гидрохлоротиазид",
            "target": "острый почечный недостаточность"
        },
        {
            "source": "гидрохлоротиазид",
            "target": "блокировать реабсорбция ион натрий и хлор в начало почечный каналец"
        },
        {
            "source": "гидрохлоротиазид",
            "target": "снижать экскреция ион кальций с моча"
        },
        {
            "source": "гидрохлоротиазид",
            "target": "увеличивать экскреция ион магний"
        },
        {
            "source": "гидрохлоротиазид",
            "target": "снижать экскреция мочевой кислота почка"
        },
        {
            "source": "гидрохлоротиазид",
            "target": "желудочный-кишечный тракт"
        },
        {
            "source": "гидрохлоротиазид",
            "target": "белок плазма кровь"
        },
        {
            "source": "гидрохлоротиазид",
            "target": "почка"
        },
        {
            "source": "гидрохлоротиазид",
            "target": "усиление выведение ион бикарбонат"
        },
        {
            "source": "гидрохлоротиазид",
            "target": "гипергликемия"
        },
        {
            "source": "гидрохлоротиазид",
            "target": "повышение концентрация холестерин или триглицерид"
        },
        {
            "source": "гипонатриемия",
            "target": "брадикардия"
        },
        {
            "source": "гипонатриемия",
            "target": "боль в верхний отдел живот"
        },
        {
            "source": "гипонатриемия",
            "target": "снижение аппетит"
        },
        {
            "source": "гипонатриемия",
            "target": "диарея"
        },
        {
            "source": "гипонатриемия",
            "target": "запор"
        },
        {
            "source": "гипонатриемия",
            "target": "тошнота"
        },
        {
            "source": "гипонатриемия",
            "target": "панкреатит"
        },
        {
            "source": "гипонатриемия",
            "target": "сиалоаденит"
        },
        {
            "source": "гипонатриемия",
            "target": "мышечный слабость"
        },
        {
            "source": "гипонатриемия",
            "target": "усталость"
        },
        {
            "source": "желудочковый аритмия",
            "target": "полиморфный желудочковый тахикардия тип «пируэт»"
        },
        {
            "source": "увеличивать выведение ион натрий и хлор",
            "target": "выведение вода из организм"
        },
        {
            "source": "увеличивать выведение ион натрий и хлор",
            "target": "гипонатриемия"
        },
        {
            "source": "увеличивать выведение ион натрий и хлор",
            "target": "гипохлоремический алкалоз"
        },
        {
            "source": "выведение вода из организм",
            "target": "мочегонное действие"
        },
        {
            "source": "мочегонное действие",
            "target": "уменьшаться объём циркулировать жидкость"
        },
        {
            "source": "уменьшаться объём циркулировать жидкость",
            "target": "увеличиваться активность ренин и содержание альдостерон"
        },
        {
            "source": "уменьшаться объём циркулировать жидкость",
            "target": "антигипертензивный действие"
        },
        {
            "source": "уменьшаться объём циркулировать жидкость",
            "target": "дегидратация"
        },
        {
            "source": "увеличиваться активность ренин и содержание альдостерон",
            "target": "увеличение экскреция ион калий с моча и снижение содержание калий в кровь"
        },
        {
            "source": "увеличение экскреция ион калий с моча и снижение содержание калий в кровь",
            "target": "гипокалиемия"
        },
        {
            "source": "гипокалиемия",
            "target": "гипергликемия"
        },
        {
            "source": "гипокалиемия",
            "target": "повышение концентрация холестерин или триглицерид"
        },
        {
            "source": "гипокалиемия",
            "target": "брадикардия"
        },
        {
            "source": "гипокалиемия",
            "target": "боль в верхний отдел живот"
        },
        {
            "source": "гипокалиемия",
            "target": "снижение аппетит"
        },
        {
            "source": "гипокалиемия",
            "target": "диарея"
        },
        {
            "source": "гипокалиемия",
            "target": "запор"
        },
        {
            "source": "гипокалиемия",
            "target": "тошнота"
        },
        {
            "source": "гипокалиемия",
            "target": "панкреатит"
        },
        {
            "source": "гипокалиемия",
            "target": "сиалоаденит"
        },
        {
            "source": "гипокалиемия",
            "target": "желтуха"
        },
        {
            "source": "гипокалиемия",
            "target": "холецистит"
        },
        {
            "source": "гипокалиемия",
            "target": "мышечный слабость"
        },
        {
            "source": "гипокалиемия",
            "target": "усталость"
        },
        {
            "source": "антигипертензивный действие",
            "target": "ортостатический гипотензия"
        },
        {
            "source": "увеличивать экскреция ион магний",
            "target": "гипомагниемия"
        },
        {
            "source": "снижать экскреция ион кальций с моча",
            "target": "гиперкальциемия"
        },
        {
            "source": "снижать экскреция мочевой кислота почка",
            "target": "гиперурикемия"
        },
        {
            "source": "гипомагниемия",
            "target": "боль в верхний отдел живот"
        },
        {
            "source": "усиление выведение ион бикарбонат",
            "target": "уменьшать активность карбоангидраза"
        },
        {
            "source": "гиперурикемия",
            "target": "обострение подагра"
        },
        {
            "source": "гипергликемия",
            "target": "глюкозурия у пациент с сахарный диабет"
        },
        {
            "source": "гипергликемия",
            "target": "снижение толерантность к глюкоза"
        },
        {
            "source": "гипергликемия",
            "target": "повышение концентрация холестерин или триглицерид"
        },
        {
            "source": "снижение аппетит",
            "target": "анорексия"
        },
        {
            "source": "тошнота",
            "target": "рвота"
        },
        {
            "source": "дегидратация",
            "target": "жажда"
        }
    ],
    "name": [
        "гидрохлоротиазид"
    ]
}