{
    "directed": true,
    "multigraph": false,
    "graph": {},
    "nodes": [
        {
            "label": "prepare",
            "weight": 5,
            "id": "диакарба"
        },
        {
            "label": "side_e",
            "weight": 5,
            "id": "апластический анемия"
        },
        {
            "label": "side_e",
            "weight": 5,
            "id": "тромбоцитопения"
        },
        {
            "label": "side_e",
            "weight": 5,
            "id": "агранулоцитоз"
        },
        {
            "label": "side_e",
            "weight": 5,
            "id": "лейкопения"
        },
        {
            "label": "side_e",
            "weight": 5,
            "id": "тромбоцитопенический пурпур"
        },
        {
            "label": "side_e",
            "weight": 5,
            "id": "миелосупрессия"
        },
        {
            "label": "side_e",
            "weight": 5,
            "id": "панцитопения"
        },
        {
            "label": "side_e",
            "weight": 5,
            "id": "анафилактический реакция"
        },
        {
            "label": "side_e",
            "weight": 5,
            "id": "снижение аппетит"
        },
        {
            "label": "side_e",
            "weight": 5,
            "id": "нарушение вкус"
        },
        {
            "label": "side_e",
            "weight": 5,
            "id": "метаболический ацидоз"
        },
        {
            "label": "side_e",
            "weight": 5,
            "id": "депрессия"
        },
        {
            "label": "side_e",
            "weight": 5,
            "id": "раздражительность"
        },
        {
            "label": "side_e",
            "weight": 5,
            "id": "возбуждение"
        },
        {
            "label": "side_e",
            "weight": 5,
            "id": "спутанность сознание"
        },
        {
            "label": "side_e",
            "weight": 5,
            "id": "дезориентация"
        },
        {
            "label": "side_e",
            "weight": 5,
            "id": "головокружение"
        },
        {
            "label": "side_e",
            "weight": 5,
            "id": "парестезия"
        },
        {
            "label": "side_e",
            "weight": 5,
            "id": "ощущение покалывание в конечность"
        },
        {
            "label": "side_e",
            "weight": 5,
            "id": "прилив"
        },
        {
            "label": "side_e",
            "weight": 5,
            "id": "головной боль"
        },
        {
            "label": "side_e",
            "weight": 5,
            "id": "сонливость"
        },
        {
            "label": "side_e",
            "weight": 5,
            "id": "периферический парез"
        },
        {
            "label": "side_e",
            "weight": 5,
            "id": "атаксия"
        },
        {
            "label": "side_e",
            "weight": 5,
            "id": "транзиторный миопия"
        },
        {
            "label": "side_e",
            "weight": 5,
            "id": "хориоидальный выпот"
        },
        {
            "label": "side_e",
            "weight": 5,
            "id": "отслойка сосудистый оболочка глаз"
        },
        {
            "label": "side_e",
            "weight": 5,
            "id": "нарушение слух"
        },
        {
            "label": "side_e",
            "weight": 5,
            "id": "звон в ухо"
        },
        {
            "label": "side_e",
            "weight": 5,
            "id": "тошнота"
        },
        {
            "label": "side_e",
            "weight": 5,
            "id": "рвота"
        },
        {
            "label": "side_e",
            "weight": 5,
            "id": "диарея"
        },
        {
            "label": "side_e",
            "weight": 5,
            "id": "мелить"
        },
        {
            "label": "side_e",
            "weight": 5,
            "id": "сухость в рот"
        },
        {
            "label": "side_e",
            "weight": 5,
            "id": "дисгевзия"
        },
        {
            "label": "side_e",
            "weight": 5,
            "id": "фульминантный некроз печень"
        },
        {
            "label": "side_e",
            "weight": 5,
            "id": "нарушение функция печень"
        },
        {
            "label": "side_e",
            "weight": 5,
            "id": "гепатит"
        },
        {
            "label": "side_e",
            "weight": 5,
            "id": "холестатический желтуха"
        },
        {
            "label": "side_e",
            "weight": 5,
            "id": "печёночный недостаточность"
        },
        {
            "label": "side_e",
            "weight": 5,
            "id": "печёночный колика"
        },
        {
            "label": "side_e",
            "weight": 5,
            "id": "фотосенсибилизация"
        },
        {
            "label": "side_e",
            "weight": 5,
            "id": "кожный зуд"
        },
        {
            "label": "side_e",
            "weight": 5,
            "id": "кожный сыпь"
        },
        {
            "label": "side_e",
            "weight": 5,
            "id": "многоформный эритема"
        },
        {
            "label": "side_e",
            "weight": 5,
            "id": "синдром стивенса6 джонсон"
        },
        {
            "label": "side_e",
            "weight": 5,
            "id": "токсический эпидермальный некролиз"
        },
        {
            "label": "side_e",
            "weight": 5,
            "id": "крапивница"
        },
        {
            "label": "side_e",
            "weight": 5,
            "id": "острый генерализ ованный экзантематозный пустулёз"
        },
        {
            "label": "side_e",
            "weight": 5,
            "id": "артралгия"
        },
        {
            "label": "side_e",
            "weight": 5,
            "id": "образование конкремент в почка"
        },
        {
            "label": "side_e",
            "weight": 5,
            "id": "кристаллурия"
        },
        {
            "label": "side_e",
            "weight": 5,
            "id": "почечный и мочеточниковый колика"
        },
        {
            "label": "side_e",
            "weight": 5,
            "id": "поражение почка"
        },
        {
            "label": "side_e",
            "weight": 5,
            "id": "полиурия"
        },
        {
            "label": "side_e",
            "weight": 5,
            "id": "гематурия"
        },
        {
            "label": "side_e",
            "weight": 5,
            "id": "почечный недостаточность"
        },
        {
            "label": "side_e",
            "weight": 5,
            "id": "снижение либидо"
        },
        {
            "label": "side_e",
            "weight": 5,
            "id": "усталость"
        },
        {
            "label": "side_e",
            "weight": 5,
            "id": "лихорадка"
        },
        {
            "label": "side_e",
            "weight": 5,
            "id": "слабость"
        },
        {
            "label": "side_e",
            "weight": 5,
            "id": "тяжёлый метаболический ацидоз"
        },
        {
            "label": "side_e",
            "weight": 5,
            "id": "повышение токсичность для центральный нервный система"
        },
        {
            "label": "side_e",
            "weight": 5,
            "id": "тяжёлый остеомаляция"
        },
        {
            "label": "side_e",
            "weight": 5,
            "id": "развитие электролитный нары ушение"
        },
        {
            "label": "side_e",
            "weight": 5,
            "id": "дегидратация"
        },
        {
            "label": "side_e",
            "weight": 5,
            "id": "брадикардия"
        },
        {
            "label": "side_e",
            "weight": 5,
            "id": "формирование камень в почка"
        },
        {
            "label": "side_e",
            "weight": 5,
            "id": "риск образование конкрементов в моча"
        },
        {
            "label": "side_e",
            "weight": 5,
            "id": "аритмия"
        },
        {
            "label": "prepare",
            "weight": 5,
            "id": "ацетазоламид"
        },
        {
            "label": "group",
            "weight": 5,
            "id": "диуретическое средство"
        },
        {
            "label": "group",
            "weight": 5,
            "id": "ингибитор карбоангидраза"
        },
        {
            "label": "mechanism",
            "weight": 5,
            "id": "ингибирование карбоангидраза"
        },
        {
            "label": "action",
            "weight": 5,
            "id": "уменьшение образование ион бикарбонат"
        },
        {
            "label": "action",
            "weight": 5,
            "id": "уменьшать градиентный фильтрация плазма в полость желудочек мозг"
        },
        {
            "label": "action",
            "weight": 5,
            "id": "уменьшение образование угольный кислота"
        },
        {
            "label": "side_e",
            "weight": 5,
            "id": "электролитный нарушение"
        },
        {
            "label": "action",
            "weight": 5,
            "id": "увеличение выделение вода"
        },
        {
            "label": "action",
            "weight": 5,
            "id": "повышать экскреции гидрокабонат"
        },
        {
            "label": "action",
            "weight": 5,
            "id": "вызывает выведение"
        },
        {
            "label": "action",
            "weight": 5,
            "id": "метаболитический нарушение"
        },
        {
            "label": "side_e",
            "weight": 5,
            "id": "судорога"
        },
        {
            "label": "action",
            "weight": 5,
            "id": "увеличивать позитивный ионный градиент"
        },
        {
            "label": "side_e",
            "weight": 5,
            "id": "жажда"
        },
        {
            "label": "side_e",
            "weight": 5,
            "id": "гипокалиемия"
        },
        {
            "label": "side_e",
            "weight": 5,
            "id": "гипонатриемия"
        },
        {
            "label": "side_e",
            "weight": 5,
            "id": "глюкозурия"
        },
        {
            "label": "action",
            "weight": 5,
            "id": "понижать избыточный отрицательный заряд"
        },
        {
            "label": "action",
            "weight": 5,
            "id": "снижение градиентный фильтрация плазма в полость желудочек мозг"
        },
        {
            "label": "action",
            "weight": 5,
            "id": "снижение секреция водянистый влага передний камера глаза"
        },
        {
            "label": "action",
            "weight": 5,
            "id": "снижение внутриглазный давление"
        },
        {
            "label": "exctretion",
            "weight": 5,
            "id": "почка"
        },
        {
            "label": "action",
            "weight": 5,
            "id": "тормозить патологический возбуждеие"
        },
        {
            "label": "action",
            "weight": 5,
            "id": "снижение транспорт натрий внутрь клетка реснитчатый тело"
        },
        {
            "label": "action",
            "weight": 5,
            "id": "снижение транспорт натрий внутрь клетка эпендимоцит сосудистый сплетение"
        },
        {
            "label": "action",
            "weight": 5,
            "id": "снижение транспорт натрий внутрь клетка проксимальный отдел нефрон"
        },
        {
            "label": "action",
            "weight": 5,
            "id": "снижение транспорт натрий внутрь клетка нервный клетка мозг"
        },
        {
            "label": "action",
            "weight": 5,
            "id": "вызывает выведение кальций"
        },
        {
            "label": "action",
            "weight": 5,
            "id": "вызывает выведение фосфат"
        },
        {
            "label": "action",
            "weight": 5,
            "id": "вызывает выведение магний"
        },
        {
            "label": "absorbtion",
            "weight": 5,
            "id": "жкт почка"
        },
        {
            "label": "absorbtion",
            "weight": 5,
            "id": "жкт эритроциты"
        },
        {
            "label": "absorbtion",
            "weight": 5,
            "id": "жкт плазма"
        },
        {
            "label": "action",
            "weight": 5,
            "id": "снижение реабсорбция эпителий каналец бикарбонат"
        },
        {
            "label": "action",
            "weight": 5,
            "id": "снижение реабсорбция эпителий каналец ион натрий"
        }
    ],
    "links": [
        {
            "source": "ацетазоламид",
            "target": "апластический анемия"
        },
        {
            "source": "ацетазоламид",
            "target": "тромбоцитопения"
        },
        {
            "source": "ацетазоламид",
            "target": "агранулоцитоз"
        },
        {
            "source": "ацетазоламид",
            "target": "лейкопения"
        },
        {
            "source": "ацетазоламид",
            "target": "тромбоцитопенический пурпур"
        },
        {
            "source": "ацетазоламид",
            "target": "миелосупрессия"
        },
        {
            "source": "ацетазоламид",
            "target": "панцитопения"
        },
        {
            "source": "ацетазоламид",
            "target": "анафилактический реакция"
        },
        {
            "source": "ацетазоламид",
            "target": "снижение аппетит"
        },
        {
            "source": "ацетазоламид",
            "target": "нарушение вкус"
        },
        {
            "source": "ацетазоламид",
            "target": "метаболический ацидоз"
        },
        {
            "source": "ацетазоламид",
            "target": "депрессия"
        },
        {
            "source": "ацетазоламид",
            "target": "раздражительность"
        },
        {
            "source": "ацетазоламид",
            "target": "возбуждение"
        },
        {
            "source": "ацетазоламид",
            "target": "спутанность сознание"
        },
        {
            "source": "ацетазоламид",
            "target": "дезориентация"
        },
        {
            "source": "ацетазоламид",
            "target": "головокружение"
        },
        {
            "source": "ацетазоламид",
            "target": "парестезия"
        },
        {
            "source": "ацетазоламид",
            "target": "ощущение покалывание в конечность"
        },
        {
            "source": "ацетазоламид",
            "target": "прилив"
        },
        {
            "source": "ацетазоламид",
            "target": "головной боль"
        },
        {
            "source": "ацетазоламид",
            "target": "сонливость"
        },
        {
            "source": "ацетазоламид",
            "target": "периферический парез"
        },
        {
            "source": "ацетазоламид",
            "target": "атаксия"
        },
        {
            "source": "ацетазоламид",
            "target": "транзиторный миопия"
        },
        {
            "source": "ацетазоламид",
            "target": "хориоидальный выпот"
        },
        {
            "source": "ацетазоламид",
            "target": "отслойка сосудистый оболочка глаз"
        },
        {
            "source": "ацетазоламид",
            "target": "нарушение слух"
        },
        {
            "source": "ацетазоламид",
            "target": "звон в ухо"
        },
        {
            "source": "ацетазоламид",
            "target": "тошнота"
        },
        {
            "source": "ацетазоламид",
            "target": "рвота"
        },
        {
            "source": "ацетазоламид",
            "target": "диарея"
        },
        {
            "source": "ацетазоламид",
            "target": "мелить"
        },
        {
            "source": "ацетазоламид",
            "target": "сухость в рот"
        },
        {
            "source": "ацетазоламид",
            "target": "дисгевзия"
        },
        {
            "source": "ацетазоламид",
            "target": "фульминантный некроз печень"
        },
        {
            "source": "ацетазоламид",
            "target": "нарушение функция печень"
        },
        {
            "source": "ацетазоламид",
            "target": "гепатит"
        },
        {
            "source": "ацетазоламид",
            "target": "холестатический желтуха"
        },
        {
            "source": "ацетазоламид",
            "target": "печёночный недостаточность"
        },
        {
            "source": "ацетазоламид",
            "target": "печёночный колика"
        },
        {
            "source": "ацетазоламид",
            "target": "фотосенсибилизация"
        },
        {
            "source": "ацетазоламид",
            "target": "кожный зуд"
        },
        {
            "source": "ацетазоламид",
            "target": "кожный сыпь"
        },
        {
            "source": "ацетазоламид",
            "target": "многоформный эритема"
        },
        {
            "source": "ацетазоламид",
            "target": "синдром стивенса6 джонсон"
        },
        {
            "source": "ацетазоламид",
            "target": "токсический эпидермальный некролиз"
        },
        {
            "source": "ацетазоламид",
            "target": "крапивница"
        },
        {
            "source": "ацетазоламид",
            "target": "острый генерализ ованный экзантематозный пустулёз"
        },
        {
            "source": "ацетазоламид",
            "target": "артралгия"
        },
        {
            "source": "ацетазоламид",
            "target": "образование конкремент в почка"
        },
        {
            "source": "ацетазоламид",
            "target": "кристаллурия"
        },
        {
            "source": "ацетазоламид",
            "target": "почечный и мочеточниковый колика"
        },
        {
            "source": "ацетазоламид",
            "target": "поражение почка"
        },
        {
            "source": "ацетазоламид",
            "target": "полиурия"
        },
        {
            "source": "ацетазоламид",
            "target": "гематурия"
        },
        {
            "source": "ацетазоламид",
            "target": "почечный недостаточность"
        },
        {
            "source": "ацетазоламид",
            "target": "снижение либидо"
        },
        {
            "source": "ацетазоламид",
            "target": "усталость"
        },
        {
            "source": "ацетазоламид",
            "target": "лихорадка"
        },
        {
            "source": "ацетазоламид",
            "target": "слабость"
        },
        {
            "source": "ацетазоламид",
            "target": "тяжёлый метаболический ацидоз"
        },
        {
            "source": "ацетазоламид",
            "target": "повышение токсичность для центральный нервный система"
        },
        {
            "source": "ацетазоламид",
            "target": "тяжёлый остеомаляция"
        },
        {
            "source": "ацетазоламид",
            "target": "развитие электролитный нары ушение"
        },
        {
            "source": "ацетазоламид",
            "target": "дегидратация"
        },
        {
            "source": "ацетазоламид",
            "target": "брадикардия"
        },
        {
            "source": "ацетазоламид",
            "target": "формирование камень в почка"
        },
        {
            "source": "ацетазоламид",
            "target": "риск образование конкрементов в моча"
        },
        {
            "source": "ацетазоламид",
            "target": "аритмия"
        },
        {
            "source": "ацетазоламид",
            "target": "ингибирование карбоангидраза"
        },
        {
            "source": "ацетазоламид",
            "target": "почка"
        },
        {
            "source": "ацетазоламид",
            "target": "жкт почка"
        },
        {
            "source": "ацетазоламид",
            "target": "жкт эритроциты"
        },
        {
            "source": "ацетазоламид",
            "target": "жкт плазма"
        },
        {
            "source": "диуретическое средство",
            "target": "ингибитор карбоангидраза"
        },
        {
            "source": "ингибитор карбоангидраза",
            "target": "ацетазоламид"
        },
        {
            "source": "ингибирование карбоангидраза",
            "target": "уменьшение образование ион бикарбонат"
        },
        {
            "source": "уменьшение образование ион бикарбонат",
            "target": "снижение транспорт натрий внутрь клетка реснитчатый тело"
        },
        {
            "source": "уменьшение образование ион бикарбонат",
            "target": "снижение транспорт натрий внутрь клетка эпендимоцит сосудистый сплетение"
        },
        {
            "source": "уменьшение образование ион бикарбонат",
            "target": "снижение транспорт натрий внутрь клетка проксимальный отдел нефрон"
        },
        {
            "source": "уменьшение образование ион бикарбонат",
            "target": "снижение транспорт натрий внутрь клетка нервный клетка мозг"
        },
        {
            "source": "уменьшение образование угольный кислота",
            "target": "увеличивать позитивный ионный градиент"
        },
        {
            "source": "уменьшение образование угольный кислота",
            "target": "снижение реабсорбция эпителий каналец бикарбонат"
        },
        {
            "source": "уменьшение образование угольный кислота",
            "target": "снижение реабсорбция эпителий каналец ион натрий"
        },
        {
            "source": "увеличение выделение вода",
            "target": "вызывает выведение"
        },
        {
            "source": "увеличение выделение вода",
            "target": "жажда"
        },
        {
            "source": "увеличение выделение вода",
            "target": "глюкозурия"
        },
        {
            "source": "увеличение выделение вода",
            "target": "гипокалиемия"
        },
        {
            "source": "увеличение выделение вода",
            "target": "гипонатриемия"
        },
        {
            "source": "увеличение выделение вода",
            "target": "вызывает выведение кальций"
        },
        {
            "source": "увеличение выделение вода",
            "target": "вызывает выведение фосфат"
        },
        {
            "source": "увеличение выделение вода",
            "target": "вызывает выведение магний"
        },
        {
            "source": "вызывает выведение",
            "target": "метаболитический нарушение"
        },
        {
            "source": "увеличивать позитивный ионный градиент",
            "target": "снижение секреция водянистый влага передний камера глаза"
        },
        {
            "source": "понижать избыточный отрицательный заряд",
            "target": "снижение градиентный фильтрация плазма в полость желудочек мозг"
        },
        {
            "source": "понижать избыточный отрицательный заряд",
            "target": "уменьшать градиентный фильтрация плазма в полость желудочек мозг"
        },
        {
            "source": "снижение секреция водянистый влага передний камера глаза",
            "target": "снижение внутриглазный давление"
        },
        {
            "source": "снижение транспорт натрий внутрь клетка реснитчатый тело",
            "target": "уменьшение образование угольный кислота"
        },
        {
            "source": "снижение транспорт натрий внутрь клетка эпендимоцит сосудистый сплетение",
            "target": "понижать избыточный отрицательный заряд"
        },
        {
            "source": "снижение транспорт натрий внутрь клетка проксимальный отдел нефрон",
            "target": "уменьшение образование угольный кислота"
        },
        {
            "source": "снижение транспорт натрий внутрь клетка нервный клетка мозг",
            "target": "тормозить патологический возбуждеие"
        },
        {
            "source": "вызывает выведение кальций",
            "target": "судорога"
        },
        {
            "source": "вызывает выведение магний",
            "target": "судорога"
        },
        {
            "source": "снижение реабсорбция эпителий каналец бикарбонат",
            "target": "электролитный нарушение"
        },
        {
            "source": "снижение реабсорбция эпителий каналец бикарбонат",
            "target": "повышать экскреции гидрокабонат"
        },
        {
            "source": "снижение реабсорбция эпителий каналец ион натрий",
            "target": "электролитный нарушение"
        },
        {
            "source": "снижение реабсорбция эпителий каналец ион натрий",
            "target": "увеличение выделение вода"
        }
    ],
    "name": [
        "ацетазоламид"
    ]
}