{
    "directed": true,
    "multigraph": false,
    "graph": {},
    "nodes": [
        {
            "label": "side_e",
            "weight": 5,
            "id": "гемостаз"
        },
        {
            "label": "side_e",
            "weight": 5,
            "id": "некроз ткань"
        },
        {
            "label": "prepare",
            "weight": 5,
            "id": "норэпинефрин"
        },
        {
            "label": "excretion",
            "weight": 5,
            "id": "моча"
        },
        {
            "label": "side_e",
            "weight": 5,
            "id": "аллергический реакция"
        },
        {
            "label": "side_e",
            "weight": 5,
            "id": "психотический состояние"
        },
        {
            "label": "side_e",
            "weight": 5,
            "id": "спутанность сознание"
        },
        {
            "label": "side_e",
            "weight": 5,
            "id": "снижение внимание"
        },
        {
            "label": "side_e",
            "weight": 5,
            "id": "цефалгия"
        },
        {
            "label": "side_e",
            "weight": 5,
            "id": "острый глаукома"
        },
        {
            "label": "side_e",
            "weight": 5,
            "id": "аритмия"
        },
        {
            "label": "side_e",
            "weight": 5,
            "id": "гипоксия ткань"
        },
        {
            "label": "side_e",
            "weight": 5,
            "id": "ишемический нарушение"
        },
        {
            "label": "side_e",
            "weight": 5,
            "id": "боль в область грудина и средостение"
        },
        {
            "label": "side_e",
            "weight": 5,
            "id": "дыхательный недостаточность"
        },
        {
            "label": "side_e",
            "weight": 5,
            "id": "задержка мочеиспускание"
        },
        {
            "label": "side_e",
            "weight": 5,
            "id": "слабость"
        },
        {
            "label": "side_e",
            "weight": 5,
            "id": "озноб"
        },
        {
            "label": "side_e",
            "weight": 5,
            "id": "раздражение в место введение"
        },
        {
            "label": "side_e",
            "weight": 5,
            "id": "развитие некроз"
        },
        {
            "label": "side_e",
            "weight": 5,
            "id": "охлаждение конечность"
        },
        {
            "label": "side_e",
            "weight": 5,
            "id": "тяжёлый периферический и висцеральный ангиоспазм"
        },
        {
            "label": "side_e",
            "weight": 5,
            "id": "снижение почечный кровоток"
        },
        {
            "label": "side_e",
            "weight": 5,
            "id": "увеличение концентрация лактат в сыворотка кровь"
        },
        {
            "label": "side_e",
            "weight": 5,
            "id": "олигурия"
        },
        {
            "label": "side_e",
            "weight": 5,
            "id": "повышение ад"
        },
        {
            "label": "side_e",
            "weight": 5,
            "id": "светобоязнь"
        },
        {
            "label": "side_e",
            "weight": 5,
            "id": "колющий загрудинный боль"
        },
        {
            "label": "side_e",
            "weight": 5,
            "id": "бледность кожный покров"
        },
        {
            "label": "side_e",
            "weight": 5,
            "id": "повышение потоотделение"
        },
        {
            "label": "side_e",
            "weight": 5,
            "id": "диспепсический явление"
        },
        {
            "label": "side_e",
            "weight": 5,
            "id": "желудочковый аритмия"
        },
        {
            "label": "group",
            "weight": 5,
            "id": "симпатомиметик"
        },
        {
            "label": "side_e",
            "weight": 5,
            "id": "фибрилляция желудочек"
        },
        {
            "label": "side_e",
            "weight": 5,
            "id": "усиление сердечнососудистый эффект"
        },
        {
            "label": "side_e",
            "weight": 5,
            "id": "прессорный действие"
        },
        {
            "label": "side_e",
            "weight": 5,
            "id": "выраженный артериальный гипертензия"
        },
        {
            "label": "side_e",
            "weight": 5,
            "id": "коронарный недостаточность"
        },
        {
            "label": "group",
            "weight": 5,
            "id": "средство для лечение заболевание сердце"
        },
        {
            "label": "group",
            "weight": 5,
            "id": "кардиотонические средства"
        },
        {
            "label": "group",
            "weight": 5,
            "id": "адренергический адренергический и дофаминергический средство"
        },
        {
            "label": "action",
            "weight": 5,
            "id": "вазоконстрикция"
        },
        {
            "label": "action",
            "weight": 5,
            "id": "расширять коронарный артерия"
        },
        {
            "label": "action",
            "weight": 5,
            "id": "положительный инотропный действие"
        },
        {
            "label": "action",
            "weight": 5,
            "id": "рефлекторный снижение частота сердечный сокращение"
        },
        {
            "label": "metabol",
            "weight": 5,
            "id": "печень"
        },
        {
            "label": "metabol",
            "weight": 5,
            "id": "катехол-О-метилтрансфераза"
        },
        {
            "label": "metabol",
            "weight": 5,
            "id": "моноаминоксидаза"
        },
        {
            "label": "side_e",
            "weight": 5,
            "id": "тахикардия"
        },
        {
            "label": "side_e",
            "weight": 5,
            "id": "брадикардия"
        },
        {
            "label": "side_e",
            "weight": 5,
            "id": "ощущение сердцебиение"
        },
        {
            "label": "side_e",
            "weight": 5,
            "id": "повышение сократительный способность сердечный мышца"
        },
        {
            "label": "side_e",
            "weight": 5,
            "id": "острый сердечный недостаточность"
        },
        {
            "label": "side_e",
            "weight": 5,
            "id": "головной боль"
        },
        {
            "label": "side_e",
            "weight": 5,
            "id": "тревога"
        },
        {
            "label": "side_e",
            "weight": 5,
            "id": "тремор"
        },
        {
            "label": "side_e",
            "weight": 5,
            "id": "одышка"
        },
        {
            "label": "side_e",
            "weight": 5,
            "id": "рвота"
        },
        {
            "label": "side_e",
            "weight": 5,
            "id": "анорексия"
        },
        {
            "label": "side_e",
            "weight": 5,
            "id": "артериальный гипертензия"
        },
        {
            "label": "side_e",
            "weight": 5,
            "id": "тошнота"
        },
        {
            "label": "side_e",
            "weight": 5,
            "id": "желудочковый тахикардия"
        },
        {
            "label": "side_e",
            "weight": 5,
            "id": "затруднение дыхание"
        },
        {
            "label": "side_e",
            "weight": 5,
            "id": "бессонница"
        },
        {
            "label": "mechanism",
            "weight": 5,
            "id": "стимулировать действие β-адренорецептор"
        },
        {
            "label": "action",
            "weight": 5,
            "id": "снижение кровоток почка"
        },
        {
            "label": "action",
            "weight": 5,
            "id": "снижение кровоток печень"
        },
        {
            "label": "action",
            "weight": 5,
            "id": "снижение кровоток кожа"
        },
        {
            "label": "action",
            "weight": 5,
            "id": "снижение кровоток гладкий мышца"
        },
        {
            "label": "action",
            "weight": 5,
            "id": "повышение артериальный давление"
        },
        {
            "label": "action",
            "weight": 5,
            "id": "повышение артериальный давление систолический"
        },
        {
            "label": "action",
            "weight": 5,
            "id": "повышение артериальный давление диастолический"
        },
        {
            "label": "action",
            "weight": 5,
            "id": "увеличение общий периферический сосудистый сопротивление"
        },
        {
            "label": "action",
            "weight": 5,
            "id": "увеличение коронарный кровоток"
        },
        {
            "label": "action",
            "weight": 5,
            "id": "увеличение центральный венозный давление"
        },
        {
            "label": "mechanism",
            "weight": 5,
            "id": "стимулировать действие α-адренорецептор периферический сосуд"
        },
        {
            "label": "mechanism",
            "weight": 5,
            "id": "стимулировать действие β-адренорецептор сердце"
        }
    ],
    "links": [
        {
            "source": "норэпинефрин",
            "target": "гемостаз"
        },
        {
            "source": "норэпинефрин",
            "target": "некроз ткань"
        },
        {
            "source": "норэпинефрин",
            "target": "аллергический реакция"
        },
        {
            "source": "норэпинефрин",
            "target": "психотический состояние"
        },
        {
            "source": "норэпинефрин",
            "target": "спутанность сознание"
        },
        {
            "source": "норэпинефрин",
            "target": "снижение внимание"
        },
        {
            "source": "норэпинефрин",
            "target": "цефалгия"
        },
        {
            "source": "норэпинефрин",
            "target": "острый глаукома"
        },
        {
            "source": "норэпинефрин",
            "target": "гипоксия ткань"
        },
        {
            "source": "норэпинефрин",
            "target": "ишемический нарушение"
        },
        {
            "source": "норэпинефрин",
            "target": "боль в область грудина и средостение"
        },
        {
            "source": "норэпинефрин",
            "target": "дыхательный недостаточность"
        },
        {
            "source": "норэпинефрин",
            "target": "задержка мочеиспускание"
        },
        {
            "source": "норэпинефрин",
            "target": "слабость"
        },
        {
            "source": "норэпинефрин",
            "target": "озноб"
        },
        {
            "source": "норэпинефрин",
            "target": "раздражение в место введение"
        },
        {
            "source": "норэпинефрин",
            "target": "развитие некроз"
        },
        {
            "source": "норэпинефрин",
            "target": "охлаждение конечность"
        },
        {
            "source": "норэпинефрин",
            "target": "тяжёлый периферический и висцеральный ангиоспазм"
        },
        {
            "source": "норэпинефрин",
            "target": "снижение почечный кровоток"
        },
        {
            "source": "норэпинефрин",
            "target": "увеличение концентрация лактат в сыворотка кровь"
        },
        {
            "source": "норэпинефрин",
            "target": "олигурия"
        },
        {
            "source": "норэпинефрин",
            "target": "повышение ад"
        },
        {
            "source": "норэпинефрин",
            "target": "светобоязнь"
        },
        {
            "source": "норэпинефрин",
            "target": "колющий загрудинный боль"
        },
        {
            "source": "норэпинефрин",
            "target": "бледность кожный покров"
        },
        {
            "source": "норэпинефрин",
            "target": "повышение потоотделение"
        },
        {
            "source": "норэпинефрин",
            "target": "диспепсический явление"
        },
        {
            "source": "норэпинефрин",
            "target": "желудочковый аритмия"
        },
        {
            "source": "норэпинефрин",
            "target": "фибрилляция желудочек"
        },
        {
            "source": "норэпинефрин",
            "target": "усиление сердечнососудистый эффект"
        },
        {
            "source": "норэпинефрин",
            "target": "прессорный действие"
        },
        {
            "source": "норэпинефрин",
            "target": "коронарный недостаточность"
        },
        {
            "source": "норэпинефрин",
            "target": "ощущение сердцебиение"
        },
        {
            "source": "норэпинефрин",
            "target": "тревога"
        },
        {
            "source": "норэпинефрин",
            "target": "одышка"
        },
        {
            "source": "норэпинефрин",
            "target": "затруднение дыхание"
        },
        {
            "source": "норэпинефрин",
            "target": "моча"
        },
        {
            "source": "норэпинефрин",
            "target": "печень"
        },
        {
            "source": "норэпинефрин",
            "target": "стимулировать действие β-адренорецептор"
        },
        {
            "source": "норэпинефрин",
            "target": "стимулировать действие α-адренорецептор периферический сосуд"
        },
        {
            "source": "норэпинефрин",
            "target": "стимулировать действие β-адренорецептор сердце"
        },
        {
            "source": "аритмия",
            "target": "брадикардия"
        },
        {
            "source": "средство для лечение заболевание сердце",
            "target": "кардиотонические средства"
        },
        {
            "source": "кардиотонические средства",
            "target": "адренергический адренергический и дофаминергический средство"
        },
        {
            "source": "адренергический адренергический и дофаминергический средство",
            "target": "норэпинефрин"
        },
        {
            "source": "вазоконстрикция",
            "target": "снижение кровоток почка"
        },
        {
            "source": "вазоконстрикция",
            "target": "снижение кровоток печень"
        },
        {
            "source": "вазоконстрикция",
            "target": "снижение кровоток кожа"
        },
        {
            "source": "вазоконстрикция",
            "target": "снижение кровоток гладкий мышца"
        },
        {
            "source": "вазоконстрикция",
            "target": "повышение артериальный давление"
        },
        {
            "source": "вазоконстрикция",
            "target": "повышение артериальный давление систолический"
        },
        {
            "source": "вазоконстрикция",
            "target": "повышение артериальный давление диастолический"
        },
        {
            "source": "вазоконстрикция",
            "target": "увеличение общий периферический сосудистый сопротивление"
        },
        {
            "source": "вазоконстрикция",
            "target": "увеличение коронарный кровоток"
        },
        {
            "source": "вазоконстрикция",
            "target": "увеличение центральный венозный давление"
        },
        {
            "source": "расширять коронарный артерия",
            "target": "тахикардия"
        },
        {
            "source": "положительный инотропный действие",
            "target": "аритмия"
        },
        {
            "source": "положительный инотропный действие",
            "target": "повышение сократительный способность сердечный мышца"
        },
        {
            "source": "положительный инотропный действие",
            "target": "повышение артериальный давление"
        },
        {
            "source": "положительный инотропный действие",
            "target": "повышение артериальный давление систолический"
        },
        {
            "source": "положительный инотропный действие",
            "target": "повышение артериальный давление диастолический"
        },
        {
            "source": "рефлекторный снижение частота сердечный сокращение",
            "target": "брадикардия"
        },
        {
            "source": "печень",
            "target": "катехол-О-метилтрансфераза"
        },
        {
            "source": "печень",
            "target": "моноаминоксидаза"
        },
        {
            "source": "тахикардия",
            "target": "желудочковый тахикардия"
        },
        {
            "source": "тахикардия",
            "target": "анорексия"
        },
        {
            "source": "брадикардия",
            "target": "острый сердечный недостаточность"
        },
        {
            "source": "тошнота",
            "target": "рвота"
        },
        {
            "source": "стимулировать действие β-адренорецептор",
            "target": "тремор"
        },
        {
            "source": "стимулировать действие β-адренорецептор",
            "target": "бессонница"
        },
        {
            "source": "повышение артериальный давление",
            "target": "тошнота"
        },
        {
            "source": "повышение артериальный давление",
            "target": "выраженный артериальный гипертензия"
        },
        {
            "source": "повышение артериальный давление систолический",
            "target": "рефлекторный снижение частота сердечный сокращение"
        },
        {
            "source": "повышение артериальный давление диастолический",
            "target": "рефлекторный снижение частота сердечный сокращение"
        },
        {
            "source": "увеличение общий периферический сосудистый сопротивление",
            "target": "артериальный гипертензия"
        },
        {
            "source": "увеличение общий периферический сосудистый сопротивление",
            "target": "головной боль"
        },
        {
            "source": "стимулировать действие α-адренорецептор периферический сосуд",
            "target": "вазоконстрикция"
        },
        {
            "source": "стимулировать действие β-адренорецептор сердце",
            "target": "положительный инотропный действие"
        },
        {
            "source": "стимулировать действие β-адренорецептор сердце",
            "target": "расширять коронарный артерия"
        }
    ],
    "name": [
        "норэпинефрин"
    ]
}