{
    "directed": true,
    "multigraph": false,
    "graph": {},
    "nodes": [
        {
            "label": "group",
            "weight": 5,
            "id": "ингибитор ангиотензинпревращать фермент (апф)"
        },
        {
            "label": "mechanism",
            "weight": 5,
            "id": "замедлять метаболизм брадикинин"
        },
        {
            "label": "action",
            "weight": 5,
            "id": "вазодилатировать действие"
        },
        {
            "label": "action",
            "weight": 5,
            "id": "антигипертензивное действие"
        },
        {
            "label": "metabol",
            "weight": 5,
            "id": "желудочный-кишечный тракт"
        },
        {
            "label": "metabol",
            "weight": 5,
            "id": "печень"
        },
        {
            "label": "excretion",
            "weight": 5,
            "id": "почка"
        },
        {
            "label": "prepare",
            "weight": 5,
            "id": "фозиноприл"
        },
        {
            "label": "prepare",
            "weight": 5,
            "id": "фозиноприлат"
        },
        {
            "label": "mechanism",
            "weight": 5,
            "id": "ингибитор ангиотензинпревращающать фермент"
        },
        {
            "label": "action",
            "weight": 5,
            "id": "снижение концентрация ангиотензин II в плазма кровь"
        },
        {
            "label": "mechanism",
            "weight": 5,
            "id": "снижение секреция альдостерон"
        },
        {
            "label": "action",
            "weight": 5,
            "id": "уменьшение вазопрессорный активность"
        },
        {
            "label": "action",
            "weight": 5,
            "id": "постнагрузка"
        },
        {
            "label": "action",
            "weight": 5,
            "id": "увеличение содержание ион калий в сыворотка"
        },
        {
            "label": "action",
            "weight": 5,
            "id": "торможение ренин-ангиотензин-альдостеронов система"
        },
        {
            "label": "side_e",
            "weight": 5,
            "id": "парестезия"
        },
        {
            "label": "side_e",
            "weight": 5,
            "id": "головокружение"
        },
        {
            "label": "side_e",
            "weight": 5,
            "id": "головная боль"
        },
        {
            "label": "side_e",
            "weight": 5,
            "id": "артериальный гипотензия"
        },
        {
            "label": "side_e",
            "weight": 5,
            "id": "обморок"
        },
        {
            "label": "side_e",
            "weight": 5,
            "id": "нарушение функция почка"
        },
        {
            "label": "side_e",
            "weight": 5,
            "id": "тахикардия"
        },
        {
            "label": "side_e",
            "weight": 5,
            "id": "выраженный снижение ад"
        },
        {
            "label": "side_e",
            "weight": 5,
            "id": "ортостатический гипотензия"
        },
        {
            "label": "side_e",
            "weight": 5,
            "id": "гиперкалиемия"
        },
        {
            "label": "side_e",
            "weight": 5,
            "id": "кашель"
        },
        {
            "label": "side_e",
            "weight": 5,
            "id": "инфекция верхний дыхательный путь"
        },
        {
            "label": "side_e",
            "weight": 5,
            "id": "фарингит"
        },
        {
            "label": "side_e",
            "weight": 5,
            "id": "ринит"
        },
        {
            "label": "side_e",
            "weight": 5,
            "id": "вирусный инфекция"
        },
        {
            "label": "side_e",
            "weight": 5,
            "id": "ларингит"
        },
        {
            "label": "side_e",
            "weight": 5,
            "id": "пневмония"
        },
        {
            "label": "side_e",
            "weight": 5,
            "id": "синусит"
        },
        {
            "label": "side_e",
            "weight": 5,
            "id": "трахеобронхит"
        },
        {
            "label": "side_e",
            "weight": 5,
            "id": "эозинофилия"
        },
        {
            "label": "side_e",
            "weight": 5,
            "id": "лейкопения"
        },
        {
            "label": "side_e",
            "weight": 5,
            "id": "нейтропения"
        },
        {
            "label": "side_e",
            "weight": 5,
            "id": "воспаление лимфатический узел"
        },
        {
            "label": "side_e",
            "weight": 5,
            "id": "обострение течение подагра"
        },
        {
            "label": "side_e",
            "weight": 5,
            "id": "расстройство аппетит"
        },
        {
            "label": "side_e",
            "weight": 5,
            "id": "колебание масса тело"
        },
        {
            "label": "side_e",
            "weight": 5,
            "id": "нарушение сна"
        },
        {
            "label": "side_e",
            "weight": 5,
            "id": "изменение настроения"
        },
        {
            "label": "side_e",
            "weight": 5,
            "id": "депрессия"
        },
        {
            "label": "side_e",
            "weight": 5,
            "id": "расстройство поведение"
        },
        {
            "label": "side_e",
            "weight": 5,
            "id": "спутанность сознания"
        },
        {
            "label": "side_e",
            "weight": 5,
            "id": "ишемический инсульт"
        },
        {
            "label": "side_e",
            "weight": 5,
            "id": "транзиторный ишемический атака"
        },
        {
            "label": "side_e",
            "weight": 5,
            "id": "тремор"
        },
        {
            "label": "side_e",
            "weight": 5,
            "id": "нарушение память"
        },
        {
            "label": "side_e",
            "weight": 5,
            "id": "нарушение способность поддерживать равновесие"
        },
        {
            "label": "side_e",
            "weight": 5,
            "id": "сонливость"
        },
        {
            "label": "side_e",
            "weight": 5,
            "id": "острый нарушение мозговой кровообращение"
        },
        {
            "label": "side_e",
            "weight": 5,
            "id": "нарушение зрения/зрительные расстройства"
        },
        {
            "label": "side_e",
            "weight": 5,
            "id": "шум в ухо"
        },
        {
            "label": "side_e",
            "weight": 5,
            "id": "нарушение вестибулярный аппарат"
        },
        {
            "label": "side_e",
            "weight": 5,
            "id": "ощущение сердцебиение"
        },
        {
            "label": "side_e",
            "weight": 5,
            "id": "аритмия"
        },
        {
            "label": "side_e",
            "weight": 5,
            "id": "стенокардия"
        },
        {
            "label": "side_e",
            "weight": 5,
            "id": "инфаркт миокард"
        },
        {
            "label": "side_e",
            "weight": 5,
            "id": "остановка сердце"
        },
        {
            "label": "side_e",
            "weight": 5,
            "id": "нарушение сердечный проводимость"
        },
        {
            "label": "side_e",
            "weight": 5,
            "id": "гипертонический криз"
        },
        {
            "label": "side_e",
            "weight": 5,
            "id": "шок"
        },
        {
            "label": "side_e",
            "weight": 5,
            "id": "«приливы» крови к коже лица"
        },
        {
            "label": "side_e",
            "weight": 5,
            "id": "кровоизлияние"
        },
        {
            "label": "side_e",
            "weight": 5,
            "id": "гипертензия"
        },
        {
            "label": "side_e",
            "weight": 5,
            "id": "заболевание периферический сосуд"
        },
        {
            "label": "side_e",
            "weight": 5,
            "id": "нарушение со сторона синусовый пазуха"
        },
        {
            "label": "side_e",
            "weight": 5,
            "id": "сухой кашель"
        },
        {
            "label": "side_e",
            "weight": 5,
            "id": "одышка"
        },
        {
            "label": "side_e",
            "weight": 5,
            "id": "бронхоспазм"
        },
        {
            "label": "side_e",
            "weight": 5,
            "id": "застой в легкий"
        },
        {
            "label": "side_e",
            "weight": 5,
            "id": "дисфония"
        },
        {
            "label": "side_e",
            "weight": 5,
            "id": "носовой кровотечение"
        },
        {
            "label": "side_e",
            "weight": 5,
            "id": "боль в область грудной клетка"
        },
        {
            "label": "side_e",
            "weight": 5,
            "id": "тошнота"
        },
        {
            "label": "side_e",
            "weight": 5,
            "id": "рвота"
        },
        {
            "label": "side_e",
            "weight": 5,
            "id": "диарея"
        },
        {
            "label": "side_e",
            "weight": 5,
            "id": "диспепсия"
        },
        {
            "label": "side_e",
            "weight": 5,
            "id": "боль в живот"
        },
        {
            "label": "side_e",
            "weight": 5,
            "id": "дисгевзия"
        },
        {
            "label": "side_e",
            "weight": 5,
            "id": "панкреатит"
        },
        {
            "label": "side_e",
            "weight": 5,
            "id": "отечность язык"
        },
        {
            "label": "side_e",
            "weight": 5,
            "id": "дисфагия"
        },
        {
            "label": "side_e",
            "weight": 5,
            "id": "вздутие живота"
        },
        {
            "label": "side_e",
            "weight": 5,
            "id": "нарушение со стороны полости рта"
        },
        {
            "label": "side_e",
            "weight": 5,
            "id": "запор"
        },
        {
            "label": "side_e",
            "weight": 5,
            "id": "метеоризм"
        },
        {
            "label": "side_e",
            "weight": 5,
            "id": "сухость в рот"
        },
        {
            "label": "side_e",
            "weight": 5,
            "id": "гепатит"
        },
        {
            "label": "side_e",
            "weight": 5,
            "id": "ангионевротический отек"
        },
        {
            "label": "side_e",
            "weight": 5,
            "id": "кожная сыпь"
        },
        {
            "label": "side_e",
            "weight": 5,
            "id": "повышенный потоотделение"
        },
        {
            "label": "side_e",
            "weight": 5,
            "id": "кровоизлияние в кожа"
        },
        {
            "label": "side_e",
            "weight": 5,
            "id": "кожный зуд"
        },
        {
            "label": "side_e",
            "weight": 5,
            "id": "дерматит"
        },
        {
            "label": "side_e",
            "weight": 5,
            "id": "скелетно-мышечный боль"
        },
        {
            "label": "side_e",
            "weight": 5,
            "id": "крапивница"
        },
        {
            "label": "side_e",
            "weight": 5,
            "id": "миалгия"
        },
        {
            "label": "side_e",
            "weight": 5,
            "id": "артрит"
        },
        {
            "label": "side_e",
            "weight": 5,
            "id": "мышечный слабость"
        },
        {
            "label": "side_e",
            "weight": 5,
            "id": "нарушение мочеиспускания"
        },
        {
            "label": "side_e",
            "weight": 5,
            "id": "сексуальный дисфункция"
        },
        {
            "label": "side_e",
            "weight": 5,
            "id": "развитие или усугубление симптом хронический почечный недостаточность"
        },
        {
            "label": "side_e",
            "weight": 5,
            "id": "нарушение со сторона предстательный железа"
        },
        {
            "label": "side_e",
            "weight": 5,
            "id": "повышенный утомляемость"
        },
        {
            "label": "side_e",
            "weight": 5,
            "id": "боль в грудной клетка"
        },
        {
            "label": "side_e",
            "weight": 5,
            "id": "отек"
        },
        {
            "label": "side_e",
            "weight": 5,
            "id": "периферический отек"
        },
        {
            "label": "side_e",
            "weight": 5,
            "id": "астения"
        },
        {
            "label": "side_e",
            "weight": 5,
            "id": "боль"
        },
        {
            "label": "side_e",
            "weight": 5,
            "id": "лихорадка"
        },
        {
            "label": "side_e",
            "weight": 5,
            "id": "повышение активность \"печеночный\" трансаминаз"
        },
        {
            "label": "side_e",
            "weight": 5,
            "id": "гипербилирубинемия"
        },
        {
            "label": "side_e",
            "weight": 5,
            "id": "гиперкреатининемия"
        },
        {
            "label": "side_e",
            "weight": 5,
            "id": "повышение концентрация мочевина"
        },
        {
            "label": "side_e",
            "weight": 5,
            "id": "гипонатриемия"
        },
        {
            "label": "side_e",
            "weight": 5,
            "id": "снижение гемоглобина и гематокрита"
        },
        {
            "label": "side_e",
            "weight": 5,
            "id": "повышение скорость оседание эритроцит"
        },
        {
            "label": "absorbtion",
            "weight": 5,
            "id": "желудочно-кишечный тракт"
        },
        {
            "label": "action",
            "weight": 5,
            "id": "снижение содержание ион натрий"
        },
        {
            "label": "action",
            "weight": 5,
            "id": "снижение содержание объем жидкость"
        },
        {
            "label": "action",
            "weight": 5,
            "id": "снижение миокард"
        },
        {
            "label": "side_e",
            "weight": 5,
            "id": "ощущение аритмия"
        },
        {
            "label": "action",
            "weight": 5,
            "id": "снижение миокард преднагрузка"
        }
    ],
    "links": [
        {
            "source": "ингибитор ангиотензинпревращать фермент (апф)",
            "target": "фозиноприл"
        },
        {
            "source": "замедлять метаболизм брадикинин",
            "target": "вазодилатировать действие"
        },
        {
            "source": "замедлять метаболизм брадикинин",
            "target": "кашель"
        },
        {
            "source": "вазодилатировать действие",
            "target": "антигипертензивное действие"
        },
        {
            "source": "вазодилатировать действие",
            "target": "ортостатический гипотензия"
        },
        {
            "source": "антигипертензивное действие",
            "target": "артериальный гипотензия"
        },
        {
            "source": "почка",
            "target": "нарушение функция почка"
        },
        {
            "source": "фозиноприл",
            "target": "тахикардия"
        },
        {
            "source": "фозиноприл",
            "target": "инфекция верхний дыхательный путь"
        },
        {
            "source": "фозиноприл",
            "target": "фарингит"
        },
        {
            "source": "фозиноприл",
            "target": "ринит"
        },
        {
            "source": "фозиноприл",
            "target": "вирусный инфекция"
        },
        {
            "source": "фозиноприл",
            "target": "ларингит"
        },
        {
            "source": "фозиноприл",
            "target": "пневмония"
        },
        {
            "source": "фозиноприл",
            "target": "синусит"
        },
        {
            "source": "фозиноприл",
            "target": "трахеобронхит"
        },
        {
            "source": "фозиноприл",
            "target": "эозинофилия"
        },
        {
            "source": "фозиноприл",
            "target": "лейкопения"
        },
        {
            "source": "фозиноприл",
            "target": "нейтропения"
        },
        {
            "source": "фозиноприл",
            "target": "воспаление лимфатический узел"
        },
        {
            "source": "фозиноприл",
            "target": "обострение течение подагра"
        },
        {
            "source": "фозиноприл",
            "target": "расстройство аппетит"
        },
        {
            "source": "фозиноприл",
            "target": "колебание масса тело"
        },
        {
            "source": "фозиноприл",
            "target": "нарушение сна"
        },
        {
            "source": "фозиноприл",
            "target": "изменение настроения"
        },
        {
            "source": "фозиноприл",
            "target": "депрессия"
        },
        {
            "source": "фозиноприл",
            "target": "расстройство поведение"
        },
        {
            "source": "фозиноприл",
            "target": "спутанность сознания"
        },
        {
            "source": "фозиноприл",
            "target": "ишемический инсульт"
        },
        {
            "source": "фозиноприл",
            "target": "транзиторный ишемический атака"
        },
        {
            "source": "фозиноприл",
            "target": "тремор"
        },
        {
            "source": "фозиноприл",
            "target": "нарушение память"
        },
        {
            "source": "фозиноприл",
            "target": "нарушение способность поддерживать равновесие"
        },
        {
            "source": "фозиноприл",
            "target": "сонливость"
        },
        {
            "source": "фозиноприл",
            "target": "острый нарушение мозговой кровообращение"
        },
        {
            "source": "фозиноприл",
            "target": "нарушение зрения/зрительные расстройства"
        },
        {
            "source": "фозиноприл",
            "target": "шум в ухо"
        },
        {
            "source": "фозиноприл",
            "target": "нарушение вестибулярный аппарат"
        },
        {
            "source": "фозиноприл",
            "target": "ощущение сердцебиение"
        },
        {
            "source": "фозиноприл",
            "target": "аритмия"
        },
        {
            "source": "фозиноприл",
            "target": "стенокардия"
        },
        {
            "source": "фозиноприл",
            "target": "инфаркт миокард"
        },
        {
            "source": "фозиноприл",
            "target": "остановка сердце"
        },
        {
            "source": "фозиноприл",
            "target": "нарушение сердечный проводимость"
        },
        {
            "source": "фозиноприл",
            "target": "гипертонический криз"
        },
        {
            "source": "фозиноприл",
            "target": "шок"
        },
        {
            "source": "фозиноприл",
            "target": "«приливы» крови к коже лица"
        },
        {
            "source": "фозиноприл",
            "target": "кровоизлияние"
        },
        {
            "source": "фозиноприл",
            "target": "гипертензия"
        },
        {
            "source": "фозиноприл",
            "target": "заболевание периферический сосуд"
        },
        {
            "source": "фозиноприл",
            "target": "нарушение со сторона синусовый пазуха"
        },
        {
            "source": "фозиноприл",
            "target": "сухой кашель"
        },
        {
            "source": "фозиноприл",
            "target": "одышка"
        },
        {
            "source": "фозиноприл",
            "target": "бронхоспазм"
        },
        {
            "source": "фозиноприл",
            "target": "застой в легкий"
        },
        {
            "source": "фозиноприл",
            "target": "дисфония"
        },
        {
            "source": "фозиноприл",
            "target": "носовой кровотечение"
        },
        {
            "source": "фозиноприл",
            "target": "боль в область грудной клетка"
        },
        {
            "source": "фозиноприл",
            "target": "тошнота"
        },
        {
            "source": "фозиноприл",
            "target": "рвота"
        },
        {
            "source": "фозиноприл",
            "target": "диарея"
        },
        {
            "source": "фозиноприл",
            "target": "диспепсия"
        },
        {
            "source": "фозиноприл",
            "target": "боль в живот"
        },
        {
            "source": "фозиноприл",
            "target": "дисгевзия"
        },
        {
            "source": "фозиноприл",
            "target": "панкреатит"
        },
        {
            "source": "фозиноприл",
            "target": "отечность язык"
        },
        {
            "source": "фозиноприл",
            "target": "дисфагия"
        },
        {
            "source": "фозиноприл",
            "target": "вздутие живота"
        },
        {
            "source": "фозиноприл",
            "target": "нарушение со стороны полости рта"
        },
        {
            "source": "фозиноприл",
            "target": "запор"
        },
        {
            "source": "фозиноприл",
            "target": "метеоризм"
        },
        {
            "source": "фозиноприл",
            "target": "сухость в рот"
        },
        {
            "source": "фозиноприл",
            "target": "гепатит"
        },
        {
            "source": "фозиноприл",
            "target": "ангионевротический отек"
        },
        {
            "source": "фозиноприл",
            "target": "кожная сыпь"
        },
        {
            "source": "фозиноприл",
            "target": "повышенный потоотделение"
        },
        {
            "source": "фозиноприл",
            "target": "кровоизлияние в кожа"
        },
        {
            "source": "фозиноприл",
            "target": "кожный зуд"
        },
        {
            "source": "фозиноприл",
            "target": "дерматит"
        },
        {
            "source": "фозиноприл",
            "target": "скелетно-мышечный боль"
        },
        {
            "source": "фозиноприл",
            "target": "крапивница"
        },
        {
            "source": "фозиноприл",
            "target": "миалгия"
        },
        {
            "source": "фозиноприл",
            "target": "артрит"
        },
        {
            "source": "фозиноприл",
            "target": "мышечный слабость"
        },
        {
            "source": "фозиноприл",
            "target": "нарушение мочеиспускания"
        },
        {
            "source": "фозиноприл",
            "target": "сексуальный дисфункция"
        },
        {
            "source": "фозиноприл",
            "target": "развитие или усугубление симптом хронический почечный недостаточность"
        },
        {
            "source": "фозиноприл",
            "target": "нарушение со сторона предстательный железа"
        },
        {
            "source": "фозиноприл",
            "target": "повышенный утомляемость"
        },
        {
            "source": "фозиноприл",
            "target": "боль в грудной клетка"
        },
        {
            "source": "фозиноприл",
            "target": "отек"
        },
        {
            "source": "фозиноприл",
            "target": "периферический отек"
        },
        {
            "source": "фозиноприл",
            "target": "астения"
        },
        {
            "source": "фозиноприл",
            "target": "боль"
        },
        {
            "source": "фозиноприл",
            "target": "лихорадка"
        },
        {
            "source": "фозиноприл",
            "target": "повышение активность \"печеночный\" трансаминаз"
        },
        {
            "source": "фозиноприл",
            "target": "гипербилирубинемия"
        },
        {
            "source": "фозиноприл",
            "target": "гиперкреатининемия"
        },
        {
            "source": "фозиноприл",
            "target": "повышение концентрация мочевина"
        },
        {
            "source": "фозиноприл",
            "target": "гипонатриемия"
        },
        {
            "source": "фозиноприл",
            "target": "снижение гемоглобина и гематокрита"
        },
        {
            "source": "фозиноприл",
            "target": "повышение скорость оседание эритроцит"
        },
        {
            "source": "фозиноприл",
            "target": "фозиноприлат"
        },
        {
            "source": "фозиноприлат",
            "target": "ингибитор ангиотензинпревращающать фермент"
        },
        {
            "source": "фозиноприлат",
            "target": "печень"
        },
        {
            "source": "фозиноприлат",
            "target": "почка"
        },
        {
            "source": "фозиноприлат",
            "target": "желудочный-кишечный тракт"
        },
        {
            "source": "фозиноприлат",
            "target": "желудочно-кишечный тракт"
        },
        {
            "source": "ингибитор ангиотензинпревращающать фермент",
            "target": "снижение концентрация ангиотензин II в плазма кровь"
        },
        {
            "source": "ингибитор ангиотензинпревращающать фермент",
            "target": "замедлять метаболизм брадикинин"
        },
        {
            "source": "ингибитор ангиотензинпревращающать фермент",
            "target": "снижение миокард"
        },
        {
            "source": "ингибитор ангиотензинпревращающать фермент",
            "target": "снижение миокард преднагрузка"
        },
        {
            "source": "снижение концентрация ангиотензин II в плазма кровь",
            "target": "снижение секреция альдостерон"
        },
        {
            "source": "снижение концентрация ангиотензин II в плазма кровь",
            "target": "торможение ренин-ангиотензин-альдостеронов система"
        },
        {
            "source": "снижение секреция альдостерон",
            "target": "увеличение содержание ион калий в сыворотка"
        },
        {
            "source": "снижение секреция альдостерон",
            "target": "снижение содержание ион натрий"
        },
        {
            "source": "снижение секреция альдостерон",
            "target": "снижение содержание объем жидкость"
        },
        {
            "source": "увеличение содержание ион калий в сыворотка",
            "target": "гиперкалиемия"
        },
        {
            "source": "торможение ренин-ангиотензин-альдостеронов система",
            "target": "уменьшение вазопрессорный активность"
        },
        {
            "source": "артериальный гипотензия",
            "target": "головокружение"
        },
        {
            "source": "артериальный гипотензия",
            "target": "парестезия"
        },
        {
            "source": "артериальный гипотензия",
            "target": "головная боль"
        },
        {
            "source": "артериальный гипотензия",
            "target": "обморок"
        },
        {
            "source": "артериальный гипотензия",
            "target": "выраженный снижение ад"
        },
        {
            "source": "артериальный гипотензия",
            "target": "ощущение сердцебиение"
        },
        {
            "source": "артериальный гипотензия",
            "target": "ощущение аритмия"
        },
        {
            "source": "снижение миокард",
            "target": "постнагрузка"
        }
    ],
    "name": [
        "фозиноприл"
    ]
}