{
    "directed": true,
    "multigraph": false,
    "graph": {},
    "nodes": [
        {
            "label": "prepare",
            "weight": 5,
            "id": "периндоприл"
        },
        {
            "label": "mechanism",
            "weight": 5,
            "id": "ингибитор апф"
        },
        {
            "label": "action",
            "weight": 5,
            "id": "уменьшать опсс"
        },
        {
            "label": "action",
            "weight": 5,
            "id": "периферический кровоток ускоряться без изменение частота сердечный сокращение (чсс)"
        },
        {
            "label": "noun",
            "weight": 5,
            "id": "активный метаболит"
        },
        {
            "label": "side_e",
            "weight": 5,
            "id": "гипокалиемия"
        },
        {
            "label": "excretion",
            "weight": 5,
            "id": "почка"
        },
        {
            "label": "side_e",
            "weight": 5,
            "id": "парестезия"
        },
        {
            "label": "side_e",
            "weight": 5,
            "id": "вертиго"
        },
        {
            "label": "side_e",
            "weight": 5,
            "id": "звон в ухо"
        },
        {
            "label": "side_e",
            "weight": 5,
            "id": "боль в живот"
        },
        {
            "label": "side_e",
            "weight": 5,
            "id": "запор"
        },
        {
            "label": "side_e",
            "weight": 5,
            "id": "диарея"
        },
        {
            "label": "side_e",
            "weight": 5,
            "id": "диспепсия"
        },
        {
            "label": "side_e",
            "weight": 5,
            "id": "рвота"
        },
        {
            "label": "side_e",
            "weight": 5,
            "id": "кожный зуд"
        },
        {
            "label": "side_e",
            "weight": 5,
            "id": "кожный сыпь"
        },
        {
            "label": "side_e",
            "weight": 5,
            "id": "спазм мышца"
        },
        {
            "label": "side_e",
            "weight": 5,
            "id": "астения"
        },
        {
            "label": "side_e",
            "weight": 5,
            "id": "агранулоцитоз"
        },
        {
            "label": "side_e",
            "weight": 5,
            "id": "панцитопения"
        },
        {
            "label": "side_e",
            "weight": 5,
            "id": "снижение гематокрит"
        },
        {
            "label": "side_e",
            "weight": 5,
            "id": "лейкопения"
        },
        {
            "label": "side_e",
            "weight": 5,
            "id": "нейтропение"
        },
        {
            "label": "side_e",
            "weight": 5,
            "id": "гемолитический анемия"
        },
        {
            "label": "side_e",
            "weight": 5,
            "id": "тромбоцитопения"
        },
        {
            "label": "side_e",
            "weight": 5,
            "id": "гипогликемия"
        },
        {
            "label": "side_e",
            "weight": 5,
            "id": "гипонатриемия"
        },
        {
            "label": "side_e",
            "weight": 5,
            "id": "лабильность настроение"
        },
        {
            "label": "side_e",
            "weight": 5,
            "id": "депрессия"
        },
        {
            "label": "side_e",
            "weight": 5,
            "id": "сонливость"
        },
        {
            "label": "side_e",
            "weight": 5,
            "id": "обморочный"
        },
        {
            "label": "side_e",
            "weight": 5,
            "id": "спутанность сознание"
        },
        {
            "label": "side_e",
            "weight": 5,
            "id": "звон"
        },
        {
            "label": "side_e",
            "weight": 5,
            "id": "ощущение"
        },
        {
            "label": "side_e",
            "weight": 5,
            "id": "тахикардия"
        },
        {
            "label": "side_e",
            "weight": 5,
            "id": "стенокардия"
        },
        {
            "label": "side_e",
            "weight": 5,
            "id": "аритмия"
        },
        {
            "label": "side_e",
            "weight": 5,
            "id": "инфаркт миокард"
        },
        {
            "label": "side_e",
            "weight": 5,
            "id": "васкулит"
        },
        {
            "label": "side_e",
            "weight": 5,
            "id": "инсульт"
        },
        {
            "label": "side_e",
            "weight": 5,
            "id": "синдром рейно"
        },
        {
            "label": "side_e",
            "weight": 5,
            "id": "бронхоспазм"
        },
        {
            "label": "side_e",
            "weight": 5,
            "id": "эозинофильный пневмония"
        },
        {
            "label": "side_e",
            "weight": 5,
            "id": "ринит"
        },
        {
            "label": "side_e",
            "weight": 5,
            "id": "дисгевзия"
        },
        {
            "label": "side_e",
            "weight": 5,
            "id": "панкреатит"
        },
        {
            "label": "side_e",
            "weight": 5,
            "id": "крапивница"
        },
        {
            "label": "side_e",
            "weight": 5,
            "id": "реакция фоточувствительность"
        },
        {
            "label": "side_e",
            "weight": 5,
            "id": "пемфигоид"
        },
        {
            "label": "side_e",
            "weight": 5,
            "id": "повышенный потоотделение"
        },
        {
            "label": "side_e",
            "weight": 5,
            "id": "обострение псориаз"
        },
        {
            "label": "side_e",
            "weight": 5,
            "id": "многоформный эритема"
        },
        {
            "label": "side_e",
            "weight": 5,
            "id": "мышечный спазм"
        },
        {
            "label": "side_e",
            "weight": 5,
            "id": "артралгия"
        },
        {
            "label": "side_e",
            "weight": 5,
            "id": "миалгия"
        },
        {
            "label": "side_e",
            "weight": 5,
            "id": "острый почечный недостаточность"
        },
        {
            "label": "side_e",
            "weight": 5,
            "id": "олигурия"
        },
        {
            "label": "side_e",
            "weight": 5,
            "id": "анурия"
        },
        {
            "label": "side_e",
            "weight": 5,
            "id": "эректильный дисфункция"
        },
        {
            "label": "side_e",
            "weight": 5,
            "id": "боль в грудной клетка"
        },
        {
            "label": "side_e",
            "weight": 5,
            "id": "недомогание"
        },
        {
            "label": "side_e",
            "weight": 5,
            "id": "лихорадка"
        },
        {
            "label": "side_e",
            "weight": 5,
            "id": "повышение концентрация мочевина в плазма кровь"
        },
        {
            "label": "side_e",
            "weight": 5,
            "id": "повышение концентрация креатинин в плазма кровь"
        },
        {
            "label": "side_e",
            "weight": 5,
            "id": "повышение концентрация билирубин в плазма кровь"
        },
        {
            "label": "side_e",
            "weight": 5,
            "id": "повышение активность «печёночный» фермент в плазма кровь"
        },
        {
            "label": "side_e",
            "weight": 5,
            "id": "синдром неадекватный секреция антидиуретический гормон (снс адг)"
        },
        {
            "label": "side_e",
            "weight": 5,
            "id": "выраженный"
        },
        {
            "label": "side_e",
            "weight": 5,
            "id": "снижение ад"
        },
        {
            "label": "side_e",
            "weight": 5,
            "id": "внезапный остановка сердце"
        },
        {
            "label": "action",
            "weight": 5,
            "id": "повышать риск развитие"
        },
        {
            "label": "side_e",
            "weight": 5,
            "id": "повышение частота сердечнососудистый заболеваемость и смертность"
        },
        {
            "label": "side_e",
            "weight": 5,
            "id": "тяжёлый анафилактоидный реакция"
        },
        {
            "label": "side_e",
            "weight": 5,
            "id": "увеличение концентрация литий в сыворотка кровь"
        },
        {
            "label": "side_e",
            "weight": 5,
            "id": "токсический эффект"
        },
        {
            "label": "prepare",
            "weight": 5,
            "id": "баклофен"
        },
        {
            "label": "prepare",
            "weight": 5,
            "id": "линаглиптина"
        },
        {
            "label": "prepare",
            "weight": 5,
            "id": "ситаглиптина"
        },
        {
            "label": "group",
            "weight": 5,
            "id": "нейролептик"
        },
        {
            "label": "group",
            "weight": 5,
            "id": "средство, действовать на ренин-ангиотензиновый система"
        },
        {
            "label": "group",
            "weight": 5,
            "id": "ингибитор ангиотензинпревращать фермент (апф)"
        },
        {
            "label": "mechanism",
            "weight": 5,
            "id": "снижение содержание ангитензин ii в плазма кровь"
        },
        {
            "label": "mechanism",
            "weight": 5,
            "id": "активироваться система простагландин"
        },
        {
            "label": "mechanism",
            "weight": 5,
            "id": "повышаться активность ренин в плазма кровь"
        },
        {
            "label": "mechanism",
            "weight": 5,
            "id": "снижаться секреция альдостерон"
        },
        {
            "label": "mechanism",
            "weight": 5,
            "id": "ингибитор разрушение брадикинин"
        },
        {
            "label": "prepare",
            "weight": 5,
            "id": "периндоприлат"
        },
        {
            "label": "action",
            "weight": 5,
            "id": "оказывать сосудорасширяющий действие"
        },
        {
            "label": "action",
            "weight": 5,
            "id": "уменьшать гипертрофия левый желудочек"
        },
        {
            "label": "side_e",
            "weight": 5,
            "id": "кашель"
        },
        {
            "label": "side_e",
            "weight": 5,
            "id": "прилив"
        },
        {
            "label": "side_e",
            "weight": 5,
            "id": "периферический отёк"
        },
        {
            "label": "side_e",
            "weight": 5,
            "id": "почечный недостаточность"
        },
        {
            "label": "side_e",
            "weight": 5,
            "id": "артериальный гипотензия"
        },
        {
            "label": "side_e",
            "weight": 5,
            "id": "головокружение"
        },
        {
            "label": "side_e",
            "weight": 5,
            "id": "головной боль"
        },
        {
            "label": "side_e",
            "weight": 5,
            "id": "тошнота"
        },
        {
            "label": "side_e",
            "weight": 5,
            "id": "обморок"
        },
        {
            "label": "side_e",
            "weight": 5,
            "id": "гиперемия кожа лицо"
        },
        {
            "label": "action",
            "weight": 5,
            "id": "увеличение почечный кровоток"
        },
        {
            "label": "side_e",
            "weight": 5,
            "id": "гиперкалиемия"
        },
        {
            "label": "side_e",
            "weight": 5,
            "id": "одышка"
        },
        {
            "label": "absorbtion",
            "weight": 5,
            "id": "желудочный-кишечный тракт"
        },
        {
            "label": "action",
            "weight": 5,
            "id": "снижение ад систолический"
        },
        {
            "label": "action",
            "weight": 5,
            "id": "снижение ад диастолический"
        },
        {
            "label": "action",
            "weight": 5,
            "id": "снижать преднагрузка"
        },
        {
            "label": "action",
            "weight": 5,
            "id": "снижать постнагрузка"
        },
        {
            "label": "action",
            "weight": 5,
            "id": "восстановление эластичность крупный артерия"
        },
        {
            "label": "action",
            "weight": 5,
            "id": "восстановление структура сосудистый стенка мелкий артерия"
        },
        {
            "label": "mechanism",
            "weight": 5,
            "id": "повышение активность калликреин-кининовый система тканевый"
        },
        {
            "label": "mechanism",
            "weight": 5,
            "id": "повышение активность калликреин-кининовый система циркулировать"
        }
    ],
    "links": [
        {
            "source": "периндоприл",
            "target": "гипокалиемия"
        },
        {
            "source": "периндоприл",
            "target": "парестезия"
        },
        {
            "source": "периндоприл",
            "target": "вертиго"
        },
        {
            "source": "периндоприл",
            "target": "звон в ухо"
        },
        {
            "source": "периндоприл",
            "target": "боль в живот"
        },
        {
            "source": "периндоприл",
            "target": "запор"
        },
        {
            "source": "периндоприл",
            "target": "диарея"
        },
        {
            "source": "периндоприл",
            "target": "диспепсия"
        },
        {
            "source": "периндоприл",
            "target": "кожный зуд"
        },
        {
            "source": "периндоприл",
            "target": "кожный сыпь"
        },
        {
            "source": "периндоприл",
            "target": "спазм мышца"
        },
        {
            "source": "периндоприл",
            "target": "астения"
        },
        {
            "source": "периндоприл",
            "target": "агранулоцитоз"
        },
        {
            "source": "периндоприл",
            "target": "панцитопения"
        },
        {
            "source": "периндоприл",
            "target": "снижение гематокрит"
        },
        {
            "source": "периндоприл",
            "target": "лейкопения"
        },
        {
            "source": "периндоприл",
            "target": "нейтропение"
        },
        {
            "source": "периндоприл",
            "target": "гемолитический анемия"
        },
        {
            "source": "периндоприл",
            "target": "тромбоцитопения"
        },
        {
            "source": "периндоприл",
            "target": "гипогликемия"
        },
        {
            "source": "периндоприл",
            "target": "гипонатриемия"
        },
        {
            "source": "периндоприл",
            "target": "лабильность настроение"
        },
        {
            "source": "периндоприл",
            "target": "депрессия"
        },
        {
            "source": "периндоприл",
            "target": "сонливость"
        },
        {
            "source": "периндоприл",
            "target": "обморочный"
        },
        {
            "source": "периндоприл",
            "target": "спутанность сознание"
        },
        {
            "source": "периндоприл",
            "target": "звон"
        },
        {
            "source": "периндоприл",
            "target": "ощущение"
        },
        {
            "source": "периндоприл",
            "target": "тахикардия"
        },
        {
            "source": "периндоприл",
            "target": "стенокардия"
        },
        {
            "source": "периндоприл",
            "target": "аритмия"
        },
        {
            "source": "периндоприл",
            "target": "инфаркт миокард"
        },
        {
            "source": "периндоприл",
            "target": "васкулит"
        },
        {
            "source": "периндоприл",
            "target": "инсульт"
        },
        {
            "source": "периндоприл",
            "target": "синдром рейно"
        },
        {
            "source": "периндоприл",
            "target": "бронхоспазм"
        },
        {
            "source": "периндоприл",
            "target": "эозинофильный пневмония"
        },
        {
            "source": "периндоприл",
            "target": "ринит"
        },
        {
            "source": "периндоприл",
            "target": "дисгевзия"
        },
        {
            "source": "периндоприл",
            "target": "панкреатит"
        },
        {
            "source": "периндоприл",
            "target": "крапивница"
        },
        {
            "source": "периндоприл",
            "target": "реакция фоточувствительность"
        },
        {
            "source": "периндоприл",
            "target": "пемфигоид"
        },
        {
            "source": "периндоприл",
            "target": "повышенный потоотделение"
        },
        {
            "source": "периндоприл",
            "target": "обострение псориаз"
        },
        {
            "source": "периндоприл",
            "target": "многоформный эритема"
        },
        {
            "source": "периндоприл",
            "target": "мышечный спазм"
        },
        {
            "source": "периндоприл",
            "target": "артралгия"
        },
        {
            "source": "периндоприл",
            "target": "миалгия"
        },
        {
            "source": "периндоприл",
            "target": "острый почечный недостаточность"
        },
        {
            "source": "периндоприл",
            "target": "олигурия"
        },
        {
            "source": "периндоприл",
            "target": "анурия"
        },
        {
            "source": "периндоприл",
            "target": "эректильный дисфункция"
        },
        {
            "source": "периндоприл",
            "target": "боль в грудной клетка"
        },
        {
            "source": "периндоприл",
            "target": "недомогание"
        },
        {
            "source": "периндоприл",
            "target": "лихорадка"
        },
        {
            "source": "периндоприл",
            "target": "повышение концентрация мочевина в плазма кровь"
        },
        {
            "source": "периндоприл",
            "target": "повышение концентрация креатинин в плазма кровь"
        },
        {
            "source": "периндоприл",
            "target": "повышение концентрация билирубин в плазма кровь"
        },
        {
            "source": "периндоприл",
            "target": "повышение активность «печёночный» фермент в плазма кровь"
        },
        {
            "source": "периндоприл",
            "target": "синдром неадекватный секреция антидиуретический гормон (снс адг)"
        },
        {
            "source": "периндоприл",
            "target": "выраженный"
        },
        {
            "source": "периндоприл",
            "target": "снижение ад"
        },
        {
            "source": "периндоприл",
            "target": "внезапный остановка сердце"
        },
        {
            "source": "периндоприл",
            "target": "повышение частота сердечнососудистый заболеваемость и смертность"
        },
        {
            "source": "периндоприл",
            "target": "тяжёлый анафилактоидный реакция"
        },
        {
            "source": "периндоприл",
            "target": "увеличение концентрация литий в сыворотка кровь"
        },
        {
            "source": "периндоприл",
            "target": "токсический эффект"
        },
        {
            "source": "периндоприл",
            "target": "периндоприлат"
        },
        {
            "source": "периндоприл",
            "target": "почка"
        },
        {
            "source": "периндоприл",
            "target": "желудочный-кишечный тракт"
        },
        {
            "source": "ингибитор апф",
            "target": "снижение содержание ангитензин ii в плазма кровь"
        },
        {
            "source": "ингибитор апф",
            "target": "ингибитор разрушение брадикинин"
        },
        {
            "source": "уменьшать опсс",
            "target": "периферический кровоток ускоряться без изменение частота сердечный сокращение (чсс)"
        },
        {
            "source": "уменьшать опсс",
            "target": "снижать преднагрузка"
        },
        {
            "source": "уменьшать опсс",
            "target": "снижать постнагрузка"
        },
        {
            "source": "уменьшать опсс",
            "target": "восстановление эластичность крупный артерия"
        },
        {
            "source": "уменьшать опсс",
            "target": "восстановление структура сосудистый стенка мелкий артерия"
        },
        {
            "source": "почка",
            "target": "почечный недостаточность"
        },
        {
            "source": "средство, действовать на ренин-ангиотензиновый система",
            "target": "ингибитор ангиотензинпревращать фермент (апф)"
        },
        {
            "source": "ингибитор ангиотензинпревращать фермент (апф)",
            "target": "периндоприл"
        },
        {
            "source": "снижение содержание ангитензин ii в плазма кровь",
            "target": "повышаться активность ренин в плазма кровь"
        },
        {
            "source": "снижение содержание ангитензин ii в плазма кровь",
            "target": "снижаться секреция альдостерон"
        },
        {
            "source": "снижение содержание ангитензин ii в плазма кровь",
            "target": "снижать преднагрузка"
        },
        {
            "source": "снижение содержание ангитензин ii в плазма кровь",
            "target": "снижать постнагрузка"
        },
        {
            "source": "снижение содержание ангитензин ii в плазма кровь",
            "target": "восстановление эластичность крупный артерия"
        },
        {
            "source": "снижение содержание ангитензин ii в плазма кровь",
            "target": "восстановление структура сосудистый стенка мелкий артерия"
        },
        {
            "source": "активироваться система простагландин",
            "target": "оказывать сосудорасширяющий действие"
        },
        {
            "source": "активироваться система простагландин",
            "target": "кашель"
        },
        {
            "source": "активироваться система простагландин",
            "target": "одышка"
        },
        {
            "source": "снижаться секреция альдостерон",
            "target": "гиперкалиемия"
        },
        {
            "source": "снижаться секреция альдостерон",
            "target": "снижать преднагрузка"
        },
        {
            "source": "снижаться секреция альдостерон",
            "target": "снижать постнагрузка"
        },
        {
            "source": "снижаться секреция альдостерон",
            "target": "восстановление эластичность крупный артерия"
        },
        {
            "source": "снижаться секреция альдостерон",
            "target": "восстановление структура сосудистый стенка мелкий артерия"
        },
        {
            "source": "ингибитор разрушение брадикинин",
            "target": "повышение активность калликреин-кининовый система тканевый"
        },
        {
            "source": "ингибитор разрушение брадикинин",
            "target": "повышение активность калликреин-кининовый система циркулировать"
        },
        {
            "source": "периндоприлат",
            "target": "ингибитор апф"
        },
        {
            "source": "оказывать сосудорасширяющий действие",
            "target": "уменьшать опсс"
        },
        {
            "source": "оказывать сосудорасширяющий действие",
            "target": "увеличение почечный кровоток"
        },
        {
            "source": "оказывать сосудорасширяющий действие",
            "target": "прилив"
        },
        {
            "source": "оказывать сосудорасширяющий действие",
            "target": "гиперемия кожа лицо"
        },
        {
            "source": "оказывать сосудорасширяющий действие",
            "target": "периферический отёк"
        },
        {
            "source": "артериальный гипотензия",
            "target": "головокружение"
        },
        {
            "source": "артериальный гипотензия",
            "target": "головной боль"
        },
        {
            "source": "артериальный гипотензия",
            "target": "тошнота"
        },
        {
            "source": "артериальный гипотензия",
            "target": "обморок"
        },
        {
            "source": "тошнота",
            "target": "рвота"
        },
        {
            "source": "снижение ад систолический",
            "target": "уменьшать гипертрофия левый желудочек"
        },
        {
            "source": "снижение ад систолический",
            "target": "артериальный гипотензия"
        },
        {
            "source": "снижение ад диастолический",
            "target": "уменьшать гипертрофия левый желудочек"
        },
        {
            "source": "снижение ад диастолический",
            "target": "артериальный гипотензия"
        },
        {
            "source": "снижать преднагрузка",
            "target": "снижение ад систолический"
        },
        {
            "source": "снижать преднагрузка",
            "target": "снижение ад диастолический"
        },
        {
            "source": "снижать постнагрузка",
            "target": "снижение ад систолический"
        },
        {
            "source": "снижать постнагрузка",
            "target": "снижение ад диастолический"
        },
        {
            "source": "повышение активность калликреин-кининовый система тканевый",
            "target": "активироваться система простагландин"
        },
        {
            "source": "повышение активность калликреин-кининовый система циркулировать",
            "target": "активироваться система простагландин"
        }
    ],
    "name": [
        "периндоприл"
    ]
}