{
    "directed": true,
    "multigraph": false,
    "graph": {},
    "nodes": [
        {
            "label": "group",
            "weight": 5,
            "id": "средство, действовать на ренин-ангиотензиновый система"
        },
        {
            "label": "group",
            "weight": 5,
            "id": "ингибитор ангиотензинпревращать фермент (апф)"
        },
        {
            "label": "prepare",
            "weight": 5,
            "id": "каптоприл"
        },
        {
            "label": "mechanism",
            "weight": 5,
            "id": "уменьшать опосредовать апф деградация брадикинин"
        },
        {
            "label": "mechanism",
            "weight": 5,
            "id": "периферический вазодилатация"
        },
        {
            "label": "mechanism",
            "weight": 5,
            "id": "антигипертензивный действие"
        },
        {
            "label": "mechanism",
            "weight": 5,
            "id": "увеличивать почечный кровоток"
        },
        {
            "label": "metabol",
            "weight": 5,
            "id": "кумулироваться"
        },
        {
            "label": "side_e",
            "weight": 5,
            "id": "нейтропение"
        },
        {
            "label": "side_e",
            "weight": 5,
            "id": "агранулоцитоз"
        },
        {
            "label": "side_e",
            "weight": 5,
            "id": "панцитопения"
        },
        {
            "label": "side_e",
            "weight": 5,
            "id": "лимфаденопатия"
        },
        {
            "label": "side_e",
            "weight": 5,
            "id": "эозинофилия"
        },
        {
            "label": "side_e",
            "weight": 5,
            "id": "тромбоцитопения"
        },
        {
            "label": "side_e",
            "weight": 5,
            "id": "анемия"
        },
        {
            "label": "side_e",
            "weight": 5,
            "id": "аутоиммунный заболевание"
        },
        {
            "label": "side_e",
            "weight": 5,
            "id": "анорексия"
        },
        {
            "label": "side_e",
            "weight": 5,
            "id": "гипогликемия"
        },
        {
            "label": "side_e",
            "weight": 5,
            "id": "расстройство сон"
        },
        {
            "label": "side_e",
            "weight": 5,
            "id": "спутанность сознание"
        },
        {
            "label": "side_e",
            "weight": 5,
            "id": "депрессия"
        },
        {
            "label": "side_e",
            "weight": 5,
            "id": "сонливость"
        },
        {
            "label": "side_e",
            "weight": 5,
            "id": "парестезия"
        },
        {
            "label": "side_e",
            "weight": 5,
            "id": "атаксия"
        },
        {
            "label": "side_e",
            "weight": 5,
            "id": "мозговой кровообращение"
        },
        {
            "label": "side_e",
            "weight": 5,
            "id": "инсульт"
        },
        {
            "label": "side_e",
            "weight": 5,
            "id": "нечёткость зрение"
        },
        {
            "label": "side_e",
            "weight": 5,
            "id": "тахикардия"
        },
        {
            "label": "side_e",
            "weight": 5,
            "id": "тахиаритмия"
        },
        {
            "label": "side_e",
            "weight": 5,
            "id": "ощущение сердцебиение"
        },
        {
            "label": "side_e",
            "weight": 5,
            "id": "выраженный снижение артериальный давление"
        },
        {
            "label": "side_e",
            "weight": 5,
            "id": "стенокардия"
        },
        {
            "label": "side_e",
            "weight": 5,
            "id": "остановка сердце"
        },
        {
            "label": "side_e",
            "weight": 5,
            "id": "бронхоспазм"
        },
        {
            "label": "side_e",
            "weight": 5,
            "id": "ринит"
        },
        {
            "label": "side_e",
            "weight": 5,
            "id": "аллергический альвеолит"
        },
        {
            "label": "side_e",
            "weight": 5,
            "id": "эозинофильный пневмония"
        },
        {
            "label": "side_e",
            "weight": 5,
            "id": "эозинофильный пневмонит"
        },
        {
            "label": "side_e",
            "weight": 5,
            "id": "отёк лёгкий"
        },
        {
            "label": "side_e",
            "weight": 5,
            "id": "раздражение слизистый оболочка желудок, вкус"
        },
        {
            "label": "side_e",
            "weight": 5,
            "id": "сухость слизистый оболочка полость рот"
        },
        {
            "label": "side_e",
            "weight": 5,
            "id": "диспепсия"
        },
        {
            "label": "side_e",
            "weight": 5,
            "id": "рвота"
        },
        {
            "label": "side_e",
            "weight": 5,
            "id": "боль в живот"
        },
        {
            "label": "side_e",
            "weight": 5,
            "id": "диарея"
        },
        {
            "label": "side_e",
            "weight": 5,
            "id": "запор"
        },
        {
            "label": "side_e",
            "weight": 5,
            "id": "стоматит"
        },
        {
            "label": "side_e",
            "weight": 5,
            "id": "афтозный стоматит"
        },
        {
            "label": "side_e",
            "weight": 5,
            "id": "ангионевротический отёк кишечник"
        },
        {
            "label": "side_e",
            "weight": 5,
            "id": "глоссит"
        },
        {
            "label": "side_e",
            "weight": 5,
            "id": "язва желудок"
        },
        {
            "label": "side_e",
            "weight": 5,
            "id": "панкреатит"
        },
        {
            "label": "side_e",
            "weight": 5,
            "id": "гиперплазия десна"
        },
        {
            "label": "side_e",
            "weight": 5,
            "id": "функция печень"
        },
        {
            "label": "side_e",
            "weight": 5,
            "id": "холестаз"
        },
        {
            "label": "side_e",
            "weight": 5,
            "id": "повышение активность «печёночный» фермент"
        },
        {
            "label": "side_e",
            "weight": 5,
            "id": "кожный зуд с высыпание и без высыпание"
        },
        {
            "label": "side_e",
            "weight": 5,
            "id": "высыпание на кожа"
        },
        {
            "label": "side_e",
            "weight": 5,
            "id": "алопеция"
        },
        {
            "label": "side_e",
            "weight": 5,
            "id": "ангионевротический отёк конечность, лицо, губа, слизистый оболочка, язык, глотка и гортань"
        },
        {
            "label": "side_e",
            "weight": 5,
            "id": "крапивница"
        },
        {
            "label": "side_e",
            "weight": 5,
            "id": "синдром стивенс-джонсон"
        },
        {
            "label": "side_e",
            "weight": 5,
            "id": "мультиформный эритема"
        },
        {
            "label": "side_e",
            "weight": 5,
            "id": "фоточувствительность"
        },
        {
            "label": "side_e",
            "weight": 5,
            "id": "эритродермия"
        },
        {
            "label": "side_e",
            "weight": 5,
            "id": "эксфолиативный дерматит"
        },
        {
            "label": "side_e",
            "weight": 5,
            "id": "пемфигоидный реакция"
        },
        {
            "label": "side_e",
            "weight": 5,
            "id": "миалгия"
        },
        {
            "label": "side_e",
            "weight": 5,
            "id": "артралгия"
        },
        {
            "label": "side_e",
            "weight": 5,
            "id": "функция почка (включая почечный недостаточность)"
        },
        {
            "label": "side_e",
            "weight": 5,
            "id": "полиурия"
        },
        {
            "label": "side_e",
            "weight": 5,
            "id": "олигурия"
        },
        {
            "label": "side_e",
            "weight": 5,
            "id": "увеличениемочеиспусканье"
        },
        {
            "label": "side_e",
            "weight": 5,
            "id": "нефротический синдром"
        },
        {
            "label": "side_e",
            "weight": 5,
            "id": "импотенция"
        },
        {
            "label": "side_e",
            "weight": 5,
            "id": "гинекомастие"
        },
        {
            "label": "side_e",
            "weight": 5,
            "id": "боль в грудь"
        },
        {
            "label": "side_e",
            "weight": 5,
            "id": "повышенный утомляемость"
        },
        {
            "label": "side_e",
            "weight": 5,
            "id": "астения"
        },
        {
            "label": "side_e",
            "weight": 5,
            "id": "общий недомогание"
        },
        {
            "label": "side_e",
            "weight": 5,
            "id": "гипертермия"
        },
        {
            "label": "side_e",
            "weight": 5,
            "id": "протеинурия"
        },
        {
            "label": "side_e",
            "weight": 5,
            "id": "гипонатриемия"
        },
        {
            "label": "side_e",
            "weight": 5,
            "id": "повышение концентрация азот мочевина в плазма кровь"
        },
        {
            "label": "side_e",
            "weight": 5,
            "id": "ацидоз"
        },
        {
            "label": "side_e",
            "weight": 5,
            "id": "повышение концентрация креатинин и билирубин в сыворотка кровь"
        },
        {
            "label": "side_e",
            "weight": 5,
            "id": "снижение гемоглобин и гематокрит"
        },
        {
            "label": "side_e",
            "weight": 5,
            "id": "снижение число лейкоцит"
        },
        {
            "label": "side_e",
            "weight": 5,
            "id": "тромбоцит"
        },
        {
            "label": "side_e",
            "weight": 5,
            "id": "повышение титр антинуклеарный антитело"
        },
        {
            "label": "side_e",
            "weight": 5,
            "id": "повышение соэ"
        },
        {
            "label": "side_e",
            "weight": 5,
            "id": "острый почечный недостаточность"
        },
        {
            "label": "group",
            "weight": 5,
            "id": "антиагрегантный средство"
        },
        {
            "label": "prepare",
            "weight": 5,
            "id": "инсулин"
        },
        {
            "label": "side_e",
            "weight": 5,
            "id": "гематологический нарушение"
        },
        {
            "label": "group",
            "weight": 5,
            "id": "препарат золото"
        },
        {
            "label": "side_e",
            "weight": 5,
            "id": "нитратоподобный реакция"
        },
        {
            "label": "side_e",
            "weight": 5,
            "id": "ангионевротический отёк"
        },
        {
            "label": "mechanism",
            "weight": 5,
            "id": "ингибировать апф"
        },
        {
            "label": "mechanism",
            "weight": 5,
            "id": "снижать активность ренин-ангиотензин-альдостеронов система (раас)"
        },
        {
            "label": "mechanism",
            "weight": 5,
            "id": "уменьшать превращение ангиотензин i в ангиотензин ii"
        },
        {
            "label": "mechanism",
            "weight": 5,
            "id": "уменьшение концентрация ангиотензин ii"
        },
        {
            "label": "mechanism",
            "weight": 5,
            "id": "увеличение активность ренин плазма кровь"
        },
        {
            "label": "mechanism",
            "weight": 5,
            "id": "уменьшение секреция альдостерон кора надпочечник"
        },
        {
            "label": "action",
            "weight": 5,
            "id": "антигипертензивный эффект"
        },
        {
            "label": "side_e",
            "weight": 5,
            "id": "кашель"
        },
        {
            "label": "mechanism",
            "weight": 5,
            "id": "накопление брадикинин"
        },
        {
            "label": "side_e",
            "weight": 5,
            "id": "тошнота"
        },
        {
            "label": "side_e",
            "weight": 5,
            "id": "ортостатический гипотензия"
        },
        {
            "label": "side_e",
            "weight": 5,
            "id": "артериальный гипотензия"
        },
        {
            "label": "side_e",
            "weight": 5,
            "id": "головной боль"
        },
        {
            "label": "side_e",
            "weight": 5,
            "id": "головокружение"
        },
        {
            "label": "side_e",
            "weight": 5,
            "id": "гепатит"
        },
        {
            "label": "side_e",
            "weight": 5,
            "id": "гепатонекроза"
        },
        {
            "label": "absorbtion",
            "weight": 5,
            "id": "желудочный-кишечный тракт"
        },
        {
            "label": "metabol",
            "weight": 5,
            "id": "печень"
        },
        {
            "label": "side_e",
            "weight": 5,
            "id": "гиперкалиемия"
        },
        {
            "label": "side_e",
            "weight": 5,
            "id": "«прилив» кровь к лицо"
        },
        {
            "label": "side_e",
            "weight": 5,
            "id": "бледность"
        },
        {
            "label": "side_e",
            "weight": 5,
            "id": "периферический отёк"
        },
        {
            "label": "side_e",
            "weight": 5,
            "id": "одышка"
        },
        {
            "label": "side_e",
            "weight": 5,
            "id": "нарушение функция почка"
        },
        {
            "label": "side_e",
            "weight": 5,
            "id": "синдром рейно"
        },
        {
            "label": "side_e",
            "weight": 5,
            "id": "обморок"
        },
        {
            "label": "side_e",
            "weight": 5,
            "id": "желтуха"
        },
        {
            "label": "side_e",
            "weight": 5,
            "id": "кардиогенный шок"
        },
        {
            "label": "excretion",
            "weight": 5,
            "id": "почка"
        },
        {
            "label": "mechanism",
            "weight": 5,
            "id": "увеличение синтез простагландин е2"
        },
        {
            "label": "action",
            "weight": 5,
            "id": "устранять вазоконстрикторный воздействие сосуд артериальный"
        },
        {
            "label": "action",
            "weight": 5,
            "id": "устранять вазоконстрикторный воздействие сосуд венозный"
        },
        {
            "label": "mechanism",
            "weight": 5,
            "id": "увеличиваться активность калликреин-кининовый система тканевый"
        },
        {
            "label": "mechanism",
            "weight": 5,
            "id": "увеличиваться активность калликреин-кининовый система циркулировать"
        }
    ],
    "links": [
        {
            "source": "средство, действовать на ренин-ангиотензиновый система",
            "target": "ингибитор ангиотензинпревращать фермент (апф)"
        },
        {
            "source": "ингибитор ангиотензинпревращать фермент (апф)",
            "target": "каптоприл"
        },
        {
            "source": "каптоприл",
            "target": "нейтропение"
        },
        {
            "source": "каптоприл",
            "target": "агранулоцитоз"
        },
        {
            "source": "каптоприл",
            "target": "панцитопения"
        },
        {
            "source": "каптоприл",
            "target": "лимфаденопатия"
        },
        {
            "source": "каптоприл",
            "target": "эозинофилия"
        },
        {
            "source": "каптоприл",
            "target": "тромбоцитопения"
        },
        {
            "source": "каптоприл",
            "target": "анемия"
        },
        {
            "source": "каптоприл",
            "target": "аутоиммунный заболевание"
        },
        {
            "source": "каптоприл",
            "target": "анорексия"
        },
        {
            "source": "каптоприл",
            "target": "гипогликемия"
        },
        {
            "source": "каптоприл",
            "target": "расстройство сон"
        },
        {
            "source": "каптоприл",
            "target": "спутанность сознание"
        },
        {
            "source": "каптоприл",
            "target": "депрессия"
        },
        {
            "source": "каптоприл",
            "target": "сонливость"
        },
        {
            "source": "каптоприл",
            "target": "парестезия"
        },
        {
            "source": "каптоприл",
            "target": "атаксия"
        },
        {
            "source": "каптоприл",
            "target": "мозговой кровообращение"
        },
        {
            "source": "каптоприл",
            "target": "инсульт"
        },
        {
            "source": "каптоприл",
            "target": "нечёткость зрение"
        },
        {
            "source": "каптоприл",
            "target": "тахикардия"
        },
        {
            "source": "каптоприл",
            "target": "тахиаритмия"
        },
        {
            "source": "каптоприл",
            "target": "ощущение сердцебиение"
        },
        {
            "source": "каптоприл",
            "target": "выраженный снижение артериальный давление"
        },
        {
            "source": "каптоприл",
            "target": "стенокардия"
        },
        {
            "source": "каптоприл",
            "target": "остановка сердце"
        },
        {
            "source": "каптоприл",
            "target": "бронхоспазм"
        },
        {
            "source": "каптоприл",
            "target": "ринит"
        },
        {
            "source": "каптоприл",
            "target": "аллергический альвеолит"
        },
        {
            "source": "каптоприл",
            "target": "эозинофильный пневмония"
        },
        {
            "source": "каптоприл",
            "target": "эозинофильный пневмонит"
        },
        {
            "source": "каптоприл",
            "target": "отёк лёгкий"
        },
        {
            "source": "каптоприл",
            "target": "раздражение слизистый оболочка желудок, вкус"
        },
        {
            "source": "каптоприл",
            "target": "сухость слизистый оболочка полость рот"
        },
        {
            "source": "каптоприл",
            "target": "диспепсия"
        },
        {
            "source": "каптоприл",
            "target": "рвота"
        },
        {
            "source": "каптоприл",
            "target": "боль в живот"
        },
        {
            "source": "каптоприл",
            "target": "диарея"
        },
        {
            "source": "каптоприл",
            "target": "запор"
        },
        {
            "source": "каптоприл",
            "target": "стоматит"
        },
        {
            "source": "каптоприл",
            "target": "афтозный стоматит"
        },
        {
            "source": "каптоприл",
            "target": "ангионевротический отёк кишечник"
        },
        {
            "source": "каптоприл",
            "target": "глоссит"
        },
        {
            "source": "каптоприл",
            "target": "язва желудок"
        },
        {
            "source": "каптоприл",
            "target": "панкреатит"
        },
        {
            "source": "каптоприл",
            "target": "гиперплазия десна"
        },
        {
            "source": "каптоприл",
            "target": "функция печень"
        },
        {
            "source": "каптоприл",
            "target": "холестаз"
        },
        {
            "source": "каптоприл",
            "target": "повышение активность «печёночный» фермент"
        },
        {
            "source": "каптоприл",
            "target": "кожный зуд с высыпание и без высыпание"
        },
        {
            "source": "каптоприл",
            "target": "высыпание на кожа"
        },
        {
            "source": "каптоприл",
            "target": "алопеция"
        },
        {
            "source": "каптоприл",
            "target": "ангионевротический отёк конечность, лицо, губа, слизистый оболочка, язык, глотка и гортань"
        },
        {
            "source": "каптоприл",
            "target": "крапивница"
        },
        {
            "source": "каптоприл",
            "target": "синдром стивенс-джонсон"
        },
        {
            "source": "каптоприл",
            "target": "мультиформный эритема"
        },
        {
            "source": "каптоприл",
            "target": "фоточувствительность"
        },
        {
            "source": "каптоприл",
            "target": "эритродермия"
        },
        {
            "source": "каптоприл",
            "target": "эксфолиативный дерматит"
        },
        {
            "source": "каптоприл",
            "target": "пемфигоидный реакция"
        },
        {
            "source": "каптоприл",
            "target": "миалгия"
        },
        {
            "source": "каптоприл",
            "target": "артралгия"
        },
        {
            "source": "каптоприл",
            "target": "функция почка (включая почечный недостаточность)"
        },
        {
            "source": "каптоприл",
            "target": "полиурия"
        },
        {
            "source": "каптоприл",
            "target": "олигурия"
        },
        {
            "source": "каптоприл",
            "target": "увеличениемочеиспусканье"
        },
        {
            "source": "каптоприл",
            "target": "нефротический синдром"
        },
        {
            "source": "каптоприл",
            "target": "импотенция"
        },
        {
            "source": "каптоприл",
            "target": "гинекомастие"
        },
        {
            "source": "каптоприл",
            "target": "боль в грудь"
        },
        {
            "source": "каптоприл",
            "target": "повышенный утомляемость"
        },
        {
            "source": "каптоприл",
            "target": "астения"
        },
        {
            "source": "каптоприл",
            "target": "общий недомогание"
        },
        {
            "source": "каптоприл",
            "target": "гипертермия"
        },
        {
            "source": "каптоприл",
            "target": "протеинурия"
        },
        {
            "source": "каптоприл",
            "target": "гипонатриемия"
        },
        {
            "source": "каптоприл",
            "target": "повышение концентрация азот мочевина в плазма кровь"
        },
        {
            "source": "каптоприл",
            "target": "ацидоз"
        },
        {
            "source": "каптоприл",
            "target": "повышение концентрация креатинин и билирубин в сыворотка кровь"
        },
        {
            "source": "каптоприл",
            "target": "снижение гемоглобин и гематокрит"
        },
        {
            "source": "каптоприл",
            "target": "снижение число лейкоцит"
        },
        {
            "source": "каптоприл",
            "target": "тромбоцит"
        },
        {
            "source": "каптоприл",
            "target": "повышение титр антинуклеарный антитело"
        },
        {
            "source": "каптоприл",
            "target": "повышение соэ"
        },
        {
            "source": "каптоприл",
            "target": "острый почечный недостаточность"
        },
        {
            "source": "каптоприл",
            "target": "гематологический нарушение"
        },
        {
            "source": "каптоприл",
            "target": "нитратоподобный реакция"
        },
        {
            "source": "каптоприл",
            "target": "ангионевротический отёк"
        },
        {
            "source": "каптоприл",
            "target": "синдром рейно"
        },
        {
            "source": "каптоприл",
            "target": "ингибировать апф"
        },
        {
            "source": "каптоприл",
            "target": "почка"
        },
        {
            "source": "каптоприл",
            "target": "желудочный-кишечный тракт"
        },
        {
            "source": "каптоприл",
            "target": "печень"
        },
        {
            "source": "уменьшать опосредовать апф деградация брадикинин",
            "target": "накопление брадикинин"
        },
        {
            "source": "периферический вазодилатация",
            "target": "антигипертензивный эффект"
        },
        {
            "source": "периферический вазодилатация",
            "target": "ортостатический гипотензия"
        },
        {
            "source": "периферический вазодилатация",
            "target": "«прилив» кровь к лицо"
        },
        {
            "source": "периферический вазодилатация",
            "target": "периферический отёк"
        },
        {
            "source": "периферический вазодилатация",
            "target": "увеличивать почечный кровоток"
        },
        {
            "source": "ингибировать апф",
            "target": "уменьшать опосредовать апф деградация брадикинин"
        },
        {
            "source": "ингибировать апф",
            "target": "уменьшать превращение ангиотензин i в ангиотензин ii"
        },
        {
            "source": "снижать активность ренин-ангиотензин-альдостеронов система (раас)",
            "target": "увеличение активность ренин плазма кровь"
        },
        {
            "source": "снижать активность ренин-ангиотензин-альдостеронов система (раас)",
            "target": "уменьшение секреция альдостерон кора надпочечник"
        },
        {
            "source": "снижать активность ренин-ангиотензин-альдостеронов система (раас)",
            "target": "устранять вазоконстрикторный воздействие сосуд артериальный"
        },
        {
            "source": "снижать активность ренин-ангиотензин-альдостеронов система (раас)",
            "target": "устранять вазоконстрикторный воздействие сосуд венозный"
        },
        {
            "source": "уменьшать превращение ангиотензин i в ангиотензин ii",
            "target": "уменьшение концентрация ангиотензин ii"
        },
        {
            "source": "уменьшение концентрация ангиотензин ii",
            "target": "снижать активность ренин-ангиотензин-альдостеронов система (раас)"
        },
        {
            "source": "уменьшение секреция альдостерон кора надпочечник",
            "target": "антигипертензивный эффект"
        },
        {
            "source": "уменьшение секреция альдостерон кора надпочечник",
            "target": "гиперкалиемия"
        },
        {
            "source": "антигипертензивный эффект",
            "target": "артериальный гипотензия"
        },
        {
            "source": "антигипертензивный эффект",
            "target": "ортостатический гипотензия"
        },
        {
            "source": "накопление брадикинин",
            "target": "периферический вазодилатация"
        },
        {
            "source": "накопление брадикинин",
            "target": "увеличиваться активность калликреин-кининовый система тканевый"
        },
        {
            "source": "накопление брадикинин",
            "target": "увеличиваться активность калликреин-кининовый система циркулировать"
        },
        {
            "source": "артериальный гипотензия",
            "target": "головокружение"
        },
        {
            "source": "артериальный гипотензия",
            "target": "тошнота"
        },
        {
            "source": "артериальный гипотензия",
            "target": "головной боль"
        },
        {
            "source": "артериальный гипотензия",
            "target": "бледность"
        },
        {
            "source": "артериальный гипотензия",
            "target": "обморок"
        },
        {
            "source": "артериальный гипотензия",
            "target": "кардиогенный шок"
        },
        {
            "source": "гепатит",
            "target": "гепатонекроза"
        },
        {
            "source": "печень",
            "target": "гепатит"
        },
        {
            "source": "печень",
            "target": "желтуха"
        },
        {
            "source": "почка",
            "target": "нарушение функция почка"
        },
        {
            "source": "увеличение синтез простагландин е2",
            "target": "кашель"
        },
        {
            "source": "увеличение синтез простагландин е2",
            "target": "периферический вазодилатация"
        },
        {
            "source": "увеличение синтез простагландин е2",
            "target": "одышка"
        },
        {
            "source": "устранять вазоконстрикторный воздействие сосуд артериальный",
            "target": "антигипертензивный эффект"
        },
        {
            "source": "устранять вазоконстрикторный воздействие сосуд венозный",
            "target": "антигипертензивный эффект"
        },
        {
            "source": "увеличиваться активность калликреин-кининовый система тканевый",
            "target": "увеличение синтез простагландин е2"
        },
        {
            "source": "увеличиваться активность калликреин-кининовый система циркулировать",
            "target": "увеличение синтез простагландин е2"
        }
    ],
    "name": [
        "каптоприл"
    ]
}