{
    "directed": true,
    "multigraph": false,
    "graph": {},
    "nodes": [
        {
            "label": "prepare",
            "weight": 5,
            "id": "ранолазин"
        },
        {
            "label": "mechanism",
            "weight": 5,
            "id": "ингибитор поздний ток ион натрий в клетка миокард"
        },
        {
            "label": "absorbtion",
            "weight": 5,
            "id": "внутрь"
        },
        {
            "label": "excretion",
            "weight": 5,
            "id": "печень"
        },
        {
            "label": "metabol",
            "weight": 5,
            "id": "cyp3a4"
        },
        {
            "label": "metabol",
            "weight": 5,
            "id": "cyp2d6"
        },
        {
            "label": "side_e",
            "weight": 5,
            "id": "тромбоцитоз"
        },
        {
            "label": "side_e",
            "weight": 5,
            "id": "лейкоцитоз"
        },
        {
            "label": "side_e",
            "weight": 5,
            "id": "снижение аппетит"
        },
        {
            "label": "side_e",
            "weight": 5,
            "id": "анорексия"
        },
        {
            "label": "side_e",
            "weight": 5,
            "id": "тревога"
        },
        {
            "label": "side_e",
            "weight": 5,
            "id": "бессонница"
        },
        {
            "label": "side_e",
            "weight": 5,
            "id": "спутанность сознание"
        },
        {
            "label": "side_e",
            "weight": 5,
            "id": "галлюцинация"
        },
        {
            "label": "side_e",
            "weight": 5,
            "id": "дезориентация"
        },
        {
            "label": "side_e",
            "weight": 5,
            "id": "головокружение"
        },
        {
            "label": "side_e",
            "weight": 5,
            "id": "головной боль"
        },
        {
            "label": "side_e",
            "weight": 5,
            "id": "заторможенность"
        },
        {
            "label": "side_e",
            "weight": 5,
            "id": "обморок"
        },
        {
            "label": "side_e",
            "weight": 5,
            "id": "гипестезия"
        },
        {
            "label": "side_e",
            "weight": 5,
            "id": "сонливость"
        },
        {
            "label": "side_e",
            "weight": 5,
            "id": "тремор"
        },
        {
            "label": "side_e",
            "weight": 5,
            "id": "постуральной головокружение"
        },
        {
            "label": "side_e",
            "weight": 5,
            "id": "парестезия"
        },
        {
            "label": "side_e",
            "weight": 5,
            "id": "амнезия"
        },
        {
            "label": "side_e",
            "weight": 5,
            "id": "снизить уровень сознание"
        },
        {
            "label": "side_e",
            "weight": 5,
            "id": "потеря сознание"
        },
        {
            "label": "side_e",
            "weight": 5,
            "id": "паросмий"
        },
        {
            "label": "side_e",
            "weight": 5,
            "id": "координация движение"
        },
        {
            "label": "side_e",
            "weight": 5,
            "id": "походка"
        },
        {
            "label": "side_e",
            "weight": 5,
            "id": "нечёткость зрение"
        },
        {
            "label": "side_e",
            "weight": 5,
            "id": "зрительный расстройство"
        },
        {
            "label": "side_e",
            "weight": 5,
            "id": "диплопия"
        },
        {
            "label": "side_e",
            "weight": 5,
            "id": "вертиго"
        },
        {
            "label": "side_e",
            "weight": 5,
            "id": "шум в ухо"
        },
        {
            "label": "side_e",
            "weight": 5,
            "id": "снижение слух"
        },
        {
            "label": "side_e",
            "weight": 5,
            "id": "удлинение корригировать интервал qtc"
        },
        {
            "label": "side_e",
            "weight": 5,
            "id": "«прилив» (прилив кровь к лицо)"
        },
        {
            "label": "side_e",
            "weight": 5,
            "id": "выраженный снижение ад"
        },
        {
            "label": "side_e",
            "weight": 5,
            "id": "похолодание конечность"
        },
        {
            "label": "side_e",
            "weight": 5,
            "id": "ортостатический гипотензия"
        },
        {
            "label": "side_e",
            "weight": 5,
            "id": "одышка"
        },
        {
            "label": "side_e",
            "weight": 5,
            "id": "кашель"
        },
        {
            "label": "side_e",
            "weight": 5,
            "id": "носовой кровотечение"
        },
        {
            "label": "side_e",
            "weight": 5,
            "id": "ощущение сдавление в горло"
        },
        {
            "label": "side_e",
            "weight": 5,
            "id": "запор"
        },
        {
            "label": "side_e",
            "weight": 5,
            "id": "тошнота"
        },
        {
            "label": "side_e",
            "weight": 5,
            "id": "рвота"
        },
        {
            "label": "side_e",
            "weight": 5,
            "id": "боль в живот"
        },
        {
            "label": "side_e",
            "weight": 5,
            "id": "сухость слизистый оболочка полость рот"
        },
        {
            "label": "side_e",
            "weight": 5,
            "id": "диспепсия"
        },
        {
            "label": "side_e",
            "weight": 5,
            "id": "метеоризм"
        },
        {
            "label": "side_e",
            "weight": 5,
            "id": "дискомфорт в область желудок"
        },
        {
            "label": "side_e",
            "weight": 5,
            "id": "панкреатит"
        },
        {
            "label": "side_e",
            "weight": 5,
            "id": "эрозивный дуоденит"
        },
        {
            "label": "side_e",
            "weight": 5,
            "id": "гипестезия полость рот"
        },
        {
            "label": "side_e",
            "weight": 5,
            "id": "кожный зуд"
        },
        {
            "label": "side_e",
            "weight": 5,
            "id": "гипергидроза"
        },
        {
            "label": "side_e",
            "weight": 5,
            "id": "аллергический дерматит"
        },
        {
            "label": "side_e",
            "weight": 5,
            "id": "крапивница"
        },
        {
            "label": "side_e",
            "weight": 5,
            "id": "холодный пот"
        },
        {
            "label": "side_e",
            "weight": 5,
            "id": "кожный сыпь"
        },
        {
            "label": "side_e",
            "weight": 5,
            "id": "ангионевротический отёк"
        },
        {
            "label": "side_e",
            "weight": 5,
            "id": "боль в конечность"
        },
        {
            "label": "side_e",
            "weight": 5,
            "id": "мышечный спазм"
        },
        {
            "label": "side_e",
            "weight": 5,
            "id": "припухлость сустав"
        },
        {
            "label": "side_e",
            "weight": 5,
            "id": "дизурия"
        },
        {
            "label": "side_e",
            "weight": 5,
            "id": "гематурия"
        },
        {
            "label": "side_e",
            "weight": 5,
            "id": "хроматурия"
        },
        {
            "label": "side_e",
            "weight": 5,
            "id": "острый почечный недостаточность"
        },
        {
            "label": "side_e",
            "weight": 5,
            "id": "задержка моча"
        },
        {
            "label": "side_e",
            "weight": 5,
            "id": "эректильный дисфункция"
        },
        {
            "label": "side_e",
            "weight": 5,
            "id": "астения"
        },
        {
            "label": "side_e",
            "weight": 5,
            "id": "повышенный утомляемость"
        },
        {
            "label": "side_e",
            "weight": 5,
            "id": "периферический отёк"
        },
        {
            "label": "side_e",
            "weight": 5,
            "id": "повышение концентрация креатинин в плазма кровь"
        },
        {
            "label": "side_e",
            "weight": 5,
            "id": "повышение концентрация мочевина в плазма кровь"
        },
        {
            "label": "side_e",
            "weight": 5,
            "id": "снижение масса тело"
        },
        {
            "label": "side_e",
            "weight": 5,
            "id": "повышение активность «печёночный» фермент"
        },
        {
            "label": "group",
            "weight": 5,
            "id": "антиангинальный средство"
        },
        {
            "label": "mechanism",
            "weight": 5,
            "id": "снижение внутриклеточный накопление натрий"
        },
        {
            "label": "action",
            "weight": 5,
            "id": "уменьшение избыток внутриклеточный ион кальций"
        },
        {
            "label": "action",
            "weight": 5,
            "id": "уменьшать внутриклеточный ионный дисбаланс при ишемия"
        },
        {
            "label": "action",
            "weight": 5,
            "id": "расслабление миокард"
        },
        {
            "label": "action",
            "weight": 5,
            "id": "снижать диастолический напряжение стенка желудочек"
        },
        {
            "label": "excretion",
            "weight": 5,
            "id": "моча"
        },
        {
            "label": "excretion",
            "weight": 5,
            "id": "кал"
        },
        {
            "label": "side_e",
            "weight": 5,
            "id": "дегидратация"
        },
        {
            "label": "side_e",
            "weight": 5,
            "id": "гипонатриемия"
        }
    ],
    "links": [
        {
            "source": "ранолазин",
            "target": "тромбоцитоз"
        },
        {
            "source": "ранолазин",
            "target": "лейкоцитоз"
        },
        {
            "source": "ранолазин",
            "target": "снижение аппетит"
        },
        {
            "source": "ранолазин",
            "target": "анорексия"
        },
        {
            "source": "ранолазин",
            "target": "тревога"
        },
        {
            "source": "ранолазин",
            "target": "бессонница"
        },
        {
            "source": "ранолазин",
            "target": "спутанность сознание"
        },
        {
            "source": "ранолазин",
            "target": "галлюцинация"
        },
        {
            "source": "ранолазин",
            "target": "дезориентация"
        },
        {
            "source": "ранолазин",
            "target": "головокружение"
        },
        {
            "source": "ранолазин",
            "target": "головной боль"
        },
        {
            "source": "ранолазин",
            "target": "заторможенность"
        },
        {
            "source": "ранолазин",
            "target": "обморок"
        },
        {
            "source": "ранолазин",
            "target": "гипестезия"
        },
        {
            "source": "ранолазин",
            "target": "сонливость"
        },
        {
            "source": "ранолазин",
            "target": "тремор"
        },
        {
            "source": "ранолазин",
            "target": "постуральной головокружение"
        },
        {
            "source": "ранолазин",
            "target": "парестезия"
        },
        {
            "source": "ранолазин",
            "target": "амнезия"
        },
        {
            "source": "ранолазин",
            "target": "снизить уровень сознание"
        },
        {
            "source": "ранолазин",
            "target": "потеря сознание"
        },
        {
            "source": "ранолазин",
            "target": "паросмий"
        },
        {
            "source": "ранолазин",
            "target": "координация движение"
        },
        {
            "source": "ранолазин",
            "target": "походка"
        },
        {
            "source": "ранолазин",
            "target": "нечёткость зрение"
        },
        {
            "source": "ранолазин",
            "target": "зрительный расстройство"
        },
        {
            "source": "ранолазин",
            "target": "диплопия"
        },
        {
            "source": "ранолазин",
            "target": "вертиго"
        },
        {
            "source": "ранолазин",
            "target": "шум в ухо"
        },
        {
            "source": "ранолазин",
            "target": "снижение слух"
        },
        {
            "source": "ранолазин",
            "target": "удлинение корригировать интервал qtc"
        },
        {
            "source": "ранолазин",
            "target": "«прилив» (прилив кровь к лицо)"
        },
        {
            "source": "ранолазин",
            "target": "выраженный снижение ад"
        },
        {
            "source": "ранолазин",
            "target": "похолодание конечность"
        },
        {
            "source": "ранолазин",
            "target": "ортостатический гипотензия"
        },
        {
            "source": "ранолазин",
            "target": "одышка"
        },
        {
            "source": "ранолазин",
            "target": "кашель"
        },
        {
            "source": "ранолазин",
            "target": "носовой кровотечение"
        },
        {
            "source": "ранолазин",
            "target": "ощущение сдавление в горло"
        },
        {
            "source": "ранолазин",
            "target": "запор"
        },
        {
            "source": "ранолазин",
            "target": "тошнота"
        },
        {
            "source": "ранолазин",
            "target": "рвота"
        },
        {
            "source": "ранолазин",
            "target": "боль в живот"
        },
        {
            "source": "ранолазин",
            "target": "сухость слизистый оболочка полость рот"
        },
        {
            "source": "ранолазин",
            "target": "диспепсия"
        },
        {
            "source": "ранолазин",
            "target": "метеоризм"
        },
        {
            "source": "ранолазин",
            "target": "дискомфорт в область желудок"
        },
        {
            "source": "ранолазин",
            "target": "панкреатит"
        },
        {
            "source": "ранолазин",
            "target": "эрозивный дуоденит"
        },
        {
            "source": "ранолазин",
            "target": "гипестезия полость рот"
        },
        {
            "source": "ранолазин",
            "target": "кожный зуд"
        },
        {
            "source": "ранолазин",
            "target": "гипергидроза"
        },
        {
            "source": "ранолазин",
            "target": "аллергический дерматит"
        },
        {
            "source": "ранолазин",
            "target": "крапивница"
        },
        {
            "source": "ранолазин",
            "target": "холодный пот"
        },
        {
            "source": "ранолазин",
            "target": "кожный сыпь"
        },
        {
            "source": "ранолазин",
            "target": "ангионевротический отёк"
        },
        {
            "source": "ранолазин",
            "target": "боль в конечность"
        },
        {
            "source": "ранолазин",
            "target": "мышечный спазм"
        },
        {
            "source": "ранолазин",
            "target": "припухлость сустав"
        },
        {
            "source": "ранолазин",
            "target": "дизурия"
        },
        {
            "source": "ранолазин",
            "target": "гематурия"
        },
        {
            "source": "ранолазин",
            "target": "хроматурия"
        },
        {
            "source": "ранолазин",
            "target": "острый почечный недостаточность"
        },
        {
            "source": "ранолазин",
            "target": "задержка моча"
        },
        {
            "source": "ранолазин",
            "target": "эректильный дисфункция"
        },
        {
            "source": "ранолазин",
            "target": "астения"
        },
        {
            "source": "ранолазин",
            "target": "повышенный утомляемость"
        },
        {
            "source": "ранолазин",
            "target": "периферический отёк"
        },
        {
            "source": "ранолазин",
            "target": "повышение концентрация креатинин в плазма кровь"
        },
        {
            "source": "ранолазин",
            "target": "повышение концентрация мочевина в плазма кровь"
        },
        {
            "source": "ранолазин",
            "target": "снижение масса тело"
        },
        {
            "source": "ранолазин",
            "target": "повышение активность «печёночный» фермент"
        },
        {
            "source": "ранолазин",
            "target": "ингибитор поздний ток ион натрий в клетка миокард"
        },
        {
            "source": "ранолазин",
            "target": "внутрь"
        },
        {
            "source": "ранолазин",
            "target": "печень"
        },
        {
            "source": "ингибитор поздний ток ион натрий в клетка миокард",
            "target": "снижение внутриклеточный накопление натрий"
        },
        {
            "source": "печень",
            "target": "cyp3a4"
        },
        {
            "source": "печень",
            "target": "cyp2d6"
        },
        {
            "source": "печень",
            "target": "моча"
        },
        {
            "source": "печень",
            "target": "кал"
        },
        {
            "source": "антиангинальный средство",
            "target": "ранолазин"
        },
        {
            "source": "снижение внутриклеточный накопление натрий",
            "target": "уменьшение избыток внутриклеточный ион кальций"
        },
        {
            "source": "снижение внутриклеточный накопление натрий",
            "target": "дегидратация"
        },
        {
            "source": "снижение внутриклеточный накопление натрий",
            "target": "гипонатриемия"
        },
        {
            "source": "уменьшение избыток внутриклеточный ион кальций",
            "target": "уменьшать внутриклеточный ионный дисбаланс при ишемия"
        },
        {
            "source": "уменьшать внутриклеточный ионный дисбаланс при ишемия",
            "target": "расслабление миокард"
        },
        {
            "source": "расслабление миокард",
            "target": "снижать диастолический напряжение стенка желудочек"
        }
    ],
    "name": [
        "ранолазин"
    ]
}