{
    "directed": true,
    "multigraph": false,
    "graph": {},
    "nodes": [
        {
            "label": "action",
            "weight": 5,
            "id": "оказывать положительный инотропный действие"
        },
        {
            "label": "noun",
            "weight": 5,
            "id": "субтоксический и токсический доза"
        },
        {
            "label": "side_e",
            "weight": 5,
            "id": "диарея"
        },
        {
            "label": "side_e",
            "weight": 5,
            "id": "абдоминальный боль"
        },
        {
            "label": "side_e",
            "weight": 5,
            "id": "некроз кишечник"
        },
        {
            "label": "side_e",
            "weight": 5,
            "id": "нарушение сон"
        },
        {
            "label": "side_e",
            "weight": 5,
            "id": "головной боль"
        },
        {
            "label": "side_e",
            "weight": 5,
            "id": "головокружение"
        },
        {
            "label": "side_e",
            "weight": 5,
            "id": "неврит"
        },
        {
            "label": "side_e",
            "weight": 5,
            "id": "радикулит"
        },
        {
            "label": "side_e",
            "weight": 5,
            "id": "маниакально-депрессивный синдром"
        },
        {
            "label": "side_e",
            "weight": 5,
            "id": "парестезия и обморок"
        },
        {
            "label": "side_e",
            "weight": 5,
            "id": "дезориентация"
        },
        {
            "label": "side_e",
            "weight": 5,
            "id": "спутанность сознание"
        },
        {
            "label": "side_e",
            "weight": 5,
            "id": "одноцветный зрительный галлюцинация"
        },
        {
            "label": "side_e",
            "weight": 5,
            "id": "окрашивание видимый предмет в жёлтый-зелёный цвет"
        },
        {
            "label": "side_e",
            "weight": 5,
            "id": "мелькание «мушка» перед глаз"
        },
        {
            "label": "side_e",
            "weight": 5,
            "id": "снижение острота зрение"
        },
        {
            "label": "side_e",
            "weight": 5,
            "id": "макрой микропсия"
        },
        {
            "label": "side_e",
            "weight": 5,
            "id": "кожный сыпь"
        },
        {
            "label": "side_e",
            "weight": 5,
            "id": "крапивница"
        },
        {
            "label": "side_e",
            "weight": 5,
            "id": "тромбоцитопенический пурпур"
        },
        {
            "label": "side_e",
            "weight": 5,
            "id": "носовой кровотечение"
        },
        {
            "label": "side_e",
            "weight": 5,
            "id": "петехия"
        },
        {
            "label": "side_e",
            "weight": 5,
            "id": "гинекомастие"
        },
        {
            "label": "side_e",
            "weight": 5,
            "id": "аритмия"
        },
        {
            "label": "side_e",
            "weight": 5,
            "id": "токсический воздействие препарат"
        },
        {
            "label": "prepare",
            "weight": 5,
            "id": "таллий хлорид (tl 201)"
        },
        {
            "label": "prepare",
            "weight": 5,
            "id": "дигоксин"
        },
        {
            "label": "group",
            "weight": 5,
            "id": "средство для лечение заболевание сердце"
        },
        {
            "label": "group",
            "weight": 5,
            "id": "сердечный гликозид"
        },
        {
            "label": "group",
            "weight": 5,
            "id": "гликозид наперстянка"
        },
        {
            "label": "mechanism",
            "weight": 5,
            "id": "ингибировать действие na+/к +-атф-фаза на мембрана кардиомиоцит"
        },
        {
            "label": "action",
            "weight": 5,
            "id": "увеличение внутриклеточный содержание ион натрий"
        },
        {
            "label": "action",
            "weight": 5,
            "id": "снижение ион калий"
        },
        {
            "label": "action",
            "weight": 5,
            "id": "активация натрий/кальциевый обмен"
        },
        {
            "label": "action",
            "weight": 5,
            "id": "повышение содержание ион кальций"
        },
        {
            "label": "action",
            "weight": 5,
            "id": "повышаться сила сокращение миокард"
        },
        {
            "label": "action",
            "weight": 5,
            "id": "увеличиваться ударный объём кровь"
        },
        {
            "label": "action",
            "weight": 5,
            "id": "повышение тонус миокард"
        },
        {
            "label": "action",
            "weight": 5,
            "id": "сокращение он размер"
        },
        {
            "label": "action",
            "weight": 5,
            "id": "снижение потребность миокард в кислород"
        },
        {
            "label": "action",
            "weight": 5,
            "id": "отрицательный хронотропный действие"
        },
        {
            "label": "action",
            "weight": 5,
            "id": "уменьшать чрезмерный симпатический активность"
        },
        {
            "label": "mechanism",
            "weight": 5,
            "id": "повышение чувствительность кардиопульмональный барорецептор"
        },
        {
            "label": "mechanism",
            "weight": 5,
            "id": "увеличение активность блуждать нерв"
        },
        {
            "label": "action",
            "weight": 5,
            "id": "антиаритмический действие"
        },
        {
            "label": "action",
            "weight": 5,
            "id": "уменьшение скорость проведение импульс через атриовентрикулярный узел"
        },
        {
            "label": "action",
            "weight": 5,
            "id": "удлинение эффективный рефрактерный период"
        },
        {
            "label": "mechanism",
            "weight": 5,
            "id": "симпатолитический действие"
        },
        {
            "label": "mechanism",
            "weight": 5,
            "id": "прямой действие на атриовентрикулярный узел"
        },
        {
            "label": "mechanism",
            "weight": 5,
            "id": "повышение рефрактерность атриовентрикулярный (av) узел"
        },
        {
            "label": "action",
            "weight": 5,
            "id": "отрицательный дромотропный эффект"
        },
        {
            "label": "mechanism",
            "weight": 5,
            "id": "вазоконстрикторный действие"
        },
        {
            "label": "action",
            "weight": 5,
            "id": "вазодилатировать эффект"
        },
        {
            "label": "action",
            "weight": 5,
            "id": "снижаться опсс"
        },
        {
            "label": "absorbtion",
            "weight": 5,
            "id": "желудочный-кишечный тракт"
        },
        {
            "label": "metabol",
            "weight": 5,
            "id": "печень"
        },
        {
            "label": "excretion",
            "weight": 5,
            "id": "почка"
        },
        {
            "label": "side_e",
            "weight": 5,
            "id": "желудочковый пароксизмальный тахикардия"
        },
        {
            "label": "side_e",
            "weight": 5,
            "id": "желудочковый экстрасистолия (бигеминий, политопный желудочковый экстрасистолия)"
        },
        {
            "label": "side_e",
            "weight": 5,
            "id": "узловой тахикардия"
        },
        {
            "label": "side_e",
            "weight": 5,
            "id": "синусовый брадикардия"
        },
        {
            "label": "side_e",
            "weight": 5,
            "id": "синоаурикулярный (sa) блокада"
        },
        {
            "label": "side_e",
            "weight": 5,
            "id": "мерцание и трепетание предсердие"
        },
        {
            "label": "side_e",
            "weight": 5,
            "id": "av блокада"
        },
        {
            "label": "side_e",
            "weight": 5,
            "id": "корытообразный депрессия сегмент st"
        },
        {
            "label": "side_e",
            "weight": 5,
            "id": "анорексия"
        },
        {
            "label": "side_e",
            "weight": 5,
            "id": "тошнота"
        },
        {
            "label": "side_e",
            "weight": 5,
            "id": "рвота"
        },
        {
            "label": "action",
            "weight": 5,
            "id": "снижаться конечный объём сердце систолический"
        },
        {
            "label": "action",
            "weight": 5,
            "id": "снижаться конечный объём сердце диастолический"
        }
    ],
    "links": [
        {
            "source": "дигоксин",
            "target": "диарея"
        },
        {
            "source": "дигоксин",
            "target": "абдоминальный боль"
        },
        {
            "source": "дигоксин",
            "target": "некроз кишечник"
        },
        {
            "source": "дигоксин",
            "target": "нарушение сон"
        },
        {
            "source": "дигоксин",
            "target": "головной боль"
        },
        {
            "source": "дигоксин",
            "target": "головокружение"
        },
        {
            "source": "дигоксин",
            "target": "неврит"
        },
        {
            "source": "дигоксин",
            "target": "радикулит"
        },
        {
            "source": "дигоксин",
            "target": "маниакально-депрессивный синдром"
        },
        {
            "source": "дигоксин",
            "target": "парестезия и обморок"
        },
        {
            "source": "дигоксин",
            "target": "дезориентация"
        },
        {
            "source": "дигоксин",
            "target": "спутанность сознание"
        },
        {
            "source": "дигоксин",
            "target": "одноцветный зрительный галлюцинация"
        },
        {
            "source": "дигоксин",
            "target": "окрашивание видимый предмет в жёлтый-зелёный цвет"
        },
        {
            "source": "дигоксин",
            "target": "мелькание «мушка» перед глаз"
        },
        {
            "source": "дигоксин",
            "target": "снижение острота зрение"
        },
        {
            "source": "дигоксин",
            "target": "макрой микропсия"
        },
        {
            "source": "дигоксин",
            "target": "кожный сыпь"
        },
        {
            "source": "дигоксин",
            "target": "крапивница"
        },
        {
            "source": "дигоксин",
            "target": "тромбоцитопенический пурпур"
        },
        {
            "source": "дигоксин",
            "target": "носовой кровотечение"
        },
        {
            "source": "дигоксин",
            "target": "петехия"
        },
        {
            "source": "дигоксин",
            "target": "гинекомастие"
        },
        {
            "source": "дигоксин",
            "target": "аритмия"
        },
        {
            "source": "дигоксин",
            "target": "токсический воздействие препарат"
        },
        {
            "source": "дигоксин",
            "target": "анорексия"
        },
        {
            "source": "дигоксин",
            "target": "тошнота"
        },
        {
            "source": "дигоксин",
            "target": "рвота"
        },
        {
            "source": "дигоксин",
            "target": "ингибировать действие na+/к +-атф-фаза на мембрана кардиомиоцит"
        },
        {
            "source": "дигоксин",
            "target": "повышение чувствительность кардиопульмональный барорецептор"
        },
        {
            "source": "дигоксин",
            "target": "увеличение активность блуждать нерв"
        },
        {
            "source": "дигоксин",
            "target": "прямой действие на атриовентрикулярный узел"
        },
        {
            "source": "дигоксин",
            "target": "симпатолитический действие"
        },
        {
            "source": "дигоксин",
            "target": "повышение рефрактерность атриовентрикулярный (av) узел"
        },
        {
            "source": "дигоксин",
            "target": "вазоконстрикторный действие"
        },
        {
            "source": "дигоксин",
            "target": "желудочный-кишечный тракт"
        },
        {
            "source": "дигоксин",
            "target": "печень"
        },
        {
            "source": "дигоксин",
            "target": "почка"
        },
        {
            "source": "средство для лечение заболевание сердце",
            "target": "сердечный гликозид"
        },
        {
            "source": "сердечный гликозид",
            "target": "гликозид наперстянка"
        },
        {
            "source": "гликозид наперстянка",
            "target": "дигоксин"
        },
        {
            "source": "ингибировать действие na+/к +-атф-фаза на мембрана кардиомиоцит",
            "target": "увеличение внутриклеточный содержание ион натрий"
        },
        {
            "source": "ингибировать действие na+/к +-атф-фаза на мембрана кардиомиоцит",
            "target": "снижение ион калий"
        },
        {
            "source": "ингибировать действие na+/к +-атф-фаза на мембрана кардиомиоцит",
            "target": "желудочковый пароксизмальный тахикардия"
        },
        {
            "source": "ингибировать действие na+/к +-атф-фаза на мембрана кардиомиоцит",
            "target": "желудочковый экстрасистолия (бигеминий, политопный желудочковый экстрасистолия)"
        },
        {
            "source": "ингибировать действие na+/к +-атф-фаза на мембрана кардиомиоцит",
            "target": "корытообразный депрессия сегмент st"
        },
        {
            "source": "увеличение внутриклеточный содержание ион натрий",
            "target": "активация натрий/кальциевый обмен"
        },
        {
            "source": "активация натрий/кальциевый обмен",
            "target": "повышение содержание ион кальций"
        },
        {
            "source": "повышение содержание ион кальций",
            "target": "повышаться сила сокращение миокард"
        },
        {
            "source": "повышаться сила сокращение миокард",
            "target": "увеличиваться ударный объём кровь"
        },
        {
            "source": "повышаться сила сокращение миокард",
            "target": "увеличение активность блуждать нерв"
        },
        {
            "source": "увеличиваться ударный объём кровь",
            "target": "повышение тонус миокард"
        },
        {
            "source": "увеличиваться ударный объём кровь",
            "target": "вазодилатировать эффект"
        },
        {
            "source": "увеличиваться ударный объём кровь",
            "target": "снижаться конечный объём сердце систолический"
        },
        {
            "source": "увеличиваться ударный объём кровь",
            "target": "снижаться конечный объём сердце диастолический"
        },
        {
            "source": "повышение тонус миокард",
            "target": "сокращение он размер"
        },
        {
            "source": "сокращение он размер",
            "target": "снижение потребность миокард в кислород"
        },
        {
            "source": "уменьшать чрезмерный симпатический активность",
            "target": "отрицательный хронотропный действие"
        },
        {
            "source": "повышение чувствительность кардиопульмональный барорецептор",
            "target": "уменьшать чрезмерный симпатический активность"
        },
        {
            "source": "увеличение активность блуждать нерв",
            "target": "уменьшение скорость проведение импульс через атриовентрикулярный узел"
        },
        {
            "source": "увеличение активность блуждать нерв",
            "target": "удлинение эффективный рефрактерный период"
        },
        {
            "source": "уменьшение скорость проведение импульс через атриовентрикулярный узел",
            "target": "антиаритмический действие"
        },
        {
            "source": "удлинение эффективный рефрактерный период",
            "target": "антиаритмический действие"
        },
        {
            "source": "симпатолитический действие",
            "target": "антиаритмический действие"
        },
        {
            "source": "симпатолитический действие",
            "target": "вазодилатировать эффект"
        },
        {
            "source": "прямой действие на атриовентрикулярный узел",
            "target": "антиаритмический действие"
        },
        {
            "source": "повышение рефрактерность атриовентрикулярный (av) узел",
            "target": "отрицательный дромотропный эффект"
        },
        {
            "source": "отрицательный дромотропный эффект",
            "target": "антиаритмический действие"
        },
        {
            "source": "отрицательный дромотропный эффект",
            "target": "узловой тахикардия"
        },
        {
            "source": "отрицательный дромотропный эффект",
            "target": "синусовый брадикардия"
        },
        {
            "source": "отрицательный дромотропный эффект",
            "target": "синоаурикулярный (sa) блокада"
        },
        {
            "source": "отрицательный дромотропный эффект",
            "target": "мерцание и трепетание предсердие"
        },
        {
            "source": "отрицательный дромотропный эффект",
            "target": "av блокада"
        },
        {
            "source": "вазодилатировать эффект",
            "target": "снижаться опсс"
        },
        {
            "source": "снижаться конечный объём сердце систолический",
            "target": "сокращение он размер"
        },
        {
            "source": "снижаться конечный объём сердце диастолический",
            "target": "сокращение он размер"
        }
    ],
    "name": [
        "дигоксин"
    ]
}