{
    "directed": true,
    "multigraph": false,
    "graph": {},
    "nodes": [
        {
            "label": "group",
            "weight": 5,
            "id": "средство, действовать на ренин-ангиотензиновый система"
        },
        {
            "label": "group",
            "weight": 5,
            "id": "ингибитор ангиотензинпревращать фермент (апф)"
        },
        {
            "label": "group",
            "weight": 5,
            "id": "ингибитор апф и блокатор кальциевый канал"
        },
        {
            "label": "prepare",
            "weight": 5,
            "id": "амлодипин"
        },
        {
            "label": "prepare",
            "weight": 5,
            "id": "периндоприл"
        },
        {
            "label": "mechanism",
            "weight": 5,
            "id": "ингибитор фермент, превращать ангиотензин i в ангиотензин ii"
        },
        {
            "label": "mechanism",
            "weight": 5,
            "id": "улучшение периферический кровоток без изменение чсс"
        },
        {
            "label": "side_e",
            "weight": 5,
            "id": "головокружение"
        },
        {
            "label": "side_e",
            "weight": 5,
            "id": "головной боль"
        },
        {
            "label": "side_e",
            "weight": 5,
            "id": "звон в ухо"
        },
        {
            "label": "side_e",
            "weight": 5,
            "id": "тошнота"
        },
        {
            "label": "group",
            "weight": 5,
            "id": "блокатор медленный кальциевый канал"
        },
        {
            "label": "action",
            "weight": 5,
            "id": "антигипертензивный действие"
        },
        {
            "label": "mechanism",
            "weight": 5,
            "id": "прямой расслаблять воздействие"
        },
        {
            "label": "mechanism",
            "weight": 5,
            "id": "уменьшать общий ишемический нагрузка"
        },
        {
            "label": "action",
            "weight": 5,
            "id": "вызывать расширение периферический артериол"
        },
        {
            "label": "action",
            "weight": 5,
            "id": "уменьшать общий периферический сосудистый сопротивление"
        },
        {
            "label": "mechanism",
            "weight": 5,
            "id": "антиангинальный действие"
        },
        {
            "label": "action",
            "weight": 5,
            "id": "расширение коронарный артерия и артериол"
        },
        {
            "label": "action",
            "weight": 5,
            "id": "увеличивать поступление кислород в миокард"
        },
        {
            "label": "side_e",
            "weight": 5,
            "id": "гипотензия"
        },
        {
            "label": "action",
            "weight": 5,
            "id": "обладать сосудорасширяющий действие"
        },
        {
            "label": "mechanism",
            "weight": 5,
            "id": "вызывать увеличение активность ренин в плазма кровь"
        },
        {
            "label": "mechanism",
            "weight": 5,
            "id": "уменьшение секреция альдостерон"
        },
        {
            "label": "mechanism",
            "weight": 5,
            "id": "повышение активность калликреин-кининовый система"
        },
        {
            "label": "mechanism",
            "weight": 5,
            "id": "активироваться система простагландин"
        },
        {
            "label": "mechanism",
            "weight": 5,
            "id": "тканевый"
        },
        {
            "label": "mechanism",
            "weight": 5,
            "id": "циркулировать"
        },
        {
            "label": "side_e",
            "weight": 5,
            "id": "повышение риск ортостатический гипотензия"
        },
        {
            "label": "mechanism",
            "weight": 5,
            "id": "эластичность крупный артерия"
        },
        {
            "label": "mechanism",
            "weight": 5,
            "id": "структура сосудистый стенка мелкий артерия"
        },
        {
            "label": "mechanism",
            "weight": 5,
            "id": "восстановление"
        },
        {
            "label": "mechanism",
            "weight": 5,
            "id": "уменьшать гипертрофия левый желудочек"
        },
        {
            "label": "side_e",
            "weight": 5,
            "id": "вертиго"
        },
        {
            "label": "metabol",
            "weight": 5,
            "id": "метаболизироваться в печень"
        },
        {
            "label": "metabol",
            "weight": 5,
            "id": "образование неактивный метаболит"
        },
        {
            "label": "excretion",
            "weight": 5,
            "id": "почка"
        },
        {
            "label": "side_e",
            "weight": 5,
            "id": "нарушение функция почка"
        },
        {
            "label": "side_e",
            "weight": 5,
            "id": "острый почечный недостаточность"
        },
        {
            "label": "side_e",
            "weight": 5,
            "id": "гепатит"
        },
        {
            "label": "side_e",
            "weight": 5,
            "id": "повышение активность «печёночный» фермент"
        },
        {
            "label": "prepare",
            "weight": 5,
            "id": "каптоприл"
        },
        {
            "label": "action",
            "weight": 5,
            "id": "устранять вазоконстрикторный воздействие"
        },
        {
            "label": "mechanism",
            "weight": 5,
            "id": "уменьшать опосредовать апф деградация брадикинин"
        },
        {
            "label": "mechanism",
            "weight": 5,
            "id": "способствовать периферический вазодилатация"
        },
        {
            "label": "mechanism",
            "weight": 5,
            "id": "увеличивать почечный кровоток"
        },
        {
            "label": "mechanism",
            "weight": 5,
            "id": "ингибировать апф"
        },
        {
            "label": "mechanism",
            "weight": 5,
            "id": "снижать активность ренин-ангиотензин-альдостеронов система (раас)"
        },
        {
            "label": "mechanism",
            "weight": 5,
            "id": "уменьшать превращение ангиотензин i в ангиотензин ii"
        },
        {
            "label": "mechanism",
            "weight": 5,
            "id": "уменьшение концентрация ангиотензин ii"
        },
        {
            "label": "side_e",
            "weight": 5,
            "id": "кашель"
        },
        {
            "label": "mechanism",
            "weight": 5,
            "id": "накопление брадикинин"
        },
        {
            "label": "side_e",
            "weight": 5,
            "id": "ортостатический гипотензия"
        },
        {
            "label": "side_e",
            "weight": 5,
            "id": "артериальный гипотензия"
        },
        {
            "label": "side_e",
            "weight": 5,
            "id": "гепатонекроза"
        },
        {
            "label": "absorbtion",
            "weight": 5,
            "id": "в желудочный-кишечный тракт"
        },
        {
            "label": "side_e",
            "weight": 5,
            "id": "«прилив» кровь к лицо"
        },
        {
            "label": "side_e",
            "weight": 5,
            "id": "бледность"
        },
        {
            "label": "side_e",
            "weight": 5,
            "id": "периферический отёк"
        },
        {
            "label": "side_e",
            "weight": 5,
            "id": "одышка"
        },
        {
            "label": "side_e",
            "weight": 5,
            "id": "обморок"
        },
        {
            "label": "side_e",
            "weight": 5,
            "id": "желтуха"
        },
        {
            "label": "side_e",
            "weight": 5,
            "id": "кардиогенный шок"
        },
        {
            "label": "prepare",
            "weight": 5,
            "id": "карведилол"
        },
        {
            "label": "group",
            "weight": 5,
            "id": "бета-адреноблокатор"
        },
        {
            "label": "group",
            "weight": 5,
            "id": "альфа и бета-адреноблокатор"
        },
        {
            "label": "action",
            "weight": 5,
            "id": "вазодилатировать"
        },
        {
            "label": "action",
            "weight": 5,
            "id": "антиаритмический действие"
        },
        {
            "label": "mechanism",
            "weight": 5,
            "id": "блокатор"
        },
        {
            "label": "mechanism",
            "weight": 5,
            "id": "адренорецептор"
        },
        {
            "label": "mechanism",
            "weight": 5,
            "id": "α1"
        },
        {
            "label": "action",
            "weight": 5,
            "id": "уменьшать пред постнагрузка на сердце"
        },
        {
            "label": "side_e",
            "weight": 5,
            "id": "гипергликемия"
        },
        {
            "label": "side_e",
            "weight": 5,
            "id": "гипогликемия"
        },
        {
            "label": "side_e",
            "weight": 5,
            "id": "пресинкопальный состояние"
        },
        {
            "label": "side_e",
            "weight": 5,
            "id": "сердечный недостаточность"
        },
        {
            "label": "side_e",
            "weight": 5,
            "id": "постуральный гипотензия"
        },
        {
            "label": "side_e",
            "weight": 5,
            "id": "синкопальный состояние"
        },
        {
            "label": "side_e",
            "weight": 5,
            "id": "похолодание конечность"
        },
        {
            "label": "side_e",
            "weight": 5,
            "id": "заболевание периферический сосуд"
        },
        {
            "label": "side_e",
            "weight": 5,
            "id": "обострение синдром «перемежаться» хромота"
        },
        {
            "label": "side_e",
            "weight": 5,
            "id": "синдром рейно"
        },
        {
            "label": "side_e",
            "weight": 5,
            "id": "нарушение периферический кровообращение"
        },
        {
            "label": "side_e",
            "weight": 5,
            "id": "бронхоспазм"
        },
        {
            "label": "side_e",
            "weight": 5,
            "id": "брадикардия"
        },
        {
            "label": "side_e",
            "weight": 5,
            "id": "нарушение атриовентрикулярный проводимость"
        },
        {
            "label": "excretion",
            "weight": 5,
            "id": "жёлчь"
        },
        {
            "label": "mechanism",
            "weight": 5,
            "id": "ингибировать трансмембранный переход ион кальций в кардиомиоцит"
        },
        {
            "label": "mechanism",
            "weight": 5,
            "id": "ингибировать трансмембранный переход ион кальций гладкомышечный клетка сосудистый стенка"
        },
        {
            "label": "mechanism",
            "weight": 5,
            "id": "активироваться система простагландин е2"
        },
        {
            "label": "action",
            "weight": 5,
            "id": "сосуд артериальный"
        },
        {
            "label": "action",
            "weight": 5,
            "id": "сосуд венозный"
        },
        {
            "label": "mechanism",
            "weight": 5,
            "id": "адренорецептор β1"
        },
        {
            "label": "mechanism",
            "weight": 5,
            "id": "адренорецептор β2"
        }
    ],
    "links": [
        {
            "source": "средство, действовать на ренин-ангиотензиновый система",
            "target": "ингибитор апф и блокатор кальциевый канал"
        },
        {
            "source": "ингибитор ангиотензинпревращать фермент (апф)",
            "target": "периндоприл"
        },
        {
            "source": "ингибитор ангиотензинпревращать фермент (апф)",
            "target": "каптоприл"
        },
        {
            "source": "ингибитор апф и блокатор кальциевый канал",
            "target": "ингибитор ангиотензинпревращать фермент (апф)"
        },
        {
            "source": "ингибитор апф и блокатор кальциевый канал",
            "target": "блокатор медленный кальциевый канал"
        },
        {
            "source": "амлодипин",
            "target": "метаболизироваться в печень"
        },
        {
            "source": "амлодипин",
            "target": "почка"
        },
        {
            "source": "амлодипин",
            "target": "ингибировать трансмембранный переход ион кальций в кардиомиоцит"
        },
        {
            "source": "амлодипин",
            "target": "ингибировать трансмембранный переход ион кальций гладкомышечный клетка сосудистый стенка"
        },
        {
            "source": "периндоприл",
            "target": "ингибитор фермент, превращать ангиотензин i в ангиотензин ii"
        },
        {
            "source": "периндоприл",
            "target": "восстановление"
        },
        {
            "source": "ингибитор фермент, превращать ангиотензин i в ангиотензин ii",
            "target": "уменьшать опосредовать апф деградация брадикинин"
        },
        {
            "source": "ингибитор фермент, превращать ангиотензин i в ангиотензин ii",
            "target": "уменьшение концентрация ангиотензин ii"
        },
        {
            "source": "улучшение периферический кровоток без изменение чсс",
            "target": "уменьшать общий ишемический нагрузка"
        },
        {
            "source": "блокатор медленный кальциевый канал",
            "target": "амлодипин"
        },
        {
            "source": "антигипертензивный действие",
            "target": "гипотензия"
        },
        {
            "source": "антигипертензивный действие",
            "target": "уменьшать гипертрофия левый желудочек"
        },
        {
            "source": "антигипертензивный действие",
            "target": "артериальный гипотензия"
        },
        {
            "source": "прямой расслаблять воздействие",
            "target": "антигипертензивный действие"
        },
        {
            "source": "прямой расслаблять воздействие",
            "target": "вызывать расширение периферический артериол"
        },
        {
            "source": "прямой расслаблять воздействие",
            "target": "расширение коронарный артерия и артериол"
        },
        {
            "source": "уменьшать общий ишемический нагрузка",
            "target": "антиангинальный действие"
        },
        {
            "source": "вызывать расширение периферический артериол",
            "target": "уменьшать общий периферический сосудистый сопротивление"
        },
        {
            "source": "уменьшать общий периферический сосудистый сопротивление",
            "target": "антигипертензивный действие"
        },
        {
            "source": "уменьшать общий периферический сосудистый сопротивление",
            "target": "улучшение периферический кровоток без изменение чсс"
        },
        {
            "source": "уменьшать общий периферический сосудистый сопротивление",
            "target": "постуральный гипотензия"
        },
        {
            "source": "расширение коронарный артерия и артериол",
            "target": "увеличивать поступление кислород в миокард"
        },
        {
            "source": "увеличивать поступление кислород в миокард",
            "target": "уменьшать общий ишемический нагрузка"
        },
        {
            "source": "гипотензия",
            "target": "головокружение"
        },
        {
            "source": "гипотензия",
            "target": "тошнота"
        },
        {
            "source": "гипотензия",
            "target": "звон в ухо"
        },
        {
            "source": "гипотензия",
            "target": "головной боль"
        },
        {
            "source": "гипотензия",
            "target": "повышение риск ортостатический гипотензия"
        },
        {
            "source": "гипотензия",
            "target": "вертиго"
        },
        {
            "source": "обладать сосудорасширяющий действие",
            "target": "уменьшать общий периферический сосудистый сопротивление"
        },
        {
            "source": "обладать сосудорасширяющий действие",
            "target": "«прилив» кровь к лицо"
        },
        {
            "source": "обладать сосудорасширяющий действие",
            "target": "увеличивать почечный кровоток"
        },
        {
            "source": "вызывать увеличение активность ренин в плазма кровь",
            "target": "уменьшение секреция альдостерон"
        },
        {
            "source": "уменьшение секреция альдостерон",
            "target": "антигипертензивный действие"
        },
        {
            "source": "повышение активность калликреин-кининовый система",
            "target": "тканевый"
        },
        {
            "source": "повышение активность калликреин-кининовый система",
            "target": "циркулировать"
        },
        {
            "source": "активироваться система простагландин",
            "target": "антигипертензивный действие"
        },
        {
            "source": "тканевый",
            "target": "активироваться система простагландин"
        },
        {
            "source": "тканевый",
            "target": "активироваться система простагландин е2"
        },
        {
            "source": "циркулировать",
            "target": "активироваться система простагландин"
        },
        {
            "source": "циркулировать",
            "target": "активироваться система простагландин е2"
        },
        {
            "source": "восстановление",
            "target": "эластичность крупный артерия"
        },
        {
            "source": "восстановление",
            "target": "структура сосудистый стенка мелкий артерия"
        },
        {
            "source": "метаболизироваться в печень",
            "target": "образование неактивный метаболит"
        },
        {
            "source": "метаболизироваться в печень",
            "target": "гепатит"
        },
        {
            "source": "метаболизироваться в печень",
            "target": "повышение активность «печёночный» фермент"
        },
        {
            "source": "метаболизироваться в печень",
            "target": "желтуха"
        },
        {
            "source": "метаболизироваться в печень",
            "target": "гепатонекроза"
        },
        {
            "source": "метаболизироваться в печень",
            "target": "жёлчь"
        },
        {
            "source": "почка",
            "target": "нарушение функция почка"
        },
        {
            "source": "нарушение функция почка",
            "target": "острый почечный недостаточность"
        },
        {
            "source": "каптоприл",
            "target": "ингибировать апф"
        },
        {
            "source": "каптоприл",
            "target": "в желудочный-кишечный тракт"
        },
        {
            "source": "каптоприл",
            "target": "метаболизироваться в печень"
        },
        {
            "source": "каптоприл",
            "target": "почка"
        },
        {
            "source": "устранять вазоконстрикторный воздействие",
            "target": "сосуд артериальный"
        },
        {
            "source": "устранять вазоконстрикторный воздействие",
            "target": "сосуд венозный"
        },
        {
            "source": "уменьшать опосредовать апф деградация брадикинин",
            "target": "накопление брадикинин"
        },
        {
            "source": "уменьшать опосредовать апф деградация брадикинин",
            "target": "обладать сосудорасширяющий действие"
        },
        {
            "source": "способствовать периферический вазодилатация",
            "target": "ортостатический гипотензия"
        },
        {
            "source": "способствовать периферический вазодилатация",
            "target": "«прилив» кровь к лицо"
        },
        {
            "source": "способствовать периферический вазодилатация",
            "target": "периферический отёк"
        },
        {
            "source": "способствовать периферический вазодилатация",
            "target": "увеличивать почечный кровоток"
        },
        {
            "source": "способствовать периферический вазодилатация",
            "target": "антигипертензивный действие"
        },
        {
            "source": "ингибировать апф",
            "target": "снижать активность ренин-ангиотензин-альдостеронов система (раас)"
        },
        {
            "source": "ингибировать апф",
            "target": "уменьшать опосредовать апф деградация брадикинин"
        },
        {
            "source": "снижать активность ренин-ангиотензин-альдостеронов система (раас)",
            "target": "уменьшать превращение ангиотензин i в ангиотензин ii"
        },
        {
            "source": "уменьшать превращение ангиотензин i в ангиотензин ii",
            "target": "уменьшение концентрация ангиотензин ii"
        },
        {
            "source": "уменьшение концентрация ангиотензин ii",
            "target": "устранять вазоконстрикторный воздействие"
        },
        {
            "source": "уменьшение концентрация ангиотензин ii",
            "target": "вызывать увеличение активность ренин в плазма кровь"
        },
        {
            "source": "уменьшение концентрация ангиотензин ii",
            "target": "антигипертензивный действие"
        },
        {
            "source": "уменьшение концентрация ангиотензин ii",
            "target": "уменьшение секреция альдостерон"
        },
        {
            "source": "накопление брадикинин",
            "target": "способствовать периферический вазодилатация"
        },
        {
            "source": "накопление брадикинин",
            "target": "повышение активность калликреин-кининовый система"
        },
        {
            "source": "артериальный гипотензия",
            "target": "бледность"
        },
        {
            "source": "артериальный гипотензия",
            "target": "обморок"
        },
        {
            "source": "артериальный гипотензия",
            "target": "кардиогенный шок"
        },
        {
            "source": "артериальный гипотензия",
            "target": "синкопальный состояние"
        },
        {
            "source": "артериальный гипотензия",
            "target": "пресинкопальный состояние"
        },
        {
            "source": "артериальный гипотензия",
            "target": "тошнота"
        },
        {
            "source": "артериальный гипотензия",
            "target": "головной боль"
        },
        {
            "source": "артериальный гипотензия",
            "target": "головокружение"
        },
        {
            "source": "карведилол",
            "target": "блокатор"
        },
        {
            "source": "карведилол",
            "target": "почка"
        },
        {
            "source": "карведилол",
            "target": "метаболизироваться в печень"
        },
        {
            "source": "бета-адреноблокатор",
            "target": "карведилол"
        },
        {
            "source": "альфа и бета-адреноблокатор",
            "target": "бета-адреноблокатор"
        },
        {
            "source": "вазодилатировать",
            "target": "уменьшать общий периферический сосудистый сопротивление"
        },
        {
            "source": "антиаритмический действие",
            "target": "брадикардия"
        },
        {
            "source": "антиаритмический действие",
            "target": "нарушение атриовентрикулярный проводимость"
        },
        {
            "source": "блокатор",
            "target": "адренорецептор"
        },
        {
            "source": "блокатор",
            "target": "адренорецептор β1"
        },
        {
            "source": "блокатор",
            "target": "адренорецептор β2"
        },
        {
            "source": "адренорецептор",
            "target": "α1"
        },
        {
            "source": "α1",
            "target": "вазодилатировать"
        },
        {
            "source": "уменьшать пред постнагрузка на сердце",
            "target": "антиангинальный действие"
        },
        {
            "source": "нарушение периферический кровообращение",
            "target": "похолодание конечность"
        },
        {
            "source": "нарушение периферический кровообращение",
            "target": "обострение синдром «перемежаться» хромота"
        },
        {
            "source": "нарушение периферический кровообращение",
            "target": "заболевание периферический сосуд"
        },
        {
            "source": "нарушение периферический кровообращение",
            "target": "синдром рейно"
        },
        {
            "source": "ингибировать трансмембранный переход ион кальций гладкомышечный клетка сосудистый стенка",
            "target": "прямой расслаблять воздействие"
        },
        {
            "source": "активироваться система простагландин е2",
            "target": "кашель"
        },
        {
            "source": "активироваться система простагландин е2",
            "target": "способствовать периферический вазодилатация"
        },
        {
            "source": "активироваться система простагландин е2",
            "target": "одышка"
        },
        {
            "source": "сосуд артериальный",
            "target": "антигипертензивный действие"
        },
        {
            "source": "сосуд венозный",
            "target": "антигипертензивный действие"
        },
        {
            "source": "адренорецептор β1",
            "target": "антиаритмический действие"
        },
        {
            "source": "адренорецептор β1",
            "target": "уменьшать пред постнагрузка на сердце"
        },
        {
            "source": "адренорецептор β1",
            "target": "сердечный недостаточность"
        },
        {
            "source": "адренорецептор β1",
            "target": "антигипертензивный действие"
        },
        {
            "source": "адренорецептор β2",
            "target": "гипогликемия"
        },
        {
            "source": "адренорецептор β2",
            "target": "гипергликемия"
        },
        {
            "source": "адренорецептор β2",
            "target": "нарушение периферический кровообращение"
        },
        {
            "source": "адренорецептор β2",
            "target": "бронхоспазм"
        }
    ],
    "name": [
        "амлодипин",
        "периндоприл",
        "каптоприл",
        "карведилол"
    ]
}