{
    "directed": true,
    "multigraph": false,
    "graph": {},
    "nodes": [
        {
            "label": "mechanism",
            "weight": 5,
            "id": "ингибитор апф"
        },
        {
            "label": "prepare",
            "weight": 5,
            "id": "лизиноприл"
        },
        {
            "label": "absorbtion",
            "weight": 5,
            "id": "внутрь"
        },
        {
            "label": "side_e",
            "weight": 5,
            "id": "снижение гемоглобин"
        },
        {
            "label": "side_e",
            "weight": 5,
            "id": "снижение гематокрит"
        },
        {
            "label": "side_e",
            "weight": 5,
            "id": "нейтропение"
        },
        {
            "label": "side_e",
            "weight": 5,
            "id": "агранулоцитоз"
        },
        {
            "label": "side_e",
            "weight": 5,
            "id": "эозинофилия"
        },
        {
            "label": "side_e",
            "weight": 5,
            "id": "гемолитический анемия"
        },
        {
            "label": "side_e",
            "weight": 5,
            "id": "лимфаденопатия"
        },
        {
            "label": "side_e",
            "weight": 5,
            "id": "аутоиммунный заболевание"
        },
        {
            "label": "side_e",
            "weight": 5,
            "id": "анафилактический/анафилактоидный реакция"
        },
        {
            "label": "side_e",
            "weight": 5,
            "id": "неадекватный секреция антидиуретический гормон"
        },
        {
            "label": "side_e",
            "weight": 5,
            "id": "гипогликемия"
        },
        {
            "label": "side_e",
            "weight": 5,
            "id": "лабильность настроение"
        },
        {
            "label": "side_e",
            "weight": 5,
            "id": "парестезия"
        },
        {
            "label": "side_e",
            "weight": 5,
            "id": "изменение вкус"
        },
        {
            "label": "side_e",
            "weight": 5,
            "id": "нарушение сон"
        },
        {
            "label": "side_e",
            "weight": 5,
            "id": "галлюцинация"
        },
        {
            "label": "side_e",
            "weight": 5,
            "id": "спутанность сознание"
        },
        {
            "label": "side_e",
            "weight": 5,
            "id": "обоняние"
        },
        {
            "label": "side_e",
            "weight": 5,
            "id": "судорожный подёргивание мышца конечность и губа"
        },
        {
            "label": "side_e",
            "weight": 5,
            "id": "сонливость"
        },
        {
            "label": "side_e",
            "weight": 5,
            "id": "симптом депрессия"
        },
        {
            "label": "side_e",
            "weight": 5,
            "id": "обморок"
        },
        {
            "label": "side_e",
            "weight": 5,
            "id": "цереброваскулярный инсульт"
        },
        {
            "label": "side_e",
            "weight": 5,
            "id": "усугубление симптом сердечный недостаточность"
        },
        {
            "label": "side_e",
            "weight": 5,
            "id": "av проводимость (атриовентрикулярный проводимость)"
        },
        {
            "label": "side_e",
            "weight": 5,
            "id": "боль в грудь"
        },
        {
            "label": "side_e",
            "weight": 5,
            "id": "гипотензия"
        },
        {
            "label": "side_e",
            "weight": 5,
            "id": "ринит"
        },
        {
            "label": "side_e",
            "weight": 5,
            "id": "синусит"
        },
        {
            "label": "side_e",
            "weight": 5,
            "id": "аллергический альвеолит/эозинофильный пневмония"
        },
        {
            "label": "side_e",
            "weight": 5,
            "id": "диарея"
        },
        {
            "label": "side_e",
            "weight": 5,
            "id": "диспепсия"
        },
        {
            "label": "side_e",
            "weight": 5,
            "id": "боль в живот"
        },
        {
            "label": "side_e",
            "weight": 5,
            "id": "сухость слизистый оболочка полость рот"
        },
        {
            "label": "side_e",
            "weight": 5,
            "id": "панкреатит"
        },
        {
            "label": "side_e",
            "weight": 5,
            "id": "печёночный недостаточность"
        },
        {
            "label": "side_e",
            "weight": 5,
            "id": "интестинальный отёк"
        },
        {
            "label": "side_e",
            "weight": 5,
            "id": "анорексия"
        },
        {
            "label": "side_e",
            "weight": 5,
            "id": "кожный зуд"
        },
        {
            "label": "side_e",
            "weight": 5,
            "id": "кожный сыпь"
        },
        {
            "label": "side_e",
            "weight": 5,
            "id": "ангионевротический отёк"
        },
        {
            "label": "side_e",
            "weight": 5,
            "id": "ангионевротический отёк лицо, конечность, губа, язык, гортань и/или глотка"
        },
        {
            "label": "side_e",
            "weight": 5,
            "id": "крапивница"
        },
        {
            "label": "side_e",
            "weight": 5,
            "id": "алопеция"
        },
        {
            "label": "side_e",
            "weight": 5,
            "id": "псориаз"
        },
        {
            "label": "side_e",
            "weight": 5,
            "id": "повышенный потоотделение"
        },
        {
            "label": "side_e",
            "weight": 5,
            "id": "васкулит"
        },
        {
            "label": "side_e",
            "weight": 5,
            "id": "пузырчатка"
        },
        {
            "label": "side_e",
            "weight": 5,
            "id": "токсический эпидермальный некролиз (синдром лайелл)"
        },
        {
            "label": "side_e",
            "weight": 5,
            "id": "многоформный эритема"
        },
        {
            "label": "side_e",
            "weight": 5,
            "id": "псевдолимфома кожа"
        },
        {
            "label": "side_e",
            "weight": 5,
            "id": "лихорадка"
        },
        {
            "label": "side_e",
            "weight": 5,
            "id": "миалгия"
        },
        {
            "label": "side_e",
            "weight": 5,
            "id": "артралгия/артрит"
        },
        {
            "label": "side_e",
            "weight": 5,
            "id": "появление положительный антинуклеарный антитело (ана)"
        },
        {
            "label": "side_e",
            "weight": 5,
            "id": "увеличение скорость оседание эритроцит (соэ)"
        },
        {
            "label": "side_e",
            "weight": 5,
            "id": "лейкоцитоз"
        },
        {
            "label": "side_e",
            "weight": 5,
            "id": "острый почечный недостаточность"
        },
        {
            "label": "side_e",
            "weight": 5,
            "id": "анурия"
        },
        {
            "label": "side_e",
            "weight": 5,
            "id": "олигурия"
        },
        {
            "label": "side_e",
            "weight": 5,
            "id": "протеинурия"
        },
        {
            "label": "side_e",
            "weight": 5,
            "id": "астения"
        },
        {
            "label": "side_e",
            "weight": 5,
            "id": "повышенный утомляемость"
        },
        {
            "label": "side_e",
            "weight": 5,
            "id": "повышение концентрация мочевина в кровь"
        },
        {
            "label": "side_e",
            "weight": 5,
            "id": "гиперкреатининемия"
        },
        {
            "label": "side_e",
            "weight": 5,
            "id": "гиперкалиемия"
        },
        {
            "label": "side_e",
            "weight": 5,
            "id": "повышение активность «печёночный» трансаминаза"
        },
        {
            "label": "side_e",
            "weight": 5,
            "id": "гипербилирубинемия"
        },
        {
            "label": "side_e",
            "weight": 5,
            "id": "повышение соэ"
        },
        {
            "label": "side_e",
            "weight": 5,
            "id": "положительный результат тест на антинуклеарный антитело"
        },
        {
            "label": "side_e",
            "weight": 5,
            "id": "кардиотоксический и нейротоксический действие"
        },
        {
            "label": "prepare",
            "weight": 5,
            "id": "добутамин"
        },
        {
            "label": "side_e",
            "weight": 5,
            "id": "снижение ад"
        },
        {
            "label": "group",
            "weight": 5,
            "id": "средство, действовать на ренин-ангиотензиновый система"
        },
        {
            "label": "group",
            "weight": 5,
            "id": "ингибитор ангиотензинпревращать фермент (апф)"
        },
        {
            "label": "mechanism",
            "weight": 5,
            "id": "снижение содержание ангиотензин ii"
        },
        {
            "label": "mechanism",
            "weight": 5,
            "id": "уменьшение выделение альдостерон"
        },
        {
            "label": "mechanism",
            "weight": 5,
            "id": "уменьшать деградация брадикинин"
        },
        {
            "label": "mechanism",
            "weight": 5,
            "id": "увеличивать синтез простагландин"
        },
        {
            "label": "side_e",
            "weight": 5,
            "id": "головной боль"
        },
        {
            "label": "side_e",
            "weight": 5,
            "id": "головокружение"
        },
        {
            "label": "side_e",
            "weight": 5,
            "id": "синдром рейно"
        },
        {
            "label": "side_e",
            "weight": 5,
            "id": "кашель"
        },
        {
            "label": "side_e",
            "weight": 5,
            "id": "одышка"
        },
        {
            "label": "side_e",
            "weight": 5,
            "id": "желтуха"
        },
        {
            "label": "side_e",
            "weight": 5,
            "id": "гепатит"
        },
        {
            "label": "absorbtion",
            "weight": 5,
            "id": "желудочно-кишечный тракт"
        },
        {
            "label": "metabol",
            "weight": 5,
            "id": "не биотрансформироваться в организм"
        },
        {
            "label": "metabol",
            "weight": 5,
            "id": "незначительно связывается с белками плазмы крови"
        },
        {
            "label": "excretion",
            "weight": 5,
            "id": "почка"
        },
        {
            "label": "side_e",
            "weight": 5,
            "id": "артериальный гипотензия"
        },
        {
            "label": "mechanism",
            "weight": 5,
            "id": "улучшать кровоснабжение ишемизированный миокард"
        },
        {
            "label": "side_e",
            "weight": 5,
            "id": "брадикардия"
        },
        {
            "label": "side_e",
            "weight": 5,
            "id": "тахикардия"
        },
        {
            "label": "side_e",
            "weight": 5,
            "id": "астенический синдром"
        },
        {
            "label": "side_e",
            "weight": 5,
            "id": "вертиго"
        },
        {
            "label": "mechanism",
            "weight": 5,
            "id": "воздействие на ренин-ангиотензинальдостероновый система (раас)"
        },
        {
            "label": "side_e",
            "weight": 5,
            "id": "гинекомастие"
        },
        {
            "label": "side_e",
            "weight": 5,
            "id": "рвота"
        },
        {
            "label": "side_e",
            "weight": 5,
            "id": "тошнота"
        },
        {
            "label": "side_e",
            "weight": 5,
            "id": "сыпь"
        },
        {
            "label": "side_e",
            "weight": 5,
            "id": "ухудшение функция почка"
        },
        {
            "label": "side_e",
            "weight": 5,
            "id": "уремия"
        },
        {
            "label": "side_e",
            "weight": 5,
            "id": "эритропения"
        },
        {
            "label": "side_e",
            "weight": 5,
            "id": "подавление деятельность костный мозг"
        },
        {
            "label": "side_e",
            "weight": 5,
            "id": "лейкопения"
        },
        {
            "label": "side_e",
            "weight": 5,
            "id": "тромбоцитопения"
        },
        {
            "label": "side_e",
            "weight": 5,
            "id": "ортостатический эффект"
        },
        {
            "label": "side_e",
            "weight": 5,
            "id": "инфаркт миокард"
        },
        {
            "label": "side_e",
            "weight": 5,
            "id": "ощущение сердцебиение"
        },
        {
            "label": "side_e",
            "weight": 5,
            "id": "анемия"
        },
        {
            "label": "side_e",
            "weight": 5,
            "id": "фотосенсибилизация"
        },
        {
            "label": "side_e",
            "weight": 5,
            "id": "синдром стивенс-джонсон"
        },
        {
            "label": "side_e",
            "weight": 5,
            "id": "бронхоспазм"
        },
        {
            "label": "side_e",
            "weight": 5,
            "id": "гипонатриемия"
        },
        {
            "label": "side_e",
            "weight": 5,
            "id": "гипокалиемия"
        },
        {
            "label": "side_e",
            "weight": 5,
            "id": "гиперемия лицо"
        },
        {
            "label": "side_e",
            "weight": 5,
            "id": "импотенция"
        },
        {
            "label": "side_e",
            "weight": 5,
            "id": "гиперчувствительность"
        },
        {
            "label": "mechanism",
            "weight": 5,
            "id": "снижать общий периферический сосудистый сопротивление"
        },
        {
            "label": "mechanism",
            "weight": 5,
            "id": "снижать преднагрузка"
        },
        {
            "label": "mechanism",
            "weight": 5,
            "id": "снижать общий периферический сосудистый сопротивление артериальный давление"
        },
        {
            "label": "mechanism",
            "weight": 5,
            "id": "снижать преднагрузка артериальный давление"
        },
        {
            "label": "mechanism",
            "weight": 5,
            "id": "снижать давление в лёгочный капилляр артериальный давление"
        }
    ],
    "links": [
        {
            "source": "ингибитор апф",
            "target": "уменьшать деградация брадикинин"
        },
        {
            "source": "ингибитор апф",
            "target": "воздействие на ренин-ангиотензинальдостероновый система (раас)"
        },
        {
            "source": "лизиноприл",
            "target": "снижение гемоглобин"
        },
        {
            "source": "лизиноприл",
            "target": "снижение гематокрит"
        },
        {
            "source": "лизиноприл",
            "target": "нейтропение"
        },
        {
            "source": "лизиноприл",
            "target": "агранулоцитоз"
        },
        {
            "source": "лизиноприл",
            "target": "эозинофилия"
        },
        {
            "source": "лизиноприл",
            "target": "гемолитический анемия"
        },
        {
            "source": "лизиноприл",
            "target": "лимфаденопатия"
        },
        {
            "source": "лизиноприл",
            "target": "аутоиммунный заболевание"
        },
        {
            "source": "лизиноприл",
            "target": "анафилактический/анафилактоидный реакция"
        },
        {
            "source": "лизиноприл",
            "target": "неадекватный секреция антидиуретический гормон"
        },
        {
            "source": "лизиноприл",
            "target": "гипогликемия"
        },
        {
            "source": "лизиноприл",
            "target": "лабильность настроение"
        },
        {
            "source": "лизиноприл",
            "target": "парестезия"
        },
        {
            "source": "лизиноприл",
            "target": "изменение вкус"
        },
        {
            "source": "лизиноприл",
            "target": "нарушение сон"
        },
        {
            "source": "лизиноприл",
            "target": "галлюцинация"
        },
        {
            "source": "лизиноприл",
            "target": "спутанность сознание"
        },
        {
            "source": "лизиноприл",
            "target": "обоняние"
        },
        {
            "source": "лизиноприл",
            "target": "судорожный подёргивание мышца конечность и губа"
        },
        {
            "source": "лизиноприл",
            "target": "сонливость"
        },
        {
            "source": "лизиноприл",
            "target": "симптом депрессия"
        },
        {
            "source": "лизиноприл",
            "target": "обморок"
        },
        {
            "source": "лизиноприл",
            "target": "цереброваскулярный инсульт"
        },
        {
            "source": "лизиноприл",
            "target": "усугубление симптом сердечный недостаточность"
        },
        {
            "source": "лизиноприл",
            "target": "av проводимость (атриовентрикулярный проводимость)"
        },
        {
            "source": "лизиноприл",
            "target": "боль в грудь"
        },
        {
            "source": "лизиноприл",
            "target": "гипотензия"
        },
        {
            "source": "лизиноприл",
            "target": "ринит"
        },
        {
            "source": "лизиноприл",
            "target": "синусит"
        },
        {
            "source": "лизиноприл",
            "target": "аллергический альвеолит/эозинофильный пневмония"
        },
        {
            "source": "лизиноприл",
            "target": "диарея"
        },
        {
            "source": "лизиноприл",
            "target": "диспепсия"
        },
        {
            "source": "лизиноприл",
            "target": "боль в живот"
        },
        {
            "source": "лизиноприл",
            "target": "сухость слизистый оболочка полость рот"
        },
        {
            "source": "лизиноприл",
            "target": "панкреатит"
        },
        {
            "source": "лизиноприл",
            "target": "печёночный недостаточность"
        },
        {
            "source": "лизиноприл",
            "target": "интестинальный отёк"
        },
        {
            "source": "лизиноприл",
            "target": "анорексия"
        },
        {
            "source": "лизиноприл",
            "target": "кожный зуд"
        },
        {
            "source": "лизиноприл",
            "target": "кожный сыпь"
        },
        {
            "source": "лизиноприл",
            "target": "ангионевротический отёк"
        },
        {
            "source": "лизиноприл",
            "target": "ангионевротический отёк лицо, конечность, губа, язык, гортань и/или глотка"
        },
        {
            "source": "лизиноприл",
            "target": "крапивница"
        },
        {
            "source": "лизиноприл",
            "target": "алопеция"
        },
        {
            "source": "лизиноприл",
            "target": "псориаз"
        },
        {
            "source": "лизиноприл",
            "target": "повышенный потоотделение"
        },
        {
            "source": "лизиноприл",
            "target": "васкулит"
        },
        {
            "source": "лизиноприл",
            "target": "пузырчатка"
        },
        {
            "source": "лизиноприл",
            "target": "токсический эпидермальный некролиз (синдром лайелл)"
        },
        {
            "source": "лизиноприл",
            "target": "многоформный эритема"
        },
        {
            "source": "лизиноприл",
            "target": "псевдолимфома кожа"
        },
        {
            "source": "лизиноприл",
            "target": "лихорадка"
        },
        {
            "source": "лизиноприл",
            "target": "миалгия"
        },
        {
            "source": "лизиноприл",
            "target": "артралгия/артрит"
        },
        {
            "source": "лизиноприл",
            "target": "появление положительный антинуклеарный антитело (ана)"
        },
        {
            "source": "лизиноприл",
            "target": "увеличение скорость оседание эритроцит (соэ)"
        },
        {
            "source": "лизиноприл",
            "target": "лейкоцитоз"
        },
        {
            "source": "лизиноприл",
            "target": "анурия"
        },
        {
            "source": "лизиноприл",
            "target": "олигурия"
        },
        {
            "source": "лизиноприл",
            "target": "протеинурия"
        },
        {
            "source": "лизиноприл",
            "target": "астения"
        },
        {
            "source": "лизиноприл",
            "target": "повышенный утомляемость"
        },
        {
            "source": "лизиноприл",
            "target": "повышение концентрация мочевина в кровь"
        },
        {
            "source": "лизиноприл",
            "target": "гиперкреатининемия"
        },
        {
            "source": "лизиноприл",
            "target": "повышение активность «печёночный» трансаминаза"
        },
        {
            "source": "лизиноприл",
            "target": "гипербилирубинемия"
        },
        {
            "source": "лизиноприл",
            "target": "повышение соэ"
        },
        {
            "source": "лизиноприл",
            "target": "положительный результат тест на антинуклеарный антитело"
        },
        {
            "source": "лизиноприл",
            "target": "кардиотоксический и нейротоксический действие"
        },
        {
            "source": "лизиноприл",
            "target": "снижение ад"
        },
        {
            "source": "лизиноприл",
            "target": "желтуха"
        },
        {
            "source": "лизиноприл",
            "target": "гепатит"
        },
        {
            "source": "лизиноприл",
            "target": "астенический синдром"
        },
        {
            "source": "лизиноприл",
            "target": "тошнота"
        },
        {
            "source": "лизиноприл",
            "target": "сыпь"
        },
        {
            "source": "лизиноприл",
            "target": "подавление деятельность костный мозг"
        },
        {
            "source": "лизиноприл",
            "target": "ортостатический эффект"
        },
        {
            "source": "лизиноприл",
            "target": "ощущение сердцебиение"
        },
        {
            "source": "лизиноприл",
            "target": "фотосенсибилизация"
        },
        {
            "source": "лизиноприл",
            "target": "синдром стивенс-джонсон"
        },
        {
            "source": "лизиноприл",
            "target": "гиперчувствительность"
        },
        {
            "source": "лизиноприл",
            "target": "ингибитор апф"
        },
        {
            "source": "лизиноприл",
            "target": "желудочно-кишечный тракт"
        },
        {
            "source": "лизиноприл",
            "target": "не биотрансформироваться в организм"
        },
        {
            "source": "лизиноприл",
            "target": "незначительно связывается с белками плазмы крови"
        },
        {
            "source": "лизиноприл",
            "target": "почка"
        },
        {
            "source": "средство, действовать на ренин-ангиотензиновый система",
            "target": "ингибитор ангиотензинпревращать фермент (апф)"
        },
        {
            "source": "ингибитор ангиотензинпревращать фермент (апф)",
            "target": "лизиноприл"
        },
        {
            "source": "снижение содержание ангиотензин ii",
            "target": "уменьшение выделение альдостерон"
        },
        {
            "source": "снижение содержание ангиотензин ii",
            "target": "снижать общий периферический сосудистый сопротивление"
        },
        {
            "source": "снижение содержание ангиотензин ii",
            "target": "снижать преднагрузка"
        },
        {
            "source": "снижение содержание ангиотензин ii",
            "target": "снижать общий периферический сосудистый сопротивление артериальный давление"
        },
        {
            "source": "снижение содержание ангиотензин ii",
            "target": "снижать преднагрузка артериальный давление"
        },
        {
            "source": "снижение содержание ангиотензин ii",
            "target": "снижать давление в лёгочный капилляр артериальный давление"
        },
        {
            "source": "уменьшение выделение альдостерон",
            "target": "гиперкалиемия"
        },
        {
            "source": "уменьшение выделение альдостерон",
            "target": "гинекомастие"
        },
        {
            "source": "уменьшение выделение альдостерон",
            "target": "импотенция"
        },
        {
            "source": "уменьшение выделение альдостерон",
            "target": "снижать общий периферический сосудистый сопротивление"
        },
        {
            "source": "уменьшение выделение альдостерон",
            "target": "снижать преднагрузка"
        },
        {
            "source": "уменьшение выделение альдостерон",
            "target": "снижать общий периферический сосудистый сопротивление артериальный давление"
        },
        {
            "source": "уменьшение выделение альдостерон",
            "target": "снижать преднагрузка артериальный давление"
        },
        {
            "source": "уменьшение выделение альдостерон",
            "target": "снижать давление в лёгочный капилляр артериальный давление"
        },
        {
            "source": "уменьшать деградация брадикинин",
            "target": "увеличивать синтез простагландин"
        },
        {
            "source": "увеличивать синтез простагландин",
            "target": "одышка"
        },
        {
            "source": "увеличивать синтез простагландин",
            "target": "кашель"
        },
        {
            "source": "увеличивать синтез простагландин",
            "target": "бронхоспазм"
        },
        {
            "source": "увеличивать синтез простагландин",
            "target": "снижать общий периферический сосудистый сопротивление"
        },
        {
            "source": "увеличивать синтез простагландин",
            "target": "снижать преднагрузка"
        },
        {
            "source": "увеличивать синтез простагландин",
            "target": "снижать общий периферический сосудистый сопротивление артериальный давление"
        },
        {
            "source": "увеличивать синтез простагландин",
            "target": "снижать преднагрузка артериальный давление"
        },
        {
            "source": "увеличивать синтез простагландин",
            "target": "снижать давление в лёгочный капилляр артериальный давление"
        },
        {
            "source": "почка",
            "target": "острый почечный недостаточность"
        },
        {
            "source": "почка",
            "target": "ухудшение функция почка"
        },
        {
            "source": "почка",
            "target": "уремия"
        },
        {
            "source": "почка",
            "target": "гипонатриемия"
        },
        {
            "source": "почка",
            "target": "гипокалиемия"
        },
        {
            "source": "воздействие на ренин-ангиотензинальдостероновый система (раас)",
            "target": "снижение содержание ангиотензин ii"
        },
        {
            "source": "тошнота",
            "target": "рвота"
        },
        {
            "source": "эритропения",
            "target": "анемия"
        },
        {
            "source": "подавление деятельность костный мозг",
            "target": "эритропения"
        },
        {
            "source": "подавление деятельность костный мозг",
            "target": "лейкопения"
        },
        {
            "source": "подавление деятельность костный мозг",
            "target": "тромбоцитопения"
        },
        {
            "source": "ощущение сердцебиение",
            "target": "инфаркт миокард"
        },
        {
            "source": "снижать общий периферический сосудистый сопротивление",
            "target": "синдром рейно"
        },
        {
            "source": "снижать общий периферический сосудистый сопротивление",
            "target": "гиперемия лицо"
        },
        {
            "source": "снижать преднагрузка",
            "target": "улучшать кровоснабжение ишемизированный миокард"
        },
        {
            "source": "снижать общий периферический сосудистый сопротивление артериальный давление",
            "target": "головной боль"
        },
        {
            "source": "снижать общий периферический сосудистый сопротивление артериальный давление",
            "target": "головокружение"
        },
        {
            "source": "снижать общий периферический сосудистый сопротивление артериальный давление",
            "target": "артериальный гипотензия"
        },
        {
            "source": "снижать общий периферический сосудистый сопротивление артериальный давление",
            "target": "тахикардия"
        },
        {
            "source": "снижать общий периферический сосудистый сопротивление артериальный давление",
            "target": "брадикардия"
        },
        {
            "source": "снижать общий периферический сосудистый сопротивление артериальный давление",
            "target": "вертиго"
        },
        {
            "source": "снижать преднагрузка артериальный давление",
            "target": "головной боль"
        },
        {
            "source": "снижать преднагрузка артериальный давление",
            "target": "головокружение"
        },
        {
            "source": "снижать преднагрузка артериальный давление",
            "target": "артериальный гипотензия"
        },
        {
            "source": "снижать преднагрузка артериальный давление",
            "target": "тахикардия"
        },
        {
            "source": "снижать преднагрузка артериальный давление",
            "target": "брадикардия"
        },
        {
            "source": "снижать преднагрузка артериальный давление",
            "target": "вертиго"
        },
        {
            "source": "снижать давление в лёгочный капилляр артериальный давление",
            "target": "головной боль"
        },
        {
            "source": "снижать давление в лёгочный капилляр артериальный давление",
            "target": "головокружение"
        },
        {
            "source": "снижать давление в лёгочный капилляр артериальный давление",
            "target": "артериальный гипотензия"
        },
        {
            "source": "снижать давление в лёгочный капилляр артериальный давление",
            "target": "тахикардия"
        },
        {
            "source": "снижать давление в лёгочный капилляр артериальный давление",
            "target": "брадикардия"
        },
        {
            "source": "снижать давление в лёгочный капилляр артериальный давление",
            "target": "вертиго"
        }
    ],
    "name": [
        "лизиноприл"
    ]
}