{
    "directed": true,
    "multigraph": false,
    "graph": {},
    "nodes": [
        {
            "label": "hormone",
            "weight": 5,
            "id": "адренокортикотропный гормон"
        },
        {
            "label": "prepare",
            "weight": 5,
            "id": "триметазидин"
        },
        {
            "label": "mechanism",
            "weight": 5,
            "id": "предотвращать снижение внутриклеточный концентрация аденозинтрифосфат"
        },
        {
            "label": "action",
            "weight": 5,
            "id": "обеспечивать нормальный функционирование мембранный ионный канал"
        },
        {
            "label": "mechanism",
            "weight": 5,
            "id": "ингибировать β-окисление жирный кислота"
        },
        {
            "label": "action",
            "weight": 5,
            "id": "сохранять уровень высокоэнергетический фосфат в клетка миокард"
        },
        {
            "label": "prepare",
            "weight": 5,
            "id": "атенолол"
        },
        {
            "label": "excretion",
            "weight": 5,
            "id": "почка"
        },
        {
            "label": "side_e",
            "weight": 5,
            "id": "головокружение"
        },
        {
            "label": "side_e",
            "weight": 5,
            "id": "головной боль"
        },
        {
            "label": "side_e",
            "weight": 5,
            "id": "симптом паркинсонизм"
        },
        {
            "label": "side_e",
            "weight": 5,
            "id": "тремор"
        },
        {
            "label": "side_e",
            "weight": 5,
            "id": "акинезия"
        },
        {
            "label": "side_e",
            "weight": 5,
            "id": "повышение тонус"
        },
        {
            "label": "side_e",
            "weight": 5,
            "id": "неустойчивость походка"
        },
        {
            "label": "side_e",
            "weight": 5,
            "id": "синдром «беспокойный нога»"
        },
        {
            "label": "side_e",
            "weight": 5,
            "id": "бессонница"
        },
        {
            "label": "side_e",
            "weight": 5,
            "id": "сонливость"
        },
        {
            "label": "side_e",
            "weight": 5,
            "id": "вертигоощущение сердцебиение"
        },
        {
            "label": "side_e",
            "weight": 5,
            "id": "экстрасистолия"
        },
        {
            "label": "side_e",
            "weight": 5,
            "id": "тахакардия"
        },
        {
            "label": "side_e",
            "weight": 5,
            "id": "артериальный гипотензия"
        },
        {
            "label": "side_e",
            "weight": 5,
            "id": "ортостатический гипотензия"
        },
        {
            "label": "side_e",
            "weight": 5,
            "id": "«прилив» кровь к кожа лицо"
        },
        {
            "label": "side_e",
            "weight": 5,
            "id": "боль в живот"
        },
        {
            "label": "side_e",
            "weight": 5,
            "id": "диарея"
        },
        {
            "label": "side_e",
            "weight": 5,
            "id": "диспепсия"
        },
        {
            "label": "side_e",
            "weight": 5,
            "id": "тошнота"
        },
        {
            "label": "side_e",
            "weight": 5,
            "id": "рвота"
        },
        {
            "label": "side_e",
            "weight": 5,
            "id": "нарушение с стороны кожа"
        },
        {
            "label": "side_e",
            "weight": 5,
            "id": "кожный сыпь"
        },
        {
            "label": "side_e",
            "weight": 5,
            "id": "кожный зуд"
        },
        {
            "label": "side_e",
            "weight": 5,
            "id": "крапивница"
        },
        {
            "label": "side_e",
            "weight": 5,
            "id": "ангионевротический отёк"
        },
        {
            "label": "side_e",
            "weight": 5,
            "id": "астения"
        },
        {
            "label": "absorbtion",
            "weight": 5,
            "id": "внутрь"
        },
        {
            "label": "group",
            "weight": 5,
            "id": "средство для лечение заболевание сердце"
        },
        {
            "label": "action",
            "weight": 5,
            "id": "трансмембранный перенос ион"
        },
        {
            "label": "action",
            "weight": 5,
            "id": "сохранение клеточный гомеостаз"
        },
        {
            "label": "mechanism",
            "weight": 5,
            "id": "блокировка длинноцепочечный 3-кетоацил-коа-тиолаза"
        },
        {
            "label": "action",
            "weight": 5,
            "id": "сохранять энергетический метаболизм клеток"
        },
        {
            "label": "action",
            "weight": 5,
            "id": "антиишемический эффект"
        },
        {
            "label": "side_e",
            "weight": 5,
            "id": "запор"
        },
        {
            "label": "side_e",
            "weight": 5,
            "id": "гепатит"
        },
        {
            "label": "action",
            "weight": 5,
            "id": "трансмембранный перенос ион натрий"
        },
        {
            "label": "action",
            "weight": 5,
            "id": "трансмембранный перенос ион калий"
        }
    ],
    "links": [
        {
            "source": "триметазидин",
            "target": "головокружение"
        },
        {
            "source": "триметазидин",
            "target": "головной боль"
        },
        {
            "source": "триметазидин",
            "target": "симптом паркинсонизм"
        },
        {
            "source": "триметазидин",
            "target": "тремор"
        },
        {
            "source": "триметазидин",
            "target": "акинезия"
        },
        {
            "source": "триметазидин",
            "target": "повышение тонус"
        },
        {
            "source": "триметазидин",
            "target": "неустойчивость походка"
        },
        {
            "source": "триметазидин",
            "target": "синдром «беспокойный нога»"
        },
        {
            "source": "триметазидин",
            "target": "бессонница"
        },
        {
            "source": "триметазидин",
            "target": "сонливость"
        },
        {
            "source": "триметазидин",
            "target": "вертигоощущение сердцебиение"
        },
        {
            "source": "триметазидин",
            "target": "экстрасистолия"
        },
        {
            "source": "триметазидин",
            "target": "тахакардия"
        },
        {
            "source": "триметазидин",
            "target": "артериальный гипотензия"
        },
        {
            "source": "триметазидин",
            "target": "ортостатический гипотензия"
        },
        {
            "source": "триметазидин",
            "target": "«прилив» кровь к кожа лицо"
        },
        {
            "source": "триметазидин",
            "target": "боль в живот"
        },
        {
            "source": "триметазидин",
            "target": "диарея"
        },
        {
            "source": "триметазидин",
            "target": "диспепсия"
        },
        {
            "source": "триметазидин",
            "target": "тошнота"
        },
        {
            "source": "триметазидин",
            "target": "рвота"
        },
        {
            "source": "триметазидин",
            "target": "нарушение с стороны кожа"
        },
        {
            "source": "триметазидин",
            "target": "кожный сыпь"
        },
        {
            "source": "триметазидин",
            "target": "кожный зуд"
        },
        {
            "source": "триметазидин",
            "target": "крапивница"
        },
        {
            "source": "триметазидин",
            "target": "ангионевротический отёк"
        },
        {
            "source": "триметазидин",
            "target": "астения"
        },
        {
            "source": "триметазидин",
            "target": "запор"
        },
        {
            "source": "триметазидин",
            "target": "гепатит"
        },
        {
            "source": "триметазидин",
            "target": "внутрь"
        },
        {
            "source": "триметазидин",
            "target": "почка"
        },
        {
            "source": "триметазидин",
            "target": "блокировка длинноцепочечный 3-кетоацил-коа-тиолаза"
        },
        {
            "source": "предотвращать снижение внутриклеточный концентрация аденозинтрифосфат",
            "target": "сохранять энергетический метаболизм клеток"
        },
        {
            "source": "обеспечивать нормальный функционирование мембранный ионный канал",
            "target": "сохранять уровень высокоэнергетический фосфат в клетка миокард"
        },
        {
            "source": "ингибировать β-окисление жирный кислота",
            "target": "предотвращать снижение внутриклеточный концентрация аденозинтрифосфат"
        },
        {
            "source": "сохранять уровень высокоэнергетический фосфат в клетка миокард",
            "target": "антиишемический эффект"
        },
        {
            "source": "средство для лечение заболевание сердце",
            "target": "триметазидин"
        },
        {
            "source": "трансмембранный перенос ион",
            "target": "сохранять уровень высокоэнергетический фосфат в клетка миокард"
        },
        {
            "source": "сохранение клеточный гомеостаз",
            "target": "сохранять уровень высокоэнергетический фосфат в клетка миокард"
        },
        {
            "source": "блокировка длинноцепочечный 3-кетоацил-коа-тиолаза",
            "target": "ингибировать β-окисление жирный кислота"
        },
        {
            "source": "сохранять энергетический метаболизм клеток",
            "target": "обеспечивать нормальный функционирование мембранный ионный канал"
        },
        {
            "source": "сохранять энергетический метаболизм клеток",
            "target": "сохранение клеточный гомеостаз"
        },
        {
            "source": "сохранять энергетический метаболизм клеток",
            "target": "трансмембранный перенос ион"
        },
        {
            "source": "сохранять энергетический метаболизм клеток",
            "target": "трансмембранный перенос ион натрий"
        },
        {
            "source": "сохранять энергетический метаболизм клеток",
            "target": "трансмембранный перенос ион калий"
        }
    ],
    "name": [
        "триметазидин"
    ]
}