{
    "directed": true,
    "multigraph": false,
    "graph": {},
    "nodes": [
        {
            "label": "group",
            "weight": 5,
            "id": "средство, действовать на ренин-ангиотензиновый система"
        },
        {
            "label": "group",
            "weight": 5,
            "id": "ингибитор ангиотензинпревращать фермент (апф)"
        },
        {
            "label": "group",
            "weight": 5,
            "id": "ингибитор апф и блокатор кальциевый канал"
        },
        {
            "label": "prepare",
            "weight": 5,
            "id": "амлодипин"
        },
        {
            "label": "side_e",
            "weight": 5,
            "id": "острый артериальный гипотензия"
        },
        {
            "label": "prepare",
            "weight": 5,
            "id": "периндоприл"
        },
        {
            "label": "mechanism",
            "weight": 5,
            "id": "ингибитор фермент, превращать ангиотензин i в ангиотензин ii"
        },
        {
            "label": "mechanism",
            "weight": 5,
            "id": "увеличивать почечный кровоток"
        },
        {
            "label": "side_e",
            "weight": 5,
            "id": "кардиоваскулярный смерть"
        },
        {
            "label": "side_e",
            "weight": 5,
            "id": "инсульт"
        },
        {
            "label": "absorbtion",
            "weight": 5,
            "id": "жкт"
        },
        {
            "label": "metabol",
            "weight": 5,
            "id": "активный метаболит-периндоприлат"
        },
        {
            "label": "side_e",
            "weight": 5,
            "id": "отёк"
        },
        {
            "label": "side_e",
            "weight": 5,
            "id": "сонливость"
        },
        {
            "label": "side_e",
            "weight": 5,
            "id": "головокружение"
        },
        {
            "label": "side_e",
            "weight": 5,
            "id": "головной боль"
        },
        {
            "label": "side_e",
            "weight": 5,
            "id": "дисгевзия"
        },
        {
            "label": "side_e",
            "weight": 5,
            "id": "парестезия"
        },
        {
            "label": "side_e",
            "weight": 5,
            "id": "звон в ухо"
        },
        {
            "label": "side_e",
            "weight": 5,
            "id": "ощущение сердцебиение"
        },
        {
            "label": "side_e",
            "weight": 5,
            "id": "артериальный гипотензия"
        },
        {
            "label": "side_e",
            "weight": 5,
            "id": "одышка"
        },
        {
            "label": "side_e",
            "weight": 5,
            "id": "боль в живот"
        },
        {
            "label": "side_e",
            "weight": 5,
            "id": "тошнота"
        },
        {
            "label": "side_e",
            "weight": 5,
            "id": "рвота"
        },
        {
            "label": "side_e",
            "weight": 5,
            "id": "диспепсия"
        },
        {
            "label": "side_e",
            "weight": 5,
            "id": "измененией характер стул"
        },
        {
            "label": "side_e",
            "weight": 5,
            "id": "диарея"
        },
        {
            "label": "side_e",
            "weight": 5,
            "id": "запор"
        },
        {
            "label": "side_e",
            "weight": 5,
            "id": "кожный зуд"
        },
        {
            "label": "side_e",
            "weight": 5,
            "id": "кожный сыпь"
        },
        {
            "label": "side_e",
            "weight": 5,
            "id": "экзантема"
        },
        {
            "label": "side_e",
            "weight": 5,
            "id": "припухлость в область сустав (область лодыжка)"
        },
        {
            "label": "side_e",
            "weight": 5,
            "id": "спазм мышца"
        },
        {
            "label": "side_e",
            "weight": 5,
            "id": "повышенный утомляемость"
        },
        {
            "label": "side_e",
            "weight": 5,
            "id": "астения"
        },
        {
            "label": "side_e",
            "weight": 5,
            "id": "повышенный утомляемость с смена настроение, слабость, раздражительность, расстройство сон и др"
        },
        {
            "label": "side_e",
            "weight": 5,
            "id": "ринит"
        },
        {
            "label": "side_e",
            "weight": 5,
            "id": "эозинофилия"
        },
        {
            "label": "side_e",
            "weight": 5,
            "id": "лейкопения/нейтропение"
        },
        {
            "label": "side_e",
            "weight": 5,
            "id": "агранулоцитоз или панцитопения"
        },
        {
            "label": "side_e",
            "weight": 5,
            "id": "тромбоцитопения"
        },
        {
            "label": "side_e",
            "weight": 5,
            "id": "гемолитический анемия"
        },
        {
            "label": "side_e",
            "weight": 5,
            "id": "гипогликемия"
        },
        {
            "label": "side_e",
            "weight": 5,
            "id": "гипонатриемия"
        },
        {
            "label": "side_e",
            "weight": 5,
            "id": "гипергликемия"
        },
        {
            "label": "side_e",
            "weight": 5,
            "id": "бессонница"
        },
        {
            "label": "side_e",
            "weight": 5,
            "id": "лабильность настроение"
        },
        {
            "label": "side_e",
            "weight": 5,
            "id": "депрессия сон"
        },
        {
            "label": "side_e",
            "weight": 5,
            "id": "тремор"
        },
        {
            "label": "side_e",
            "weight": 5,
            "id": "гипестезия"
        },
        {
            "label": "side_e",
            "weight": 5,
            "id": "обморочный состояние"
        },
        {
            "label": "side_e",
            "weight": 5,
            "id": "спутанность сознание"
        },
        {
            "label": "side_e",
            "weight": 5,
            "id": "гипертонус"
        },
        {
            "label": "side_e",
            "weight": 5,
            "id": "периферический нейропатия"
        },
        {
            "label": "side_e",
            "weight": 5,
            "id": "экстрапирамидальный расстройство"
        },
        {
            "label": "side_e",
            "weight": 5,
            "id": "диплопия"
        },
        {
            "label": "side_e",
            "weight": 5,
            "id": "тахикардия"
        },
        {
            "label": "side_e",
            "weight": 5,
            "id": "стенокардия"
        },
        {
            "label": "side_e",
            "weight": 5,
            "id": "инфаркт миокард"
        },
        {
            "label": "side_e",
            "weight": 5,
            "id": "аритмия"
        },
        {
            "label": "side_e",
            "weight": 5,
            "id": "васкулит"
        },
        {
            "label": "side_e",
            "weight": 5,
            "id": "синдром рейно"
        },
        {
            "label": "side_e",
            "weight": 5,
            "id": "бронхоспазм"
        },
        {
            "label": "side_e",
            "weight": 5,
            "id": "эозинофильный пневмония"
        },
        {
            "label": "side_e",
            "weight": 5,
            "id": "гиперплазия десна"
        },
        {
            "label": "side_e",
            "weight": 5,
            "id": "сухость в рот"
        },
        {
            "label": "side_e",
            "weight": 5,
            "id": "панкреатит"
        },
        {
            "label": "side_e",
            "weight": 5,
            "id": "гастрит"
        },
        {
            "label": "side_e",
            "weight": 5,
            "id": "желтуха"
        },
        {
            "label": "side_e",
            "weight": 5,
            "id": "отёк квинке"
        },
        {
            "label": "side_e",
            "weight": 5,
            "id": "многоформный эритема"
        },
        {
            "label": "side_e",
            "weight": 5,
            "id": "алопеция"
        },
        {
            "label": "side_e",
            "weight": 5,
            "id": "пурпур"
        },
        {
            "label": "side_e",
            "weight": 5,
            "id": "изменение цвет кожа"
        },
        {
            "label": "side_e",
            "weight": 5,
            "id": "повышенный потливость"
        },
        {
            "label": "side_e",
            "weight": 5,
            "id": "крапивница"
        },
        {
            "label": "side_e",
            "weight": 5,
            "id": "реакция фоточувствительность"
        },
        {
            "label": "side_e",
            "weight": 5,
            "id": "пемфигоид"
        },
        {
            "label": "side_e",
            "weight": 5,
            "id": "обострение псориаз"
        },
        {
            "label": "side_e",
            "weight": 5,
            "id": "синдром стивенс-джонсон"
        },
        {
            "label": "side_e",
            "weight": 5,
            "id": "эксфолиативный дерматит"
        },
        {
            "label": "side_e",
            "weight": 5,
            "id": "токсический эпидермальный некролизприпухлость"
        },
        {
            "label": "side_e",
            "weight": 5,
            "id": "припухлость в область область сустав"
        },
        {
            "label": "side_e",
            "weight": 5,
            "id": "артралгия"
        },
        {
            "label": "side_e",
            "weight": 5,
            "id": "миалгия"
        },
        {
            "label": "side_e",
            "weight": 5,
            "id": "мышечный спазм"
        },
        {
            "label": "side_e",
            "weight": 5,
            "id": "боль в спина мочеиспускание"
        },
        {
            "label": "side_e",
            "weight": 5,
            "id": "никтурия"
        },
        {
            "label": "side_e",
            "weight": 5,
            "id": "поллакиурия"
        },
        {
            "label": "side_e",
            "weight": 5,
            "id": "почечный недостаточность"
        },
        {
            "label": "side_e",
            "weight": 5,
            "id": "эректильный дисфункция"
        },
        {
            "label": "side_e",
            "weight": 5,
            "id": "гинекомастие"
        },
        {
            "label": "side_e",
            "weight": 5,
            "id": "периферический отёк"
        },
        {
            "label": "side_e",
            "weight": 5,
            "id": "боль в грудной клетка"
        },
        {
            "label": "side_e",
            "weight": 5,
            "id": "недомогание"
        },
        {
            "label": "side_e",
            "weight": 5,
            "id": "лихорадка"
        },
        {
            "label": "side_e",
            "weight": 5,
            "id": "увеличение масса тело"
        },
        {
            "label": "side_e",
            "weight": 5,
            "id": "снижение масса тело"
        },
        {
            "label": "side_e",
            "weight": 5,
            "id": "повышение концентрация мочевина в кровь"
        },
        {
            "label": "side_e",
            "weight": 5,
            "id": "повышение концентрация креатинин в кровь"
        },
        {
            "label": "side_e",
            "weight": 5,
            "id": "повышение концентрация билирубин в кровь"
        },
        {
            "label": "side_e",
            "weight": 5,
            "id": "снижение гемоглобин и гематокрит"
        },
        {
            "label": "side_e",
            "weight": 5,
            "id": "травма"
        },
        {
            "label": "side_e",
            "weight": 5,
            "id": "синдром неадекватный секреция антидиуретический гормон"
        },
        {
            "label": "prepare",
            "weight": 5,
            "id": "симвастатин"
        },
        {
            "label": "prepare",
            "weight": 5,
            "id": "соль калий"
        },
        {
            "label": "side_e",
            "weight": 5,
            "id": "риск развитие гиперкалиемия"
        },
        {
            "label": "side_e",
            "weight": 5,
            "id": "ухудшение функция почка"
        },
        {
            "label": "side_e",
            "weight": 5,
            "id": "сердечно-сосудистый заболеваемость"
        },
        {
            "label": "side_e",
            "weight": 5,
            "id": "смертность"
        },
        {
            "label": "side_e",
            "weight": 5,
            "id": "анафилактоидный реакция"
        },
        {
            "label": "side_e",
            "weight": 5,
            "id": "ангионевротический отёк"
        },
        {
            "label": "side_e",
            "weight": 5,
            "id": "повысить риск развитие ангионевротический отёк"
        },
        {
            "label": "side_e",
            "weight": 5,
            "id": "мочь повышать риск развитие ангионевротический отёк"
        },
        {
            "label": "side_e",
            "weight": 5,
            "id": "отёк дыхательный путь"
        },
        {
            "label": "side_e",
            "weight": 5,
            "id": "повышение частота сердечно-сосудистый заболеваемость"
        },
        {
            "label": "side_e",
            "weight": 5,
            "id": "обморок"
        },
        {
            "label": "side_e",
            "weight": 5,
            "id": "повышаться риск развитие гиперкалиемия"
        },
        {
            "label": "side_e",
            "weight": 5,
            "id": "гиперкалиемия"
        },
        {
            "label": "side_e",
            "weight": 5,
            "id": "с возможный летальный исход"
        },
        {
            "label": "side_e",
            "weight": 5,
            "id": "летальный исход"
        },
        {
            "label": "side_e",
            "weight": 5,
            "id": "развитие ангионевротический отёк"
        },
        {
            "label": "side_e",
            "weight": 5,
            "id": "увеличение содержание калий"
        },
        {
            "label": "side_e",
            "weight": 5,
            "id": "нитритоидный реакция"
        },
        {
            "label": "side_e",
            "weight": 5,
            "id": "гиперемия кожа лицо"
        },
        {
            "label": "side_e",
            "weight": 5,
            "id": "лейкопения"
        },
        {
            "label": "side_e",
            "weight": 5,
            "id": "гипотензивный эффект"
        },
        {
            "label": "side_e",
            "weight": 5,
            "id": "снижение ад"
        },
        {
            "label": "group",
            "weight": 5,
            "id": "бмкк"
        },
        {
            "label": "action",
            "weight": 5,
            "id": "антигипертензивный действие"
        },
        {
            "label": "mechanism",
            "weight": 5,
            "id": "прямой расслаблять воздействие"
        },
        {
            "label": "mechanism",
            "weight": 5,
            "id": "уменьшать общий ишемический нагрузка"
        },
        {
            "label": "action",
            "weight": 5,
            "id": "вызывать расширение периферический артериол"
        },
        {
            "label": "action",
            "weight": 5,
            "id": "уменьшать общий периферический сосудистый сопротивление"
        },
        {
            "label": "mechanism",
            "weight": 5,
            "id": "антиангинальный действие"
        },
        {
            "label": "action",
            "weight": 5,
            "id": "расширение коронарный артерия и артериол"
        },
        {
            "label": "action",
            "weight": 5,
            "id": "увеличивать поступление кислород в миокард"
        },
        {
            "label": "side_e",
            "weight": 5,
            "id": "гипотензия"
        },
        {
            "label": "action",
            "weight": 5,
            "id": "ингибитор распад брадикинин"
        },
        {
            "label": "action",
            "weight": 5,
            "id": "обладать сосудорасширяющий действие"
        },
        {
            "label": "mechanism",
            "weight": 5,
            "id": "снижение концентрация ангиотензин ii в плазма кровь"
        },
        {
            "label": "mechanism",
            "weight": 5,
            "id": "увеличение активность ренин в плазма кровь"
        },
        {
            "label": "mechanism",
            "weight": 5,
            "id": "уменьшение секреция альдостерон"
        },
        {
            "label": "mechanism",
            "weight": 5,
            "id": "активироваться система простагландин"
        },
        {
            "label": "side_e",
            "weight": 5,
            "id": "кашель"
        },
        {
            "label": "side_e",
            "weight": 5,
            "id": "ортостатический гипотензия"
        },
        {
            "label": "mechanism",
            "weight": 5,
            "id": "уменьшать гипертрофия левый желудочек"
        },
        {
            "label": "side_e",
            "weight": 5,
            "id": "«прилив» кровь к кожа лицо"
        },
        {
            "label": "side_e",
            "weight": 5,
            "id": "вертиго"
        },
        {
            "label": "metabol",
            "weight": 5,
            "id": "печень"
        },
        {
            "label": "metabol",
            "weight": 5,
            "id": "образование неактивный метаболит"
        },
        {
            "label": "excretion",
            "weight": 5,
            "id": "почка"
        },
        {
            "label": "side_e",
            "weight": 5,
            "id": "нарушение функция почка"
        },
        {
            "label": "side_e",
            "weight": 5,
            "id": "острый почечный недостаточность"
        },
        {
            "label": "side_e",
            "weight": 5,
            "id": "гепатит"
        },
        {
            "label": "side_e",
            "weight": 5,
            "id": "фибрилляция желудочек с летальный исход и коллапс"
        },
        {
            "label": "side_e",
            "weight": 5,
            "id": "повышение активность «печёночный» фермент"
        },
        {
            "label": "mechanism",
            "weight": 5,
            "id": "ингибировать трансмембранный переход ион кальций в кардиомиоцит"
        },
        {
            "label": "mechanism",
            "weight": 5,
            "id": "ингибировать трансмембранный переход ион кальций гладкомышечный клетка сосудистый стенка"
        },
        {
            "label": "mechanism",
            "weight": 5,
            "id": "восстановление эластичность крупный артерия"
        },
        {
            "label": "mechanism",
            "weight": 5,
            "id": "восстановление структура сосудистый стенка мелкий артерия"
        },
        {
            "label": "mechanism",
            "weight": 5,
            "id": "повышение активность калликреин-кининовый система тканевый"
        },
        {
            "label": "mechanism",
            "weight": 5,
            "id": "повышение активность калликреин-кининовый система циркулировать"
        }
    ],
    "links": [
        {
            "source": "средство, действовать на ренин-ангиотензиновый система",
            "target": "ингибитор апф и блокатор кальциевый канал"
        },
        {
            "source": "ингибитор ангиотензинпревращать фермент (апф)",
            "target": "периндоприл"
        },
        {
            "source": "ингибитор апф и блокатор кальциевый канал",
            "target": "ингибитор ангиотензинпревращать фермент (апф)"
        },
        {
            "source": "ингибитор апф и блокатор кальциевый канал",
            "target": "бмкк"
        },
        {
            "source": "амлодипин",
            "target": "острый артериальный гипотензия"
        },
        {
            "source": "амлодипин",
            "target": "кардиоваскулярный смерть"
        },
        {
            "source": "амлодипин",
            "target": "инсульт"
        },
        {
            "source": "амлодипин",
            "target": "отёк"
        },
        {
            "source": "амлодипин",
            "target": "сонливость"
        },
        {
            "source": "амлодипин",
            "target": "дисгевзия"
        },
        {
            "source": "амлодипин",
            "target": "парестезия"
        },
        {
            "source": "амлодипин",
            "target": "ощущение сердцебиение"
        },
        {
            "source": "амлодипин",
            "target": "артериальный гипотензия"
        },
        {
            "source": "амлодипин",
            "target": "одышка"
        },
        {
            "source": "амлодипин",
            "target": "боль в живот"
        },
        {
            "source": "амлодипин",
            "target": "рвота"
        },
        {
            "source": "амлодипин",
            "target": "диспепсия"
        },
        {
            "source": "амлодипин",
            "target": "измененией характер стул"
        },
        {
            "source": "амлодипин",
            "target": "диарея"
        },
        {
            "source": "амлодипин",
            "target": "запор"
        },
        {
            "source": "амлодипин",
            "target": "кожный зуд"
        },
        {
            "source": "амлодипин",
            "target": "кожный сыпь"
        },
        {
            "source": "амлодипин",
            "target": "экзантема"
        },
        {
            "source": "амлодипин",
            "target": "припухлость в область сустав (область лодыжка)"
        },
        {
            "source": "амлодипин",
            "target": "спазм мышца"
        },
        {
            "source": "амлодипин",
            "target": "повышенный утомляемость"
        },
        {
            "source": "амлодипин",
            "target": "астения"
        },
        {
            "source": "амлодипин",
            "target": "ринит"
        },
        {
            "source": "амлодипин",
            "target": "эозинофилия"
        },
        {
            "source": "амлодипин",
            "target": "лейкопения/нейтропение"
        },
        {
            "source": "амлодипин",
            "target": "агранулоцитоз или панцитопения"
        },
        {
            "source": "амлодипин",
            "target": "тромбоцитопения"
        },
        {
            "source": "амлодипин",
            "target": "гемолитический анемия"
        },
        {
            "source": "амлодипин",
            "target": "гипогликемия"
        },
        {
            "source": "амлодипин",
            "target": "гипонатриемия"
        },
        {
            "source": "амлодипин",
            "target": "гипергликемия"
        },
        {
            "source": "амлодипин",
            "target": "бессонница"
        },
        {
            "source": "амлодипин",
            "target": "лабильность настроение"
        },
        {
            "source": "амлодипин",
            "target": "депрессия сон"
        },
        {
            "source": "амлодипин",
            "target": "тремор"
        },
        {
            "source": "амлодипин",
            "target": "гипестезия"
        },
        {
            "source": "амлодипин",
            "target": "обморочный состояние"
        },
        {
            "source": "амлодипин",
            "target": "спутанность сознание"
        },
        {
            "source": "амлодипин",
            "target": "гипертонус"
        },
        {
            "source": "амлодипин",
            "target": "периферический нейропатия"
        },
        {
            "source": "амлодипин",
            "target": "экстрапирамидальный расстройство"
        },
        {
            "source": "амлодипин",
            "target": "диплопия"
        },
        {
            "source": "амлодипин",
            "target": "тахикардия"
        },
        {
            "source": "амлодипин",
            "target": "стенокардия"
        },
        {
            "source": "амлодипин",
            "target": "инфаркт миокард"
        },
        {
            "source": "амлодипин",
            "target": "аритмия"
        },
        {
            "source": "амлодипин",
            "target": "васкулит"
        },
        {
            "source": "амлодипин",
            "target": "синдром рейно"
        },
        {
            "source": "амлодипин",
            "target": "бронхоспазм"
        },
        {
            "source": "амлодипин",
            "target": "эозинофильный пневмония"
        },
        {
            "source": "амлодипин",
            "target": "гиперплазия десна"
        },
        {
            "source": "амлодипин",
            "target": "сухость в рот"
        },
        {
            "source": "амлодипин",
            "target": "панкреатит"
        },
        {
            "source": "амлодипин",
            "target": "гастрит"
        },
        {
            "source": "амлодипин",
            "target": "желтуха"
        },
        {
            "source": "амлодипин",
            "target": "отёк квинке"
        },
        {
            "source": "амлодипин",
            "target": "многоформный эритема"
        },
        {
            "source": "амлодипин",
            "target": "алопеция"
        },
        {
            "source": "амлодипин",
            "target": "пурпур"
        },
        {
            "source": "амлодипин",
            "target": "изменение цвет кожа"
        },
        {
            "source": "амлодипин",
            "target": "повышенный потливость"
        },
        {
            "source": "амлодипин",
            "target": "крапивница"
        },
        {
            "source": "амлодипин",
            "target": "реакция фоточувствительность"
        },
        {
            "source": "амлодипин",
            "target": "пемфигоид"
        },
        {
            "source": "амлодипин",
            "target": "обострение псориаз"
        },
        {
            "source": "амлодипин",
            "target": "синдром стивенс-джонсон"
        },
        {
            "source": "амлодипин",
            "target": "эксфолиативный дерматит"
        },
        {
            "source": "амлодипин",
            "target": "токсический эпидермальный некролизприпухлость"
        },
        {
            "source": "амлодипин",
            "target": "припухлость в область область сустав"
        },
        {
            "source": "амлодипин",
            "target": "артралгия"
        },
        {
            "source": "амлодипин",
            "target": "миалгия"
        },
        {
            "source": "амлодипин",
            "target": "мышечный спазм"
        },
        {
            "source": "амлодипин",
            "target": "боль в спина мочеиспускание"
        },
        {
            "source": "амлодипин",
            "target": "никтурия"
        },
        {
            "source": "амлодипин",
            "target": "поллакиурия"
        },
        {
            "source": "амлодипин",
            "target": "почечный недостаточность"
        },
        {
            "source": "амлодипин",
            "target": "эректильный дисфункция"
        },
        {
            "source": "амлодипин",
            "target": "гинекомастие"
        },
        {
            "source": "амлодипин",
            "target": "периферический отёк"
        },
        {
            "source": "амлодипин",
            "target": "боль в грудной клетка"
        },
        {
            "source": "амлодипин",
            "target": "недомогание"
        },
        {
            "source": "амлодипин",
            "target": "лихорадка"
        },
        {
            "source": "амлодипин",
            "target": "увеличение масса тело"
        },
        {
            "source": "амлодипин",
            "target": "снижение масса тело"
        },
        {
            "source": "амлодипин",
            "target": "повышение концентрация мочевина в кровь"
        },
        {
            "source": "амлодипин",
            "target": "повышение концентрация креатинин в кровь"
        },
        {
            "source": "амлодипин",
            "target": "повышение концентрация билирубин в кровь"
        },
        {
            "source": "амлодипин",
            "target": "снижение гемоглобин и гематокрит"
        },
        {
            "source": "амлодипин",
            "target": "травма"
        },
        {
            "source": "амлодипин",
            "target": "синдром неадекватный секреция антидиуретический гормон"
        },
        {
            "source": "амлодипин",
            "target": "риск развитие гиперкалиемия"
        },
        {
            "source": "амлодипин",
            "target": "ухудшение функция почка"
        },
        {
            "source": "амлодипин",
            "target": "сердечно-сосудистый заболеваемость"
        },
        {
            "source": "амлодипин",
            "target": "смертность"
        },
        {
            "source": "амлодипин",
            "target": "анафилактоидный реакция"
        },
        {
            "source": "амлодипин",
            "target": "ангионевротический отёк"
        },
        {
            "source": "амлодипин",
            "target": "повысить риск развитие ангионевротический отёк"
        },
        {
            "source": "амлодипин",
            "target": "мочь повышать риск развитие ангионевротический отёк"
        },
        {
            "source": "амлодипин",
            "target": "отёк дыхательный путь"
        },
        {
            "source": "амлодипин",
            "target": "повышение частота сердечно-сосудистый заболеваемость"
        },
        {
            "source": "амлодипин",
            "target": "обморок"
        },
        {
            "source": "амлодипин",
            "target": "повышаться риск развитие гиперкалиемия"
        },
        {
            "source": "амлодипин",
            "target": "гиперкалиемия"
        },
        {
            "source": "амлодипин",
            "target": "с возможный летальный исход"
        },
        {
            "source": "амлодипин",
            "target": "летальный исход"
        },
        {
            "source": "амлодипин",
            "target": "развитие ангионевротический отёк"
        },
        {
            "source": "амлодипин",
            "target": "увеличение содержание калий"
        },
        {
            "source": "амлодипин",
            "target": "нитритоидный реакция"
        },
        {
            "source": "амлодипин",
            "target": "гиперемия кожа лицо"
        },
        {
            "source": "амлодипин",
            "target": "лейкопения"
        },
        {
            "source": "амлодипин",
            "target": "гипотензивный эффект"
        },
        {
            "source": "амлодипин",
            "target": "снижение ад"
        },
        {
            "source": "амлодипин",
            "target": "фибрилляция желудочек с летальный исход и коллапс"
        },
        {
            "source": "амлодипин",
            "target": "печень"
        },
        {
            "source": "амлодипин",
            "target": "почка"
        },
        {
            "source": "амлодипин",
            "target": "ингибировать трансмембранный переход ион кальций в кардиомиоцит"
        },
        {
            "source": "амлодипин",
            "target": "ингибировать трансмембранный переход ион кальций гладкомышечный клетка сосудистый стенка"
        },
        {
            "source": "периндоприл",
            "target": "острый артериальный гипотензия"
        },
        {
            "source": "периндоприл",
            "target": "кардиоваскулярный смерть"
        },
        {
            "source": "периндоприл",
            "target": "инсульт"
        },
        {
            "source": "периндоприл",
            "target": "отёк"
        },
        {
            "source": "периндоприл",
            "target": "сонливость"
        },
        {
            "source": "периндоприл",
            "target": "дисгевзия"
        },
        {
            "source": "периндоприл",
            "target": "парестезия"
        },
        {
            "source": "периндоприл",
            "target": "ощущение сердцебиение"
        },
        {
            "source": "периндоприл",
            "target": "артериальный гипотензия"
        },
        {
            "source": "периндоприл",
            "target": "одышка"
        },
        {
            "source": "периндоприл",
            "target": "боль в живот"
        },
        {
            "source": "периндоприл",
            "target": "рвота"
        },
        {
            "source": "периндоприл",
            "target": "диспепсия"
        },
        {
            "source": "периндоприл",
            "target": "измененией характер стул"
        },
        {
            "source": "периндоприл",
            "target": "диарея"
        },
        {
            "source": "периндоприл",
            "target": "запор"
        },
        {
            "source": "периндоприл",
            "target": "кожный зуд"
        },
        {
            "source": "периндоприл",
            "target": "кожный сыпь"
        },
        {
            "source": "периндоприл",
            "target": "экзантема"
        },
        {
            "source": "периндоприл",
            "target": "припухлость в область сустав (область лодыжка)"
        },
        {
            "source": "периндоприл",
            "target": "спазм мышца"
        },
        {
            "source": "периндоприл",
            "target": "повышенный утомляемость"
        },
        {
            "source": "периндоприл",
            "target": "астения"
        },
        {
            "source": "периндоприл",
            "target": "ринит"
        },
        {
            "source": "периндоприл",
            "target": "эозинофилия"
        },
        {
            "source": "периндоприл",
            "target": "лейкопения/нейтропение"
        },
        {
            "source": "периндоприл",
            "target": "агранулоцитоз или панцитопения"
        },
        {
            "source": "периндоприл",
            "target": "тромбоцитопения"
        },
        {
            "source": "периндоприл",
            "target": "гемолитический анемия"
        },
        {
            "source": "периндоприл",
            "target": "гипогликемия"
        },
        {
            "source": "периндоприл",
            "target": "гипонатриемия"
        },
        {
            "source": "периндоприл",
            "target": "гипергликемия"
        },
        {
            "source": "периндоприл",
            "target": "бессонница"
        },
        {
            "source": "периндоприл",
            "target": "лабильность настроение"
        },
        {
            "source": "периндоприл",
            "target": "депрессия сон"
        },
        {
            "source": "периндоприл",
            "target": "тремор"
        },
        {
            "source": "периндоприл",
            "target": "гипестезия"
        },
        {
            "source": "периндоприл",
            "target": "обморочный состояние"
        },
        {
            "source": "периндоприл",
            "target": "спутанность сознание"
        },
        {
            "source": "периндоприл",
            "target": "гипертонус"
        },
        {
            "source": "периндоприл",
            "target": "периферический нейропатия"
        },
        {
            "source": "периндоприл",
            "target": "экстрапирамидальный расстройство"
        },
        {
            "source": "периндоприл",
            "target": "диплопия"
        },
        {
            "source": "периндоприл",
            "target": "тахикардия"
        },
        {
            "source": "периндоприл",
            "target": "стенокардия"
        },
        {
            "source": "периндоприл",
            "target": "инфаркт миокард"
        },
        {
            "source": "периндоприл",
            "target": "аритмия"
        },
        {
            "source": "периндоприл",
            "target": "васкулит"
        },
        {
            "source": "периндоприл",
            "target": "синдром рейно"
        },
        {
            "source": "периндоприл",
            "target": "бронхоспазм"
        },
        {
            "source": "периндоприл",
            "target": "эозинофильный пневмония"
        },
        {
            "source": "периндоприл",
            "target": "гиперплазия десна"
        },
        {
            "source": "периндоприл",
            "target": "сухость в рот"
        },
        {
            "source": "периндоприл",
            "target": "панкреатит"
        },
        {
            "source": "периндоприл",
            "target": "гастрит"
        },
        {
            "source": "периндоприл",
            "target": "желтуха"
        },
        {
            "source": "периндоприл",
            "target": "отёк квинке"
        },
        {
            "source": "периндоприл",
            "target": "многоформный эритема"
        },
        {
            "source": "периндоприл",
            "target": "алопеция"
        },
        {
            "source": "периндоприл",
            "target": "пурпур"
        },
        {
            "source": "периндоприл",
            "target": "изменение цвет кожа"
        },
        {
            "source": "периндоприл",
            "target": "повышенный потливость"
        },
        {
            "source": "периндоприл",
            "target": "крапивница"
        },
        {
            "source": "периндоприл",
            "target": "реакция фоточувствительность"
        },
        {
            "source": "периндоприл",
            "target": "пемфигоид"
        },
        {
            "source": "периндоприл",
            "target": "обострение псориаз"
        },
        {
            "source": "периндоприл",
            "target": "синдром стивенс-джонсон"
        },
        {
            "source": "периндоприл",
            "target": "эксфолиативный дерматит"
        },
        {
            "source": "периндоприл",
            "target": "токсический эпидермальный некролизприпухлость"
        },
        {
            "source": "периндоприл",
            "target": "припухлость в область область сустав"
        },
        {
            "source": "периндоприл",
            "target": "артралгия"
        },
        {
            "source": "периндоприл",
            "target": "миалгия"
        },
        {
            "source": "периндоприл",
            "target": "мышечный спазм"
        },
        {
            "source": "периндоприл",
            "target": "боль в спина мочеиспускание"
        },
        {
            "source": "периндоприл",
            "target": "никтурия"
        },
        {
            "source": "периндоприл",
            "target": "поллакиурия"
        },
        {
            "source": "периндоприл",
            "target": "почечный недостаточность"
        },
        {
            "source": "периндоприл",
            "target": "эректильный дисфункция"
        },
        {
            "source": "периндоприл",
            "target": "гинекомастие"
        },
        {
            "source": "периндоприл",
            "target": "периферический отёк"
        },
        {
            "source": "периндоприл",
            "target": "боль в грудной клетка"
        },
        {
            "source": "периндоприл",
            "target": "недомогание"
        },
        {
            "source": "периндоприл",
            "target": "лихорадка"
        },
        {
            "source": "периндоприл",
            "target": "увеличение масса тело"
        },
        {
            "source": "периндоприл",
            "target": "снижение масса тело"
        },
        {
            "source": "периндоприл",
            "target": "повышение концентрация мочевина в кровь"
        },
        {
            "source": "периндоприл",
            "target": "повышение концентрация креатинин в кровь"
        },
        {
            "source": "периндоприл",
            "target": "повышение концентрация билирубин в кровь"
        },
        {
            "source": "периндоприл",
            "target": "снижение гемоглобин и гематокрит"
        },
        {
            "source": "периндоприл",
            "target": "травма"
        },
        {
            "source": "периндоприл",
            "target": "синдром неадекватный секреция антидиуретический гормон"
        },
        {
            "source": "периндоприл",
            "target": "риск развитие гиперкалиемия"
        },
        {
            "source": "периндоприл",
            "target": "ухудшение функция почка"
        },
        {
            "source": "периндоприл",
            "target": "сердечно-сосудистый заболеваемость"
        },
        {
            "source": "периндоприл",
            "target": "смертность"
        },
        {
            "source": "периндоприл",
            "target": "анафилактоидный реакция"
        },
        {
            "source": "периндоприл",
            "target": "ангионевротический отёк"
        },
        {
            "source": "периндоприл",
            "target": "повысить риск развитие ангионевротический отёк"
        },
        {
            "source": "периндоприл",
            "target": "мочь повышать риск развитие ангионевротический отёк"
        },
        {
            "source": "периндоприл",
            "target": "отёк дыхательный путь"
        },
        {
            "source": "периндоприл",
            "target": "повышение частота сердечно-сосудистый заболеваемость"
        },
        {
            "source": "периндоприл",
            "target": "обморок"
        },
        {
            "source": "периндоприл",
            "target": "повышаться риск развитие гиперкалиемия"
        },
        {
            "source": "периндоприл",
            "target": "гиперкалиемия"
        },
        {
            "source": "периндоприл",
            "target": "с возможный летальный исход"
        },
        {
            "source": "периндоприл",
            "target": "летальный исход"
        },
        {
            "source": "периндоприл",
            "target": "развитие ангионевротический отёк"
        },
        {
            "source": "периндоприл",
            "target": "увеличение содержание калий"
        },
        {
            "source": "периндоприл",
            "target": "нитритоидный реакция"
        },
        {
            "source": "периндоприл",
            "target": "гиперемия кожа лицо"
        },
        {
            "source": "периндоприл",
            "target": "лейкопения"
        },
        {
            "source": "периндоприл",
            "target": "гипотензивный эффект"
        },
        {
            "source": "периндоприл",
            "target": "снижение ад"
        },
        {
            "source": "периндоприл",
            "target": "фибрилляция желудочек с летальный исход и коллапс"
        },
        {
            "source": "периндоприл",
            "target": "ингибитор фермент, превращать ангиотензин i в ангиотензин ii"
        },
        {
            "source": "периндоприл",
            "target": "восстановление эластичность крупный артерия"
        },
        {
            "source": "периндоприл",
            "target": "восстановление структура сосудистый стенка мелкий артерия"
        },
        {
            "source": "ингибитор фермент, превращать ангиотензин i в ангиотензин ii",
            "target": "снижение концентрация ангиотензин ii в плазма кровь"
        },
        {
            "source": "ингибитор фермент, превращать ангиотензин i в ангиотензин ii",
            "target": "ингибитор распад брадикинин"
        },
        {
            "source": "астения",
            "target": "повышенный утомляемость с смена настроение, слабость, раздражительность, расстройство сон и др"
        },
        {
            "source": "бмкк",
            "target": "амлодипин"
        },
        {
            "source": "антигипертензивный действие",
            "target": "гипотензия"
        },
        {
            "source": "антигипертензивный действие",
            "target": "уменьшать гипертрофия левый желудочек"
        },
        {
            "source": "прямой расслаблять воздействие",
            "target": "антигипертензивный действие"
        },
        {
            "source": "прямой расслаблять воздействие",
            "target": "вызывать расширение периферический артериол"
        },
        {
            "source": "прямой расслаблять воздействие",
            "target": "расширение коронарный артерия и артериол"
        },
        {
            "source": "уменьшать общий ишемический нагрузка",
            "target": "антиангинальный действие"
        },
        {
            "source": "вызывать расширение периферический артериол",
            "target": "уменьшать общий периферический сосудистый сопротивление"
        },
        {
            "source": "уменьшать общий периферический сосудистый сопротивление",
            "target": "антигипертензивный действие"
        },
        {
            "source": "уменьшать общий периферический сосудистый сопротивление",
            "target": "уменьшать общий ишемический нагрузка"
        },
        {
            "source": "расширение коронарный артерия и артериол",
            "target": "увеличивать поступление кислород в миокард"
        },
        {
            "source": "увеличивать поступление кислород в миокард",
            "target": "уменьшать общий ишемический нагрузка"
        },
        {
            "source": "гипотензия",
            "target": "головокружение"
        },
        {
            "source": "гипотензия",
            "target": "тошнота"
        },
        {
            "source": "гипотензия",
            "target": "звон в ухо"
        },
        {
            "source": "гипотензия",
            "target": "головной боль"
        },
        {
            "source": "гипотензия",
            "target": "ортостатический гипотензия"
        },
        {
            "source": "гипотензия",
            "target": "вертиго"
        },
        {
            "source": "ингибитор распад брадикинин",
            "target": "обладать сосудорасширяющий действие"
        },
        {
            "source": "ингибитор распад брадикинин",
            "target": "повышение активность калликреин-кининовый система тканевый"
        },
        {
            "source": "ингибитор распад брадикинин",
            "target": "повышение активность калликреин-кининовый система циркулировать"
        },
        {
            "source": "обладать сосудорасширяющий действие",
            "target": "уменьшать общий периферический сосудистый сопротивление"
        },
        {
            "source": "обладать сосудорасширяющий действие",
            "target": "увеличивать почечный кровоток"
        },
        {
            "source": "обладать сосудорасширяющий действие",
            "target": "«прилив» кровь к кожа лицо"
        },
        {
            "source": "снижение концентрация ангиотензин ii в плазма кровь",
            "target": "увеличение активность ренин в плазма кровь"
        },
        {
            "source": "снижение концентрация ангиотензин ii в плазма кровь",
            "target": "антигипертензивный действие"
        },
        {
            "source": "увеличение активность ренин в плазма кровь",
            "target": "уменьшение секреция альдостерон"
        },
        {
            "source": "уменьшение секреция альдостерон",
            "target": "антигипертензивный действие"
        },
        {
            "source": "активироваться система простагландин",
            "target": "антигипертензивный действие"
        },
        {
            "source": "активироваться система простагландин",
            "target": "кашель"
        },
        {
            "source": "печень",
            "target": "образование неактивный метаболит"
        },
        {
            "source": "печень",
            "target": "гепатит"
        },
        {
            "source": "печень",
            "target": "повышение активность «печёночный» фермент"
        },
        {
            "source": "почка",
            "target": "нарушение функция почка"
        },
        {
            "source": "нарушение функция почка",
            "target": "острый почечный недостаточность"
        },
        {
            "source": "ингибировать трансмембранный переход ион кальций гладкомышечный клетка сосудистый стенка",
            "target": "прямой расслаблять воздействие"
        },
        {
            "source": "повышение активность калликреин-кининовый система тканевый",
            "target": "активироваться система простагландин"
        },
        {
            "source": "повышение активность калликреин-кининовый система циркулировать",
            "target": "активироваться система простагландин"
        }
    ],
    "name": [
        "амлодипин",
        "периндоприл"
    ]
}