{
    "directed": true,
    "multigraph": false,
    "graph": {},
    "nodes": [
        {
            "label": "prepare",
            "weight": 5,
            "id": "колхицин"
        },
        {
            "label": "group",
            "weight": 5,
            "id": "препарат, не влиять на метаболизм мочевой кислота"
        },
        {
            "label": "group",
            "weight": 5,
            "id": "противоподагрический препарат"
        },
        {
            "label": "mechanism",
            "weight": 5,
            "id": "противоподагрическое действие"
        },
        {
            "label": "mechanism",
            "weight": 5,
            "id": "снижение миграция лейкоцит в очаг воспаления"
        },
        {
            "label": "mechanism",
            "weight": 5,
            "id": "угнетение фагоцитоз микрокристалл соль мочевой кислота"
        },
        {
            "label": "mechanism",
            "weight": 5,
            "id": "антимитотическим действием"
        },
        {
            "label": "mechanism",
            "weight": 5,
            "id": "снижать образование амилоидный фибрилл"
        },
        {
            "label": "action",
            "weight": 5,
            "id": "препятствовать развитие амилоидоз"
        },
        {
            "label": "absorbtion",
            "weight": 5,
            "id": "желудочно-кишечный тракт"
        },
        {
            "label": "metabol",
            "weight": 5,
            "id": "печень"
        },
        {
            "label": "excretion",
            "weight": 5,
            "id": "кишечник"
        },
        {
            "label": "excretion",
            "weight": 5,
            "id": "почка"
        },
        {
            "label": "side_e",
            "weight": 5,
            "id": "катаракта"
        },
        {
            "label": "side_e",
            "weight": 5,
            "id": "нарушения зрения"
        },
        {
            "label": "side_e",
            "weight": 5,
            "id": "реакция гиперчувствительность"
        },
        {
            "label": "side_e",
            "weight": 5,
            "id": "фурункулез"
        },
        {
            "label": "side_e",
            "weight": 5,
            "id": "агранулоцитоз"
        },
        {
            "label": "side_e",
            "weight": 5,
            "id": "апластическая анемия"
        },
        {
            "label": "side_e",
            "weight": 5,
            "id": "тромбоцитопения"
        },
        {
            "label": "side_e",
            "weight": 5,
            "id": "гранулоцитоз"
        },
        {
            "label": "side_e",
            "weight": 5,
            "id": "лейкоцитоз"
        },
        {
            "label": "side_e",
            "weight": 5,
            "id": "аплазия"
        },
        {
            "label": "side_e",
            "weight": 5,
            "id": "тяжелый реакция гиперчувствительность"
        },
        {
            "label": "side_e",
            "weight": 5,
            "id": "кожный реакция с отслойка эпидермис"
        },
        {
            "label": "side_e",
            "weight": 5,
            "id": "лихорадка"
        },
        {
            "label": "side_e",
            "weight": 5,
            "id": "лимфаденопатия"
        },
        {
            "label": "side_e",
            "weight": 5,
            "id": "артралгия"
        },
        {
            "label": "side_e",
            "weight": 5,
            "id": "васкулит"
        },
        {
            "label": "side_e",
            "weight": 5,
            "id": "гепатит"
        },
        {
            "label": "side_e",
            "weight": 5,
            "id": "острый холангит"
        },
        {
            "label": "side_e",
            "weight": 5,
            "id": "судороги"
        },
        {
            "label": "side_e",
            "weight": 5,
            "id": "анафилактический шок"
        },
        {
            "label": "side_e",
            "weight": 5,
            "id": "кожная сыпь"
        },
        {
            "label": "side_e",
            "weight": 5,
            "id": "псевдолимфома"
        },
        {
            "label": "side_e",
            "weight": 5,
            "id": "лейкопения"
        },
        {
            "label": "side_e",
            "weight": 5,
            "id": "эозинофилия"
        },
        {
            "label": "side_e",
            "weight": 5,
            "id": "гепато-спленомегалия"
        },
        {
            "label": "side_e",
            "weight": 5,
            "id": "синдром исчезающих желчных протоков"
        },
        {
            "label": "side_e",
            "weight": 5,
            "id": "ангиоиммунобластная Т-клеточная лимфома"
        },
        {
            "label": "side_e",
            "weight": 5,
            "id": "сахарный диабет"
        },
        {
            "label": "side_e",
            "weight": 5,
            "id": "гиперлипидемия"
        },
        {
            "label": "side_e",
            "weight": 5,
            "id": "депрессия"
        },
        {
            "label": "side_e",
            "weight": 5,
            "id": "кома"
        },
        {
            "label": "side_e",
            "weight": 5,
            "id": "паралич"
        },
        {
            "label": "side_e",
            "weight": 5,
            "id": "атаксия"
        },
        {
            "label": "side_e",
            "weight": 5,
            "id": "периферическая нейропатия"
        },
        {
            "label": "side_e",
            "weight": 5,
            "id": "парестезии"
        },
        {
            "label": "side_e",
            "weight": 5,
            "id": "сонливость"
        },
        {
            "label": "side_e",
            "weight": 5,
            "id": "головная боль"
        },
        {
            "label": "side_e",
            "weight": 5,
            "id": "дисгевзия"
        },
        {
            "label": "side_e",
            "weight": 5,
            "id": "головокружение"
        },
        {
            "label": "side_e",
            "weight": 5,
            "id": "стенокардия"
        },
        {
            "label": "side_e",
            "weight": 5,
            "id": "брадикардия"
        },
        {
            "label": "side_e",
            "weight": 5,
            "id": "повышение артериального давления"
        },
        {
            "label": "side_e",
            "weight": 5,
            "id": "рвота"
        },
        {
            "label": "side_e",
            "weight": 5,
            "id": "тошнота"
        },
        {
            "label": "side_e",
            "weight": 5,
            "id": "кровавая рвота"
        },
        {
            "label": "side_e",
            "weight": 5,
            "id": "стеаторея"
        },
        {
            "label": "side_e",
            "weight": 5,
            "id": "стоматит"
        },
        {
            "label": "side_e",
            "weight": 5,
            "id": "изменения частоты дефекации и характера стула"
        },
        {
            "label": "side_e",
            "weight": 5,
            "id": "боль в животе"
        },
        {
            "label": "side_e",
            "weight": 5,
            "id": "бессимптомное увеличение концентрация печеночный фермент"
        },
        {
            "label": "side_e",
            "weight": 5,
            "id": "сыпь"
        },
        {
            "label": "side_e",
            "weight": 5,
            "id": "синдром Стивенса-Джонсона"
        },
        {
            "label": "side_e",
            "weight": 5,
            "id": "токсический эпидермальный некролиз"
        },
        {
            "label": "side_e",
            "weight": 5,
            "id": "ангионевротический отек"
        },
        {
            "label": "side_e",
            "weight": 5,
            "id": "локальная медикаментозная сыпь"
        },
        {
            "label": "side_e",
            "weight": 5,
            "id": "алопеция"
        },
        {
            "label": "side_e",
            "weight": 5,
            "id": "обесцвечивание волос"
        },
        {
            "label": "side_e",
            "weight": 5,
            "id": "миалгия"
        },
        {
            "label": "side_e",
            "weight": 5,
            "id": "мочекаменная болезнь"
        },
        {
            "label": "side_e",
            "weight": 5,
            "id": "гематурия"
        },
        {
            "label": "side_e",
            "weight": 5,
            "id": "азотемия"
        },
        {
            "label": "side_e",
            "weight": 5,
            "id": "мужское бесплодие"
        },
        {
            "label": "side_e",
            "weight": 5,
            "id": "эректильная дисфункция"
        },
        {
            "label": "side_e",
            "weight": 5,
            "id": "гинекомастия"
        },
        {
            "label": "side_e",
            "weight": 5,
            "id": "отек"
        },
        {
            "label": "side_e",
            "weight": 5,
            "id": "общее недомогание"
        },
        {
            "label": "side_e",
            "weight": 5,
            "id": "астения"
        },
        {
            "label": "side_e",
            "weight": 5,
            "id": "повышение уровня тиреотропного гормона"
        },
        {
            "label": "side_e",
            "weight": 5,
            "id": "носовой кровотечение"
        },
        {
            "label": "side_e",
            "weight": 5,
            "id": "заболевание костный мозг"
        },
        {
            "label": "side_e",
            "weight": 5,
            "id": "панцитопения"
        },
        {
            "label": "side_e",
            "weight": 5,
            "id": "нейтропения"
        },
        {
            "label": "side_e",
            "weight": 5,
            "id": "гепо-спленомегалия"
        },
        {
            "label": "side_e",
            "weight": 5,
            "id": "периферический моторный нейропатия"
        },
        {
            "label": "side_e",
            "weight": 5,
            "id": "макулопатия"
        },
        {
            "label": "side_e",
            "weight": 5,
            "id": "профузный диарея"
        },
        {
            "label": "side_e",
            "weight": 5,
            "id": "желудочно-кишечный кровотечение"
        },
        {
            "label": "side_e",
            "weight": 5,
            "id": "нарушение функция печень"
        },
        {
            "label": "side_e",
            "weight": 5,
            "id": "гипертрансаминаземия"
        },
        {
            "label": "side_e",
            "weight": 5,
            "id": "повреждение печень"
        },
        {
            "label": "side_e",
            "weight": 5,
            "id": "аллергический сыпь"
        },
        {
            "label": "side_e",
            "weight": 5,
            "id": "миотония"
        },
        {
            "label": "side_e",
            "weight": 5,
            "id": "мышечный слабость"
        },
        {
            "label": "side_e",
            "weight": 5,
            "id": "миопатия"
        },
        {
            "label": "side_e",
            "weight": 5,
            "id": "боль в мышца"
        },
        {
            "label": "side_e",
            "weight": 5,
            "id": "острый некроз скелетных мышц"
        },
        {
            "label": "side_e",
            "weight": 5,
            "id": "повреждение почка"
        },
        {
            "label": "side_e",
            "weight": 5,
            "id": "азоспермия"
        },
        {
            "label": "side_e",
            "weight": 5,
            "id": "олигоспермия"
        },
        {
            "label": "mechanism",
            "weight": 5,
            "id": "подавляет клеточное деление в стадии анафаза"
        },
        {
            "label": "mechanism",
            "weight": 5,
            "id": "подавляет клеточное деление в стадии метафаза"
        }
    ],
    "links": [
        {
            "source": "колхицин",
            "target": "катаракта"
        },
        {
            "source": "колхицин",
            "target": "нарушения зрения"
        },
        {
            "source": "колхицин",
            "target": "реакция гиперчувствительность"
        },
        {
            "source": "колхицин",
            "target": "фурункулез"
        },
        {
            "source": "колхицин",
            "target": "агранулоцитоз"
        },
        {
            "source": "колхицин",
            "target": "апластическая анемия"
        },
        {
            "source": "колхицин",
            "target": "тромбоцитопения"
        },
        {
            "source": "колхицин",
            "target": "гранулоцитоз"
        },
        {
            "source": "колхицин",
            "target": "лейкоцитоз"
        },
        {
            "source": "колхицин",
            "target": "аплазия"
        },
        {
            "source": "колхицин",
            "target": "тяжелый реакция гиперчувствительность"
        },
        {
            "source": "колхицин",
            "target": "кожный реакция с отслойка эпидермис"
        },
        {
            "source": "колхицин",
            "target": "лихорадка"
        },
        {
            "source": "колхицин",
            "target": "лимфаденопатия"
        },
        {
            "source": "колхицин",
            "target": "артралгия"
        },
        {
            "source": "колхицин",
            "target": "васкулит"
        },
        {
            "source": "колхицин",
            "target": "гепатит"
        },
        {
            "source": "колхицин",
            "target": "острый холангит"
        },
        {
            "source": "колхицин",
            "target": "судороги"
        },
        {
            "source": "колхицин",
            "target": "анафилактический шок"
        },
        {
            "source": "колхицин",
            "target": "кожная сыпь"
        },
        {
            "source": "колхицин",
            "target": "псевдолимфома"
        },
        {
            "source": "колхицин",
            "target": "лейкопения"
        },
        {
            "source": "колхицин",
            "target": "эозинофилия"
        },
        {
            "source": "колхицин",
            "target": "гепато-спленомегалия"
        },
        {
            "source": "колхицин",
            "target": "синдром исчезающих желчных протоков"
        },
        {
            "source": "колхицин",
            "target": "ангиоиммунобластная Т-клеточная лимфома"
        },
        {
            "source": "колхицин",
            "target": "сахарный диабет"
        },
        {
            "source": "колхицин",
            "target": "гиперлипидемия"
        },
        {
            "source": "колхицин",
            "target": "депрессия"
        },
        {
            "source": "колхицин",
            "target": "кома"
        },
        {
            "source": "колхицин",
            "target": "паралич"
        },
        {
            "source": "колхицин",
            "target": "атаксия"
        },
        {
            "source": "колхицин",
            "target": "периферическая нейропатия"
        },
        {
            "source": "колхицин",
            "target": "парестезии"
        },
        {
            "source": "колхицин",
            "target": "сонливость"
        },
        {
            "source": "колхицин",
            "target": "головная боль"
        },
        {
            "source": "колхицин",
            "target": "дисгевзия"
        },
        {
            "source": "колхицин",
            "target": "головокружение"
        },
        {
            "source": "колхицин",
            "target": "стенокардия"
        },
        {
            "source": "колхицин",
            "target": "брадикардия"
        },
        {
            "source": "колхицин",
            "target": "повышение артериального давления"
        },
        {
            "source": "колхицин",
            "target": "рвота"
        },
        {
            "source": "колхицин",
            "target": "тошнота"
        },
        {
            "source": "колхицин",
            "target": "кровавая рвота"
        },
        {
            "source": "колхицин",
            "target": "стеаторея"
        },
        {
            "source": "колхицин",
            "target": "стоматит"
        },
        {
            "source": "колхицин",
            "target": "изменения частоты дефекации и характера стула"
        },
        {
            "source": "колхицин",
            "target": "боль в животе"
        },
        {
            "source": "колхицин",
            "target": "бессимптомное увеличение концентрация печеночный фермент"
        },
        {
            "source": "колхицин",
            "target": "сыпь"
        },
        {
            "source": "колхицин",
            "target": "синдром Стивенса-Джонсона"
        },
        {
            "source": "колхицин",
            "target": "токсический эпидермальный некролиз"
        },
        {
            "source": "колхицин",
            "target": "ангионевротический отек"
        },
        {
            "source": "колхицин",
            "target": "локальная медикаментозная сыпь"
        },
        {
            "source": "колхицин",
            "target": "алопеция"
        },
        {
            "source": "колхицин",
            "target": "обесцвечивание волос"
        },
        {
            "source": "колхицин",
            "target": "миалгия"
        },
        {
            "source": "колхицин",
            "target": "мочекаменная болезнь"
        },
        {
            "source": "колхицин",
            "target": "гематурия"
        },
        {
            "source": "колхицин",
            "target": "азотемия"
        },
        {
            "source": "колхицин",
            "target": "мужское бесплодие"
        },
        {
            "source": "колхицин",
            "target": "эректильная дисфункция"
        },
        {
            "source": "колхицин",
            "target": "гинекомастия"
        },
        {
            "source": "колхицин",
            "target": "отек"
        },
        {
            "source": "колхицин",
            "target": "общее недомогание"
        },
        {
            "source": "колхицин",
            "target": "астения"
        },
        {
            "source": "колхицин",
            "target": "повышение уровня тиреотропного гормона"
        },
        {
            "source": "колхицин",
            "target": "носовой кровотечение"
        },
        {
            "source": "колхицин",
            "target": "заболевание костный мозг"
        },
        {
            "source": "колхицин",
            "target": "панцитопения"
        },
        {
            "source": "колхицин",
            "target": "нейтропения"
        },
        {
            "source": "колхицин",
            "target": "гепо-спленомегалия"
        },
        {
            "source": "колхицин",
            "target": "периферический моторный нейропатия"
        },
        {
            "source": "колхицин",
            "target": "макулопатия"
        },
        {
            "source": "колхицин",
            "target": "профузный диарея"
        },
        {
            "source": "колхицин",
            "target": "желудочно-кишечный кровотечение"
        },
        {
            "source": "колхицин",
            "target": "нарушение функция печень"
        },
        {
            "source": "колхицин",
            "target": "гипертрансаминаземия"
        },
        {
            "source": "колхицин",
            "target": "повреждение печень"
        },
        {
            "source": "колхицин",
            "target": "аллергический сыпь"
        },
        {
            "source": "колхицин",
            "target": "миотония"
        },
        {
            "source": "колхицин",
            "target": "мышечный слабость"
        },
        {
            "source": "колхицин",
            "target": "миопатия"
        },
        {
            "source": "колхицин",
            "target": "боль в мышца"
        },
        {
            "source": "колхицин",
            "target": "острый некроз скелетных мышц"
        },
        {
            "source": "колхицин",
            "target": "повреждение почка"
        },
        {
            "source": "колхицин",
            "target": "азоспермия"
        },
        {
            "source": "колхицин",
            "target": "олигоспермия"
        },
        {
            "source": "колхицин",
            "target": "противоподагрическое действие"
        },
        {
            "source": "колхицин",
            "target": "снижать образование амилоидный фибрилл"
        },
        {
            "source": "колхицин",
            "target": "желудочно-кишечный тракт"
        },
        {
            "source": "колхицин",
            "target": "печень"
        },
        {
            "source": "колхицин",
            "target": "кишечник"
        },
        {
            "source": "колхицин",
            "target": "почка"
        },
        {
            "source": "препарат, не влиять на метаболизм мочевой кислота",
            "target": "колхицин"
        },
        {
            "source": "противоподагрический препарат",
            "target": "препарат, не влиять на метаболизм мочевой кислота"
        },
        {
            "source": "противоподагрическое действие",
            "target": "снижение миграция лейкоцит в очаг воспаления"
        },
        {
            "source": "противоподагрическое действие",
            "target": "угнетение фагоцитоз микрокристалл соль мочевой кислота"
        },
        {
            "source": "противоподагрическое действие",
            "target": "подавляет клеточное деление в стадии анафаза"
        },
        {
            "source": "противоподагрическое действие",
            "target": "подавляет клеточное деление в стадии метафаза"
        },
        {
            "source": "снижать образование амилоидный фибрилл",
            "target": "препятствовать развитие амилоидоз"
        },
        {
            "source": "подавляет клеточное деление в стадии анафаза",
            "target": "антимитотическим действием"
        },
        {
            "source": "подавляет клеточное деление в стадии метафаза",
            "target": "антимитотическим действием"
        }
    ],
    "name": [
        "колхицин"
    ]
}