{
    "directed": true,
    "multigraph": false,
    "graph": {},
    "nodes": [
        {
            "label": "prepare",
            "weight": 5,
            "id": "эналаприл"
        },
        {
            "label": "group",
            "weight": 5,
            "id": "ингибитор апф"
        },
        {
            "label": "prepare",
            "weight": 5,
            "id": "эналаприлат"
        },
        {
            "label": "hormone",
            "weight": 5,
            "id": "ренин"
        },
        {
            "label": "side_e",
            "weight": 5,
            "id": "симптоматический постуральный гипотензия"
        },
        {
            "label": "side_e",
            "weight": 5,
            "id": "анемия"
        },
        {
            "label": "side_e",
            "weight": 5,
            "id": "нейтропение"
        },
        {
            "label": "side_e",
            "weight": 5,
            "id": "снижение гемоглобин"
        },
        {
            "label": "side_e",
            "weight": 5,
            "id": "снижение гематокрит"
        },
        {
            "label": "side_e",
            "weight": 5,
            "id": "тромбоцитопения"
        },
        {
            "label": "side_e",
            "weight": 5,
            "id": "агранулоцитоз"
        },
        {
            "label": "side_e",
            "weight": 5,
            "id": "подавление"
        },
        {
            "label": "side_e",
            "weight": 5,
            "id": "панцитопения"
        },
        {
            "label": "side_e",
            "weight": 5,
            "id": "лимфаденопатия"
        },
        {
            "label": "side_e",
            "weight": 5,
            "id": "аутоиммунный"
        },
        {
            "label": "side_e",
            "weight": 5,
            "id": "синдром неадекватный секреция антидиуретический гормон"
        },
        {
            "label": "side_e",
            "weight": 5,
            "id": "гипогликемия"
        },
        {
            "label": "side_e",
            "weight": 5,
            "id": "депрессия"
        },
        {
            "label": "side_e",
            "weight": 5,
            "id": "спутанность сознание"
        },
        {
            "label": "side_e",
            "weight": 5,
            "id": "сонливость"
        },
        {
            "label": "side_e",
            "weight": 5,
            "id": "бессонница"
        },
        {
            "label": "side_e",
            "weight": 5,
            "id": "повышенный нервозность"
        },
        {
            "label": "side_e",
            "weight": 5,
            "id": "парестезия"
        },
        {
            "label": "side_e",
            "weight": 5,
            "id": "системный головокружение"
        },
        {
            "label": "side_e",
            "weight": 5,
            "id": "необычный сновидение"
        },
        {
            "label": "side_e",
            "weight": 5,
            "id": "нарушение сон"
        },
        {
            "label": "side_e",
            "weight": 5,
            "id": "нечёткость зрение"
        },
        {
            "label": "side_e",
            "weight": 5,
            "id": "боль в грудь"
        },
        {
            "label": "side_e",
            "weight": 5,
            "id": "инсульт"
        },
        {
            "label": "side_e",
            "weight": 5,
            "id": "ринорей"
        },
        {
            "label": "side_e",
            "weight": 5,
            "id": "боль в горло"
        },
        {
            "label": "side_e",
            "weight": 5,
            "id": "охриплость голос"
        },
        {
            "label": "side_e",
            "weight": 5,
            "id": "бронхоспазм"
        },
        {
            "label": "side_e",
            "weight": 5,
            "id": "лёгочный инфильтрат"
        },
        {
            "label": "side_e",
            "weight": 5,
            "id": "ринит"
        },
        {
            "label": "side_e",
            "weight": 5,
            "id": "аллергический альвеолит/эозинофильный пневмония"
        },
        {
            "label": "side_e",
            "weight": 5,
            "id": "диарея"
        },
        {
            "label": "side_e",
            "weight": 5,
            "id": "боль в область живот"
        },
        {
            "label": "side_e",
            "weight": 5,
            "id": "кишечный непроходимость"
        },
        {
            "label": "side_e",
            "weight": 5,
            "id": "панкреатит"
        },
        {
            "label": "side_e",
            "weight": 5,
            "id": "диспепсия"
        },
        {
            "label": "side_e",
            "weight": 5,
            "id": "запор"
        },
        {
            "label": "side_e",
            "weight": 5,
            "id": "анорексия"
        },
        {
            "label": "side_e",
            "weight": 5,
            "id": "раздражение желудок"
        },
        {
            "label": "side_e",
            "weight": 5,
            "id": "сухость слизистый оболочка полость рот"
        },
        {
            "label": "side_e",
            "weight": 5,
            "id": "язва желудок и двенадцатиперстный кишка"
        },
        {
            "label": "side_e",
            "weight": 5,
            "id": "стоматит"
        },
        {
            "label": "side_e",
            "weight": 5,
            "id": "афтозный язва"
        },
        {
            "label": "side_e",
            "weight": 5,
            "id": "глоссит"
        },
        {
            "label": "side_e",
            "weight": 5,
            "id": "интестинальный отёк"
        },
        {
            "label": "side_e",
            "weight": 5,
            "id": "печёночный недостаточность"
        },
        {
            "label": "side_e",
            "weight": 5,
            "id": "гепатит"
        },
        {
            "label": "side_e",
            "weight": 5,
            "id": "холестаз (включая желтуха)"
        },
        {
            "label": "side_e",
            "weight": 5,
            "id": "кожный сыпь"
        },
        {
            "label": "side_e",
            "weight": 5,
            "id": "гиперчувствительность"
        },
        {
            "label": "side_e",
            "weight": 5,
            "id": "ангионевротический отёк"
        },
        {
            "label": "side_e",
            "weight": 5,
            "id": "ангионевротический отёк лицо, конечность, губа, язык"
        },
        {
            "label": "side_e",
            "weight": 5,
            "id": "повышенный потоотделение"
        },
        {
            "label": "side_e",
            "weight": 5,
            "id": "кожный зуд"
        },
        {
            "label": "side_e",
            "weight": 5,
            "id": "крапивница"
        },
        {
            "label": "side_e",
            "weight": 5,
            "id": "алопеция"
        },
        {
            "label": "side_e",
            "weight": 5,
            "id": "многоформный эритема"
        },
        {
            "label": "side_e",
            "weight": 5,
            "id": "синдром стивенс-джонсон"
        },
        {
            "label": "side_e",
            "weight": 5,
            "id": "эксфолиативный дерматит"
        },
        {
            "label": "side_e",
            "weight": 5,
            "id": "токсический эпидермальный некролиз"
        },
        {
            "label": "side_e",
            "weight": 5,
            "id": "пемфигус"
        },
        {
            "label": "side_e",
            "weight": 5,
            "id": "эритродермия"
        },
        {
            "label": "side_e",
            "weight": 5,
            "id": "лихорадка"
        },
        {
            "label": "side_e",
            "weight": 5,
            "id": "серозита"
        },
        {
            "label": "side_e",
            "weight": 5,
            "id": "васкулит"
        },
        {
            "label": "side_e",
            "weight": 5,
            "id": "миалгия"
        },
        {
            "label": "side_e",
            "weight": 5,
            "id": "артралгия"
        },
        {
            "label": "side_e",
            "weight": 5,
            "id": "артрит"
        },
        {
            "label": "side_e",
            "weight": 5,
            "id": "положительный тест на антинуклеарный антитело"
        },
        {
            "label": "side_e",
            "weight": 5,
            "id": "увеличение скорость оседание эритроцит"
        },
        {
            "label": "side_e",
            "weight": 5,
            "id": "эозинофилия"
        },
        {
            "label": "side_e",
            "weight": 5,
            "id": "лейкоцитоз"
        },
        {
            "label": "side_e",
            "weight": 5,
            "id": "фотосенсибилизация"
        },
        {
            "label": "side_e",
            "weight": 5,
            "id": "другой кожный реакция"
        },
        {
            "label": "side_e",
            "weight": 5,
            "id": "протеинурия"
        },
        {
            "label": "side_e",
            "weight": 5,
            "id": "олигурия"
        },
        {
            "label": "side_e",
            "weight": 5,
            "id": "астения"
        },
        {
            "label": "side_e",
            "weight": 5,
            "id": "повышенный утомляемость"
        },
        {
            "label": "side_e",
            "weight": 5,
            "id": "мышечный судорога"
        },
        {
            "label": "side_e",
            "weight": 5,
            "id": "шум в ухо"
        },
        {
            "label": "side_e",
            "weight": 5,
            "id": "чувство дискомфорт"
        },
        {
            "label": "side_e",
            "weight": 5,
            "id": "гиперкалиемия"
        },
        {
            "label": "side_e",
            "weight": 5,
            "id": "увеличение концентрация сывороточный креатинин"
        },
        {
            "label": "side_e",
            "weight": 5,
            "id": "повышение концентрация мочевина в кровь"
        },
        {
            "label": "side_e",
            "weight": 5,
            "id": "гипонатриемия"
        },
        {
            "label": "side_e",
            "weight": 5,
            "id": "повышение активность «печёночный» трансаминаза"
        },
        {
            "label": "side_e",
            "weight": 5,
            "id": "увеличение концентрация билирубин в сыворотка кровь"
        },
        {
            "label": "side_e",
            "weight": 5,
            "id": "инфекция мочевыводящий путь"
        },
        {
            "label": "side_e",
            "weight": 5,
            "id": "инфекция верхний дыхательный путь"
        },
        {
            "label": "side_e",
            "weight": 5,
            "id": "бронхит"
        },
        {
            "label": "side_e",
            "weight": 5,
            "id": "фибрилляция предсердие"
        },
        {
            "label": "side_e",
            "weight": 5,
            "id": "опоясывать герпес"
        },
        {
            "label": "side_e",
            "weight": 5,
            "id": "мелить"
        },
        {
            "label": "side_e",
            "weight": 5,
            "id": "атаксия"
        },
        {
            "label": "side_e",
            "weight": 5,
            "id": "тромбоэмболия ветвь лёгочный артерия"
        },
        {
            "label": "side_e",
            "weight": 5,
            "id": "гемолитический анемия"
        },
        {
            "label": "side_e",
            "weight": 5,
            "id": "гемолиз"
        },
        {
            "label": "side_e",
            "weight": 5,
            "id": "дефицит глюкозо-6фосфатдегидрогеназа"
        },
        {
            "label": "side_e",
            "weight": 5,
            "id": "ухудшение функция почка"
        },
        {
            "label": "side_e",
            "weight": 5,
            "id": "острый почечный недостаточность"
        },
        {
            "label": "side_e",
            "weight": 5,
            "id": "нитратоподобный реакция"
        },
        {
            "label": "side_e",
            "weight": 5,
            "id": "риск"
        },
        {
            "label": "group",
            "weight": 5,
            "id": "средство, действовать на ренинангиотензиновый система"
        },
        {
            "label": "mechanism",
            "weight": 5,
            "id": "ингибирование апф"
        },
        {
            "label": "action",
            "weight": 5,
            "id": "снижение концентрация ангиотензин ii"
        },
        {
            "label": "action",
            "weight": 5,
            "id": "увеличение активность ренин"
        },
        {
            "label": "action",
            "weight": 5,
            "id": "уменьшение секреция альдостерон"
        },
        {
            "label": "mechanism",
            "weight": 5,
            "id": "блокировать разрушение брадикинин"
        },
        {
            "label": "action",
            "weight": 5,
            "id": "снижать артериальный давление"
        },
        {
            "label": "mechanism",
            "weight": 5,
            "id": "подавление активность раас"
        },
        {
            "label": "action",
            "weight": 5,
            "id": "антигипертензивный действие"
        },
        {
            "label": "excretion",
            "weight": 5,
            "id": "почка"
        },
        {
            "label": "side_e",
            "weight": 5,
            "id": "почечный недостаточность"
        },
        {
            "label": "absorbtion",
            "weight": 5,
            "id": "желудочно-кишечный тракт"
        },
        {
            "label": "side_e",
            "weight": 5,
            "id": "нарушение функция почка"
        },
        {
            "label": "side_e",
            "weight": 5,
            "id": "гипокалиемия"
        },
        {
            "label": "side_e",
            "weight": 5,
            "id": "кашель"
        },
        {
            "label": "side_e",
            "weight": 5,
            "id": "одышка"
        },
        {
            "label": "side_e",
            "weight": 5,
            "id": "головной боль"
        },
        {
            "label": "side_e",
            "weight": 5,
            "id": "головокружение"
        },
        {
            "label": "side_e",
            "weight": 5,
            "id": "гинекомастия"
        },
        {
            "label": "side_e",
            "weight": 5,
            "id": "обморок"
        },
        {
            "label": "side_e",
            "weight": 5,
            "id": "тошнота"
        },
        {
            "label": "side_e",
            "weight": 5,
            "id": "рвота"
        },
        {
            "label": "side_e",
            "weight": 5,
            "id": "выраженный снижение ад"
        },
        {
            "label": "side_e",
            "weight": 5,
            "id": "ортостатический гипотензия"
        },
        {
            "label": "action",
            "weight": 5,
            "id": "вазодилатировать действие"
        },
        {
            "label": "side_e",
            "weight": 5,
            "id": "артериальный гипотензия"
        },
        {
            "label": "side_e",
            "weight": 5,
            "id": "стенокардия"
        },
        {
            "label": "side_e",
            "weight": 5,
            "id": "тахикардия"
        },
        {
            "label": "side_e",
            "weight": 5,
            "id": "«прилив» кровь к кожа лицо"
        },
        {
            "label": "side_e",
            "weight": 5,
            "id": "ощущение сердцебиение"
        },
        {
            "label": "side_e",
            "weight": 5,
            "id": "инфаркт миокард"
        },
        {
            "label": "side_e",
            "weight": 5,
            "id": "инфаркт лёгкий"
        },
        {
            "label": "side_e",
            "weight": 5,
            "id": "остановка сердце"
        },
        {
            "label": "side_e",
            "weight": 5,
            "id": "синдром рейно"
        },
        {
            "label": "side_e",
            "weight": 5,
            "id": "эректильный дисфункция"
        }
    ],
    "links": [
        {
            "source": "эналаприл",
            "target": "симптоматический постуральный гипотензия"
        },
        {
            "source": "эналаприл",
            "target": "анемия"
        },
        {
            "source": "эналаприл",
            "target": "нейтропение"
        },
        {
            "source": "эналаприл",
            "target": "снижение гемоглобин"
        },
        {
            "source": "эналаприл",
            "target": "снижение гематокрит"
        },
        {
            "source": "эналаприл",
            "target": "тромбоцитопения"
        },
        {
            "source": "эналаприл",
            "target": "агранулоцитоз"
        },
        {
            "source": "эналаприл",
            "target": "подавление"
        },
        {
            "source": "эналаприл",
            "target": "панцитопения"
        },
        {
            "source": "эналаприл",
            "target": "лимфаденопатия"
        },
        {
            "source": "эналаприл",
            "target": "аутоиммунный"
        },
        {
            "source": "эналаприл",
            "target": "синдром неадекватный секреция антидиуретический гормон"
        },
        {
            "source": "эналаприл",
            "target": "гипогликемия"
        },
        {
            "source": "эналаприл",
            "target": "депрессия"
        },
        {
            "source": "эналаприл",
            "target": "спутанность сознание"
        },
        {
            "source": "эналаприл",
            "target": "сонливость"
        },
        {
            "source": "эналаприл",
            "target": "бессонница"
        },
        {
            "source": "эналаприл",
            "target": "повышенный нервозность"
        },
        {
            "source": "эналаприл",
            "target": "парестезия"
        },
        {
            "source": "эналаприл",
            "target": "системный головокружение"
        },
        {
            "source": "эналаприл",
            "target": "необычный сновидение"
        },
        {
            "source": "эналаприл",
            "target": "нарушение сон"
        },
        {
            "source": "эналаприл",
            "target": "нечёткость зрение"
        },
        {
            "source": "эналаприл",
            "target": "боль в грудь"
        },
        {
            "source": "эналаприл",
            "target": "инсульт"
        },
        {
            "source": "эналаприл",
            "target": "ринорей"
        },
        {
            "source": "эналаприл",
            "target": "боль в горло"
        },
        {
            "source": "эналаприл",
            "target": "охриплость голос"
        },
        {
            "source": "эналаприл",
            "target": "бронхоспазм"
        },
        {
            "source": "эналаприл",
            "target": "лёгочный инфильтрат"
        },
        {
            "source": "эналаприл",
            "target": "ринит"
        },
        {
            "source": "эналаприл",
            "target": "аллергический альвеолит/эозинофильный пневмония"
        },
        {
            "source": "эналаприл",
            "target": "диарея"
        },
        {
            "source": "эналаприл",
            "target": "боль в область живот"
        },
        {
            "source": "эналаприл",
            "target": "кишечный непроходимость"
        },
        {
            "source": "эналаприл",
            "target": "панкреатит"
        },
        {
            "source": "эналаприл",
            "target": "диспепсия"
        },
        {
            "source": "эналаприл",
            "target": "запор"
        },
        {
            "source": "эналаприл",
            "target": "анорексия"
        },
        {
            "source": "эналаприл",
            "target": "раздражение желудок"
        },
        {
            "source": "эналаприл",
            "target": "сухость слизистый оболочка полость рот"
        },
        {
            "source": "эналаприл",
            "target": "язва желудок и двенадцатиперстный кишка"
        },
        {
            "source": "эналаприл",
            "target": "стоматит"
        },
        {
            "source": "эналаприл",
            "target": "афтозный язва"
        },
        {
            "source": "эналаприл",
            "target": "глоссит"
        },
        {
            "source": "эналаприл",
            "target": "интестинальный отёк"
        },
        {
            "source": "эналаприл",
            "target": "печёночный недостаточность"
        },
        {
            "source": "эналаприл",
            "target": "гепатит"
        },
        {
            "source": "эналаприл",
            "target": "холестаз (включая желтуха)"
        },
        {
            "source": "эналаприл",
            "target": "кожный сыпь"
        },
        {
            "source": "эналаприл",
            "target": "гиперчувствительность"
        },
        {
            "source": "эналаприл",
            "target": "ангионевротический отёк"
        },
        {
            "source": "эналаприл",
            "target": "ангионевротический отёк лицо, конечность, губа, язык"
        },
        {
            "source": "эналаприл",
            "target": "повышенный потоотделение"
        },
        {
            "source": "эналаприл",
            "target": "кожный зуд"
        },
        {
            "source": "эналаприл",
            "target": "крапивница"
        },
        {
            "source": "эналаприл",
            "target": "алопеция"
        },
        {
            "source": "эналаприл",
            "target": "многоформный эритема"
        },
        {
            "source": "эналаприл",
            "target": "синдром стивенс-джонсон"
        },
        {
            "source": "эналаприл",
            "target": "эксфолиативный дерматит"
        },
        {
            "source": "эналаприл",
            "target": "токсический эпидермальный некролиз"
        },
        {
            "source": "эналаприл",
            "target": "пемфигус"
        },
        {
            "source": "эналаприл",
            "target": "эритродермия"
        },
        {
            "source": "эналаприл",
            "target": "лихорадка"
        },
        {
            "source": "эналаприл",
            "target": "серозита"
        },
        {
            "source": "эналаприл",
            "target": "васкулит"
        },
        {
            "source": "эналаприл",
            "target": "миалгия"
        },
        {
            "source": "эналаприл",
            "target": "артралгия"
        },
        {
            "source": "эналаприл",
            "target": "артрит"
        },
        {
            "source": "эналаприл",
            "target": "положительный тест на антинуклеарный антитело"
        },
        {
            "source": "эналаприл",
            "target": "увеличение скорость оседание эритроцит"
        },
        {
            "source": "эналаприл",
            "target": "эозинофилия"
        },
        {
            "source": "эналаприл",
            "target": "лейкоцитоз"
        },
        {
            "source": "эналаприл",
            "target": "фотосенсибилизация"
        },
        {
            "source": "эналаприл",
            "target": "другой кожный реакция"
        },
        {
            "source": "эналаприл",
            "target": "протеинурия"
        },
        {
            "source": "эналаприл",
            "target": "олигурия"
        },
        {
            "source": "эналаприл",
            "target": "астения"
        },
        {
            "source": "эналаприл",
            "target": "повышенный утомляемость"
        },
        {
            "source": "эналаприл",
            "target": "мышечный судорога"
        },
        {
            "source": "эналаприл",
            "target": "шум в ухо"
        },
        {
            "source": "эналаприл",
            "target": "чувство дискомфорт"
        },
        {
            "source": "эналаприл",
            "target": "гиперкалиемия"
        },
        {
            "source": "эналаприл",
            "target": "увеличение концентрация сывороточный креатинин"
        },
        {
            "source": "эналаприл",
            "target": "повышение концентрация мочевина в кровь"
        },
        {
            "source": "эналаприл",
            "target": "гипонатриемия"
        },
        {
            "source": "эналаприл",
            "target": "повышение активность «печёночный» трансаминаза"
        },
        {
            "source": "эналаприл",
            "target": "увеличение концентрация билирубин в сыворотка кровь"
        },
        {
            "source": "эналаприл",
            "target": "инфекция мочевыводящий путь"
        },
        {
            "source": "эналаприл",
            "target": "инфекция верхний дыхательный путь"
        },
        {
            "source": "эналаприл",
            "target": "бронхит"
        },
        {
            "source": "эналаприл",
            "target": "фибрилляция предсердие"
        },
        {
            "source": "эналаприл",
            "target": "опоясывать герпес"
        },
        {
            "source": "эналаприл",
            "target": "мелить"
        },
        {
            "source": "эналаприл",
            "target": "атаксия"
        },
        {
            "source": "эналаприл",
            "target": "тромбоэмболия ветвь лёгочный артерия"
        },
        {
            "source": "эналаприл",
            "target": "гемолитический анемия"
        },
        {
            "source": "эналаприл",
            "target": "гемолиз"
        },
        {
            "source": "эналаприл",
            "target": "дефицит глюкозо-6фосфатдегидрогеназа"
        },
        {
            "source": "эналаприл",
            "target": "ухудшение функция почка"
        },
        {
            "source": "эналаприл",
            "target": "острый почечный недостаточность"
        },
        {
            "source": "эналаприл",
            "target": "нитратоподобный реакция"
        },
        {
            "source": "эналаприл",
            "target": "риск"
        },
        {
            "source": "эналаприл",
            "target": "синдром рейно"
        },
        {
            "source": "эналаприл",
            "target": "эналаприлат"
        },
        {
            "source": "эналаприл",
            "target": "почка"
        },
        {
            "source": "эналаприл",
            "target": "желудочно-кишечный тракт"
        },
        {
            "source": "ингибитор апф",
            "target": "эналаприл"
        },
        {
            "source": "эналаприлат",
            "target": "подавление активность раас"
        },
        {
            "source": "средство, действовать на ренинангиотензиновый система",
            "target": "ингибитор апф"
        },
        {
            "source": "ингибирование апф",
            "target": "снижение концентрация ангиотензин ii"
        },
        {
            "source": "снижение концентрация ангиотензин ii",
            "target": "увеличение активность ренин"
        },
        {
            "source": "снижение концентрация ангиотензин ii",
            "target": "уменьшение секреция альдостерон"
        },
        {
            "source": "снижение концентрация ангиотензин ii",
            "target": "блокировать разрушение брадикинин"
        },
        {
            "source": "снижение концентрация ангиотензин ii",
            "target": "снижать артериальный давление"
        },
        {
            "source": "увеличение активность ренин",
            "target": "снижать артериальный давление"
        },
        {
            "source": "уменьшение секреция альдостерон",
            "target": "снижать артериальный давление"
        },
        {
            "source": "уменьшение секреция альдостерон",
            "target": "гипокалиемия"
        },
        {
            "source": "уменьшение секреция альдостерон",
            "target": "гинекомастия"
        },
        {
            "source": "уменьшение секреция альдостерон",
            "target": "эректильный дисфункция"
        },
        {
            "source": "блокировать разрушение брадикинин",
            "target": "снижать артериальный давление"
        },
        {
            "source": "блокировать разрушение брадикинин",
            "target": "кашель"
        },
        {
            "source": "блокировать разрушение брадикинин",
            "target": "одышка"
        },
        {
            "source": "блокировать разрушение брадикинин",
            "target": "вазодилатировать действие"
        },
        {
            "source": "снижать артериальный давление",
            "target": "антигипертензивный действие"
        },
        {
            "source": "подавление активность раас",
            "target": "ингибирование апф"
        },
        {
            "source": "антигипертензивный действие",
            "target": "ортостатический гипотензия"
        },
        {
            "source": "антигипертензивный действие",
            "target": "тошнота"
        },
        {
            "source": "антигипертензивный действие",
            "target": "артериальный гипотензия"
        },
        {
            "source": "почка",
            "target": "нарушение функция почка"
        },
        {
            "source": "нарушение функция почка",
            "target": "почечный недостаточность"
        },
        {
            "source": "тошнота",
            "target": "рвота"
        },
        {
            "source": "выраженный снижение ад",
            "target": "стенокардия"
        },
        {
            "source": "выраженный снижение ад",
            "target": "ощущение сердцебиение"
        },
        {
            "source": "выраженный снижение ад",
            "target": "инфаркт миокард"
        },
        {
            "source": "выраженный снижение ад",
            "target": "инфаркт лёгкий"
        },
        {
            "source": "вазодилатировать действие",
            "target": "ортостатический гипотензия"
        },
        {
            "source": "вазодилатировать действие",
            "target": "антигипертензивный действие"
        },
        {
            "source": "вазодилатировать действие",
            "target": "«прилив» кровь к кожа лицо"
        },
        {
            "source": "артериальный гипотензия",
            "target": "выраженный снижение ад"
        },
        {
            "source": "артериальный гипотензия",
            "target": "головокружение"
        },
        {
            "source": "артериальный гипотензия",
            "target": "головной боль"
        },
        {
            "source": "артериальный гипотензия",
            "target": "обморок"
        },
        {
            "source": "артериальный гипотензия",
            "target": "тахикардия"
        },
        {
            "source": "инфаркт миокард",
            "target": "остановка сердце"
        }
    ],
    "name": [
        "эналаприл"
    ]
}