{
    "directed": true,
    "multigraph": false,
    "graph": {},
    "nodes": [
        {
            "label": "prepare",
            "weight": 5,
            "id": "небиволол"
        },
        {
            "label": "absorbtion",
            "weight": 5,
            "id": "внутрь"
        },
        {
            "label": "side_e",
            "weight": 5,
            "id": "брадикардия"
        },
        {
            "label": "side_e",
            "weight": 5,
            "id": "головокружение"
        },
        {
            "label": "side_e",
            "weight": 5,
            "id": "декомпенсация хсн"
        },
        {
            "label": "side_e",
            "weight": 5,
            "id": "ортостатический гипотензия"
        },
        {
            "label": "side_e",
            "weight": 5,
            "id": "непереносимость препарат"
        },
        {
            "label": "side_e",
            "weight": 5,
            "id": "ав блокада i степень"
        },
        {
            "label": "side_e",
            "weight": 5,
            "id": "отёк нижний конечность"
        },
        {
            "label": "side_e",
            "weight": 5,
            "id": "ангионевротический отёк"
        },
        {
            "label": "side_e",
            "weight": 5,
            "id": "гиперчувствительность"
        },
        {
            "label": "side_e",
            "weight": 5,
            "id": "депрессия"
        },
        {
            "label": "side_e",
            "weight": 5,
            "id": "«кошмарный» сновидение"
        },
        {
            "label": "side_e",
            "weight": 5,
            "id": "головной боль"
        },
        {
            "label": "side_e",
            "weight": 5,
            "id": "парестезия"
        },
        {
            "label": "side_e",
            "weight": 5,
            "id": "обморок"
        },
        {
            "label": "side_e",
            "weight": 5,
            "id": "зрение"
        },
        {
            "label": "side_e",
            "weight": 5,
            "id": "сердечный недостаточность"
        },
        {
            "label": "side_e",
            "weight": 5,
            "id": "замедление ав-проводимость"
        },
        {
            "label": "side_e",
            "weight": 5,
            "id": "выраженный снижение ад"
        },
        {
            "label": "side_e",
            "weight": 5,
            "id": "усугубление перемежаться хромота"
        },
        {
            "label": "side_e",
            "weight": 5,
            "id": "одышка"
        },
        {
            "label": "side_e",
            "weight": 5,
            "id": "бронхоспазм"
        },
        {
            "label": "side_e",
            "weight": 5,
            "id": "тошнота"
        },
        {
            "label": "side_e",
            "weight": 5,
            "id": "запор"
        },
        {
            "label": "side_e",
            "weight": 5,
            "id": "диарея"
        },
        {
            "label": "side_e",
            "weight": 5,
            "id": "диспепсия"
        },
        {
            "label": "side_e",
            "weight": 5,
            "id": "метеоризм"
        },
        {
            "label": "side_e",
            "weight": 5,
            "id": "рвота"
        },
        {
            "label": "side_e",
            "weight": 5,
            "id": "кожный зуд"
        },
        {
            "label": "side_e",
            "weight": 5,
            "id": "кожный сыпь эритематозный характер"
        },
        {
            "label": "side_e",
            "weight": 5,
            "id": "усугубление течение псориаз"
        },
        {
            "label": "side_e",
            "weight": 5,
            "id": "крапивница"
        },
        {
            "label": "side_e",
            "weight": 5,
            "id": "эректильный дисфункция"
        },
        {
            "label": "side_e",
            "weight": 5,
            "id": "повышенный утомляемость"
        },
        {
            "label": "side_e",
            "weight": 5,
            "id": "отёк"
        },
        {
            "label": "side_e",
            "weight": 5,
            "id": "желудочковый аритмия"
        },
        {
            "label": "side_e",
            "weight": 5,
            "id": "полиморфный желудочковый тахикардия тип «пируэт»"
        },
        {
            "label": "noun",
            "weight": 5,
            "id": "при одновременный применение"
        },
        {
            "label": "side_e",
            "weight": 5,
            "id": "удлинение время атриовентрикулярный проведение"
        },
        {
            "label": "side_e",
            "weight": 5,
            "id": "усиление отрицательный инотропный действие"
        },
        {
            "label": "side_e",
            "weight": 5,
            "id": "ав-блокада"
        },
        {
            "label": "prepare",
            "weight": 5,
            "id": "метилдоп"
        },
        {
            "label": "group",
            "weight": 5,
            "id": "с антиаритмический средство iii класс"
        },
        {
            "label": "group",
            "weight": 5,
            "id": "бета-адреноблокатор"
        },
        {
            "label": "group",
            "weight": 5,
            "id": "селективный бетаадреноблокатор"
        },
        {
            "label": "mechanism",
            "weight": 5,
            "id": "модулировать высвобождение эндотелиальный вазодилатируть фактор оксид азот"
        },
        {
            "label": "mechanism",
            "weight": 5,
            "id": "блокировать"
        },
        {
            "label": "action",
            "weight": 5,
            "id": "сосудорасширяющий действие"
        },
        {
            "label": "mechanism",
            "weight": 5,
            "id": "антигипертензивный действие"
        },
        {
            "label": "action",
            "weight": 5,
            "id": "антиангинальный действие"
        },
        {
            "label": "mechanism",
            "weight": 5,
            "id": "антиаритмический действие"
        },
        {
            "label": "mechanism",
            "weight": 5,
            "id": "подавление автоматизм сердце"
        },
        {
            "label": "mechanism",
            "weight": 5,
            "id": "потребность миокард в кислород"
        },
        {
            "label": "mechanism",
            "weight": 5,
            "id": "снижать общий периферический сосудистый сопротивление"
        },
        {
            "label": "mechanism",
            "weight": 5,
            "id": "замедление атриовентрикулярный проводимость"
        },
        {
            "label": "mechanism",
            "weight": 5,
            "id": "урежение частота сердечный сокращение"
        },
        {
            "label": "side_e",
            "weight": 5,
            "id": "артериальный гипотензия"
        },
        {
            "label": "excretion",
            "weight": 5,
            "id": "почки"
        },
        {
            "label": "excretion",
            "weight": 5,
            "id": "кишечник"
        },
        {
            "label": "mechanism",
            "weight": 5,
            "id": "адренорецептор β1"
        },
        {
            "label": "mechanism",
            "weight": 5,
            "id": "адренорецептор β1 кардиоселективный"
        },
        {
            "label": "mechanism",
            "weight": 5,
            "id": "адренорецептор β1 синаптический"
        },
        {
            "label": "mechanism",
            "weight": 5,
            "id": "адренорецептор β1 постсинаптический"
        },
        {
            "label": "mechanism",
            "weight": 5,
            "id": "снижение преднагрузка"
        },
        {
            "label": "mechanism",
            "weight": 5,
            "id": "снижение постнагрузка"
        }
    ],
    "links": [
        {
            "source": "небиволол",
            "target": "брадикардия"
        },
        {
            "source": "небиволол",
            "target": "головокружение"
        },
        {
            "source": "небиволол",
            "target": "декомпенсация хсн"
        },
        {
            "source": "небиволол",
            "target": "ортостатический гипотензия"
        },
        {
            "source": "небиволол",
            "target": "непереносимость препарат"
        },
        {
            "source": "небиволол",
            "target": "ав блокада i степень"
        },
        {
            "source": "небиволол",
            "target": "отёк нижний конечность"
        },
        {
            "source": "небиволол",
            "target": "ангионевротический отёк"
        },
        {
            "source": "небиволол",
            "target": "гиперчувствительность"
        },
        {
            "source": "небиволол",
            "target": "депрессия"
        },
        {
            "source": "небиволол",
            "target": "«кошмарный» сновидение"
        },
        {
            "source": "небиволол",
            "target": "головной боль"
        },
        {
            "source": "небиволол",
            "target": "парестезия"
        },
        {
            "source": "небиволол",
            "target": "обморок"
        },
        {
            "source": "небиволол",
            "target": "зрение"
        },
        {
            "source": "небиволол",
            "target": "сердечный недостаточность"
        },
        {
            "source": "небиволол",
            "target": "замедление ав-проводимость"
        },
        {
            "source": "небиволол",
            "target": "выраженный снижение ад"
        },
        {
            "source": "небиволол",
            "target": "усугубление перемежаться хромота"
        },
        {
            "source": "небиволол",
            "target": "одышка"
        },
        {
            "source": "небиволол",
            "target": "бронхоспазм"
        },
        {
            "source": "небиволол",
            "target": "тошнота"
        },
        {
            "source": "небиволол",
            "target": "запор"
        },
        {
            "source": "небиволол",
            "target": "диарея"
        },
        {
            "source": "небиволол",
            "target": "диспепсия"
        },
        {
            "source": "небиволол",
            "target": "метеоризм"
        },
        {
            "source": "небиволол",
            "target": "рвота"
        },
        {
            "source": "небиволол",
            "target": "кожный зуд"
        },
        {
            "source": "небиволол",
            "target": "кожный сыпь эритематозный характер"
        },
        {
            "source": "небиволол",
            "target": "усугубление течение псориаз"
        },
        {
            "source": "небиволол",
            "target": "крапивница"
        },
        {
            "source": "небиволол",
            "target": "эректильный дисфункция"
        },
        {
            "source": "небиволол",
            "target": "повышенный утомляемость"
        },
        {
            "source": "небиволол",
            "target": "отёк"
        },
        {
            "source": "небиволол",
            "target": "желудочковый аритмия"
        },
        {
            "source": "небиволол",
            "target": "полиморфный желудочковый тахикардия тип «пируэт»"
        },
        {
            "source": "небиволол",
            "target": "удлинение время атриовентрикулярный проведение"
        },
        {
            "source": "небиволол",
            "target": "усиление отрицательный инотропный действие"
        },
        {
            "source": "небиволол",
            "target": "ав-блокада"
        },
        {
            "source": "небиволол",
            "target": "артериальный гипотензия"
        },
        {
            "source": "небиволол",
            "target": "блокировать"
        },
        {
            "source": "небиволол",
            "target": "почки"
        },
        {
            "source": "небиволол",
            "target": "кишечник"
        },
        {
            "source": "бета-адреноблокатор",
            "target": "селективный бетаадреноблокатор"
        },
        {
            "source": "селективный бетаадреноблокатор",
            "target": "небиволол"
        },
        {
            "source": "модулировать высвобождение эндотелиальный вазодилатируть фактор оксид азот",
            "target": "сосудорасширяющий действие"
        },
        {
            "source": "блокировать",
            "target": "адренорецептор β1"
        },
        {
            "source": "блокировать",
            "target": "адренорецептор β1 кардиоселективный"
        },
        {
            "source": "блокировать",
            "target": "адренорецептор β1 синаптический"
        },
        {
            "source": "блокировать",
            "target": "адренорецептор β1 постсинаптический"
        },
        {
            "source": "сосудорасширяющий действие",
            "target": "антигипертензивный действие"
        },
        {
            "source": "антигипертензивный действие",
            "target": "снижение преднагрузка"
        },
        {
            "source": "антигипертензивный действие",
            "target": "снижение постнагрузка"
        },
        {
            "source": "антиангинальный действие",
            "target": "урежение частота сердечный сокращение"
        },
        {
            "source": "подавление автоматизм сердце",
            "target": "замедление атриовентрикулярный проводимость"
        },
        {
            "source": "потребность миокард в кислород",
            "target": "антиангинальный действие"
        },
        {
            "source": "замедление атриовентрикулярный проводимость",
            "target": "антиаритмический действие"
        },
        {
            "source": "замедление атриовентрикулярный проводимость",
            "target": "урежение частота сердечный сокращение"
        },
        {
            "source": "адренорецептор β1",
            "target": "модулировать высвобождение эндотелиальный вазодилатируть фактор оксид азот"
        },
        {
            "source": "адренорецептор β1",
            "target": "снижать общий периферический сосудистый сопротивление"
        },
        {
            "source": "адренорецептор β1",
            "target": "подавление автоматизм сердце"
        },
        {
            "source": "снижение преднагрузка",
            "target": "потребность миокард в кислород"
        },
        {
            "source": "снижение постнагрузка",
            "target": "потребность миокард в кислород"
        }
    ],
    "name": [
        "небиволол"
    ]
}