{
    "directed": true,
    "multigraph": false,
    "graph": {},
    "nodes": [
        {
            "label": "prepare",
            "weight": 5,
            "id": "сертралин"
        },
        {
            "label": "side_e",
            "weight": 5,
            "id": "тремор"
        },
        {
            "label": "side_e",
            "weight": 5,
            "id": "миоклонус"
        },
        {
            "label": "side_e",
            "weight": 5,
            "id": "диафорез"
        },
        {
            "label": "side_e",
            "weight": 5,
            "id": "тошнота"
        },
        {
            "label": "side_e",
            "weight": 5,
            "id": "рвота"
        },
        {
            "label": "side_e",
            "weight": 5,
            "id": "«прилив» кровь к кожа лицо"
        },
        {
            "label": "side_e",
            "weight": 5,
            "id": "напоминать злокачественный нейролептический синдром"
        },
        {
            "label": "side_e",
            "weight": 5,
            "id": "судорога"
        },
        {
            "label": "side_e",
            "weight": 5,
            "id": "летальный исход"
        },
        {
            "label": "side_e",
            "weight": 5,
            "id": "слабость"
        },
        {
            "label": "side_e",
            "weight": 5,
            "id": "нарушение координация движение"
        },
        {
            "label": "side_e",
            "weight": 5,
            "id": "спутанность сознание"
        },
        {
            "label": "side_e",
            "weight": 5,
            "id": "тревога"
        },
        {
            "label": "side_e",
            "weight": 5,
            "id": "возбуждение"
        },
        {
            "label": "group",
            "weight": 5,
            "id": "психоаналептик"
        },
        {
            "label": "group",
            "weight": 5,
            "id": "антидепрессант"
        },
        {
            "label": "group",
            "weight": 5,
            "id": "селективный ингибитор обратный захват серотонин"
        },
        {
            "label": "mechanism",
            "weight": 5,
            "id": "селективный ингибитор обратный захват серотонин (5-НТ) в нейронах"
        },
        {
            "label": "mechanism",
            "weight": 5,
            "id": "усиление психологический эффект"
        },
        {
            "label": "mechanism",
            "weight": 5,
            "id": "блокирует захват серотонина тромбоцитами"
        },
        {
            "label": "side_e",
            "weight": 5,
            "id": "кровотечение"
        },
        {
            "label": "excretion",
            "weight": 5,
            "id": "кал"
        },
        {
            "label": "excretion",
            "weight": 5,
            "id": "моча"
        },
        {
            "label": "metabol",
            "weight": 5,
            "id": "печень"
        },
        {
            "label": "side_e",
            "weight": 5,
            "id": "серотониновый синдром"
        },
        {
            "label": "side_e",
            "weight": 5,
            "id": "головокружение"
        },
        {
            "label": "side_e",
            "weight": 5,
            "id": "гипертермия с симптом"
        },
        {
            "label": "side_e",
            "weight": 5,
            "id": "усиление тремор"
        },
        {
            "label": "side_e",
            "weight": 5,
            "id": "гиперрефлексия"
        },
        {
            "label": "side_e",
            "weight": 5,
            "id": "снижение аппетита"
        },
        {
            "label": "side_e",
            "weight": 5,
            "id": "повышение аппетита"
        },
        {
            "label": "side_e",
            "weight": 5,
            "id": "бессонница"
        },
        {
            "label": "side_e",
            "weight": 5,
            "id": "депрессия"
        },
        {
            "label": "side_e",
            "weight": 5,
            "id": "ажитация"
        },
        {
            "label": "side_e",
            "weight": 5,
            "id": "снижение либидо"
        },
        {
            "label": "side_e",
            "weight": 5,
            "id": "повышенная возбудимость"
        },
        {
            "label": "side_e",
            "weight": 5,
            "id": "деперсонализация"
        },
        {
            "label": "side_e",
            "weight": 5,
            "id": "ночные кошмары"
        },
        {
            "label": "side_e",
            "weight": 5,
            "id": "скрежет зубами во сне"
        },
        {
            "label": "side_e",
            "weight": 5,
            "id": "суицидальные мысли/поведение"
        },
        {
            "label": "side_e",
            "weight": 5,
            "id": "психотические нарушения"
        },
        {
            "label": "side_e",
            "weight": 5,
            "id": "нарушение мышления"
        },
        {
            "label": "side_e",
            "weight": 5,
            "id": "апатия"
        },
        {
            "label": "side_e",
            "weight": 5,
            "id": "галлюцинации"
        },
        {
            "label": "side_e",
            "weight": 5,
            "id": "агрессия"
        },
        {
            "label": "side_e",
            "weight": 5,
            "id": "эйфория"
        },
        {
            "label": "side_e",
            "weight": 5,
            "id": "паранойя"
        },
        {
            "label": "side_e",
            "weight": 5,
            "id": "конверсионное расстройство"
        },
        {
            "label": "side_e",
            "weight": 5,
            "id": "лекарственная зависимость"
        },
        {
            "label": "side_e",
            "weight": 5,
            "id": "хождение во сне"
        },
        {
            "label": "side_e",
            "weight": 5,
            "id": "преждевременная эякуляция"
        },
        {
            "label": "side_e",
            "weight": 5,
            "id": "ощущение сердцебиения"
        },
        {
            "label": "side_e",
            "weight": 5,
            "id": "тахикардия"
        },
        {
            "label": "side_e",
            "weight": 5,
            "id": "инфаркт миокарда"
        },
        {
            "label": "side_e",
            "weight": 5,
            "id": "развитие полиморфной желудочковой тахикардии типа «пируэт»"
        },
        {
            "label": "side_e",
            "weight": 5,
            "id": "брадикардия"
        },
        {
            "label": "mechanism",
            "weight": 5,
            "id": "влияние на обратный захват нейронами норадреналин"
        },
        {
            "label": "mechanism",
            "weight": 5,
            "id": "влияние на обратный захват нейронами дофамин"
        }
    ],
    "links": [
        {
            "source": "сертралин",
            "target": "тремор"
        },
        {
            "source": "сертралин",
            "target": "миоклонус"
        },
        {
            "source": "сертралин",
            "target": "диафорез"
        },
        {
            "source": "сертралин",
            "target": "тошнота"
        },
        {
            "source": "сертралин",
            "target": "рвота"
        },
        {
            "source": "сертралин",
            "target": "«прилив» кровь к кожа лицо"
        },
        {
            "source": "сертралин",
            "target": "напоминать злокачественный нейролептический синдром"
        },
        {
            "source": "сертралин",
            "target": "судорога"
        },
        {
            "source": "сертралин",
            "target": "летальный исход"
        },
        {
            "source": "сертралин",
            "target": "слабость"
        },
        {
            "source": "сертралин",
            "target": "нарушение координация движение"
        },
        {
            "source": "сертралин",
            "target": "спутанность сознание"
        },
        {
            "source": "сертралин",
            "target": "возбуждение"
        },
        {
            "source": "сертралин",
            "target": "гипертермия с симптом"
        },
        {
            "source": "сертралин",
            "target": "селективный ингибитор обратный захват серотонин (5-НТ) в нейронах"
        },
        {
            "source": "сертралин",
            "target": "усиление психологический эффект"
        },
        {
            "source": "сертралин",
            "target": "блокирует захват серотонина тромбоцитами"
        },
        {
            "source": "сертралин",
            "target": "кал"
        },
        {
            "source": "сертралин",
            "target": "моча"
        },
        {
            "source": "сертралин",
            "target": "печень"
        },
        {
            "source": "сертралин",
            "target": "влияние на обратный захват нейронами норадреналин"
        },
        {
            "source": "сертралин",
            "target": "влияние на обратный захват нейронами дофамин"
        },
        {
            "source": "психоаналептик",
            "target": "антидепрессант"
        },
        {
            "source": "антидепрессант",
            "target": "селективный ингибитор обратный захват серотонин"
        },
        {
            "source": "селективный ингибитор обратный захват серотонин",
            "target": "сертралин"
        },
        {
            "source": "селективный ингибитор обратный захват серотонин (5-НТ) в нейронах",
            "target": "серотониновый синдром"
        },
        {
            "source": "селективный ингибитор обратный захват серотонин (5-НТ) в нейронах",
            "target": "усиление тремор"
        },
        {
            "source": "селективный ингибитор обратный захват серотонин (5-НТ) в нейронах",
            "target": "повышение аппетита"
        },
        {
            "source": "селективный ингибитор обратный захват серотонин (5-НТ) в нейронах",
            "target": "снижение аппетита"
        },
        {
            "source": "селективный ингибитор обратный захват серотонин (5-НТ) в нейронах",
            "target": "бессонница"
        },
        {
            "source": "селективный ингибитор обратный захват серотонин (5-НТ) в нейронах",
            "target": "нарушение мышления"
        },
        {
            "source": "селективный ингибитор обратный захват серотонин (5-НТ) в нейронах",
            "target": "апатия"
        },
        {
            "source": "селективный ингибитор обратный захват серотонин (5-НТ) в нейронах",
            "target": "галлюцинации"
        },
        {
            "source": "селективный ингибитор обратный захват серотонин (5-НТ) в нейронах",
            "target": "агрессия"
        },
        {
            "source": "селективный ингибитор обратный захват серотонин (5-НТ) в нейронах",
            "target": "тревога"
        },
        {
            "source": "селективный ингибитор обратный захват серотонин (5-НТ) в нейронах",
            "target": "гиперрефлексия"
        },
        {
            "source": "селективный ингибитор обратный захват серотонин (5-НТ) в нейронах",
            "target": "эйфория"
        },
        {
            "source": "селективный ингибитор обратный захват серотонин (5-НТ) в нейронах",
            "target": "паранойя"
        },
        {
            "source": "селективный ингибитор обратный захват серотонин (5-НТ) в нейронах",
            "target": "конверсионное расстройство"
        },
        {
            "source": "селективный ингибитор обратный захват серотонин (5-НТ) в нейронах",
            "target": "лекарственная зависимость"
        },
        {
            "source": "селективный ингибитор обратный захват серотонин (5-НТ) в нейронах",
            "target": "ажитация"
        },
        {
            "source": "селективный ингибитор обратный захват серотонин (5-НТ) в нейронах",
            "target": "повышенная возбудимость"
        },
        {
            "source": "селективный ингибитор обратный захват серотонин (5-НТ) в нейронах",
            "target": "снижение либидо"
        },
        {
            "source": "селективный ингибитор обратный захват серотонин (5-НТ) в нейронах",
            "target": "хождение во сне"
        },
        {
            "source": "селективный ингибитор обратный захват серотонин (5-НТ) в нейронах",
            "target": "преждевременная эякуляция"
        },
        {
            "source": "селективный ингибитор обратный захват серотонин (5-НТ) в нейронах",
            "target": "головокружение"
        },
        {
            "source": "селективный ингибитор обратный захват серотонин (5-НТ) в нейронах",
            "target": "деперсонализация"
        },
        {
            "source": "селективный ингибитор обратный захват серотонин (5-НТ) в нейронах",
            "target": "ночные кошмары"
        },
        {
            "source": "селективный ингибитор обратный захват серотонин (5-НТ) в нейронах",
            "target": "скрежет зубами во сне"
        },
        {
            "source": "селективный ингибитор обратный захват серотонин (5-НТ) в нейронах",
            "target": "суицидальные мысли/поведение"
        },
        {
            "source": "селективный ингибитор обратный захват серотонин (5-НТ) в нейронах",
            "target": "психотические нарушения"
        },
        {
            "source": "селективный ингибитор обратный захват серотонин (5-НТ) в нейронах",
            "target": "депрессия"
        },
        {
            "source": "блокирует захват серотонина тромбоцитами",
            "target": "кровотечение"
        },
        {
            "source": "влияние на обратный захват нейронами норадреналин",
            "target": "ощущение сердцебиения"
        },
        {
            "source": "влияние на обратный захват нейронами норадреналин",
            "target": "тахикардия"
        },
        {
            "source": "влияние на обратный захват нейронами норадреналин",
            "target": "инфаркт миокарда"
        },
        {
            "source": "влияние на обратный захват нейронами норадреналин",
            "target": "развитие полиморфной желудочковой тахикардии типа «пируэт»"
        },
        {
            "source": "влияние на обратный захват нейронами норадреналин",
            "target": "брадикардия"
        }
    ],
    "name": [
        "сертралин"
    ]
}