{
    "directed": true,
    "multigraph": false,
    "graph": {},
    "nodes": [
        {
            "label": "noun",
            "weight": 5,
            "id": "кининаз ii"
        },
        {
            "label": "noun",
            "weight": 5,
            "id": "дипептидилкарбоксидипептидаза i"
        },
        {
            "label": "action",
            "weight": 5,
            "id": "снижение артериальный давление (ад)"
        },
        {
            "label": "action",
            "weight": 5,
            "id": "снижение концентрация ангиотензин ii в кровь"
        },
        {
            "label": "action",
            "weight": 5,
            "id": "устраняться он ингибировать влияние на секреция ренин по тип отрицательный обратный связь"
        },
        {
            "label": "action",
            "weight": 5,
            "id": "повышение активность ренин плазма кровь"
        },
        {
            "label": "action",
            "weight": 5,
            "id": "уменьшать потребность"
        },
        {
            "label": "prepare",
            "weight": 5,
            "id": "рамиприл глюкуронид"
        },
        {
            "label": "prepare",
            "weight": 5,
            "id": "дикетопиперазин"
        },
        {
            "label": "side_e",
            "weight": 5,
            "id": "эозинофилия"
        },
        {
            "label": "side_e",
            "weight": 5,
            "id": "лейкопения"
        },
        {
            "label": "side_e",
            "weight": 5,
            "id": "нейтропение"
        },
        {
            "label": "side_e",
            "weight": 5,
            "id": "снижение гемоглобин"
        },
        {
            "label": "side_e",
            "weight": 5,
            "id": "панцитопения"
        },
        {
            "label": "side_e",
            "weight": 5,
            "id": "гемолитический анемия"
        },
        {
            "label": "side_e",
            "weight": 5,
            "id": "анафилактический"
        },
        {
            "label": "side_e",
            "weight": 5,
            "id": "анафилактоидный реакция"
        },
        {
            "label": "side_e",
            "weight": 5,
            "id": "снижение аппетит"
        },
        {
            "label": "side_e",
            "weight": 5,
            "id": "подавить настроение"
        },
        {
            "label": "side_e",
            "weight": 5,
            "id": "тревога"
        },
        {
            "label": "side_e",
            "weight": 5,
            "id": "нервозность"
        },
        {
            "label": "side_e",
            "weight": 5,
            "id": "двигательный беспокойство"
        },
        {
            "label": "side_e",
            "weight": 5,
            "id": "нарушение сон"
        },
        {
            "label": "side_e",
            "weight": 5,
            "id": "сонливость"
        },
        {
            "label": "side_e",
            "weight": 5,
            "id": "спутанность сознание"
        },
        {
            "label": "side_e",
            "weight": 5,
            "id": "внимание"
        },
        {
            "label": "side_e",
            "weight": 5,
            "id": "вертиго"
        },
        {
            "label": "side_e",
            "weight": 5,
            "id": "парестезия"
        },
        {
            "label": "side_e",
            "weight": 5,
            "id": "равновесие"
        },
        {
            "label": "side_e",
            "weight": 5,
            "id": "ишемия головной мозг"
        },
        {
            "label": "side_e",
            "weight": 5,
            "id": "ишемический инсульт"
        },
        {
            "label": "side_e",
            "weight": 5,
            "id": "психомоторный реакция"
        },
        {
            "label": "side_e",
            "weight": 5,
            "id": "ощущение жжение"
        },
        {
            "label": "side_e",
            "weight": 5,
            "id": "паросмий (восприятие запах)"
        },
        {
            "label": "side_e",
            "weight": 5,
            "id": "расплывчатость изображение"
        },
        {
            "label": "side_e",
            "weight": 5,
            "id": "конъюнктивит"
        },
        {
            "label": "side_e",
            "weight": 5,
            "id": "нарушение слух"
        },
        {
            "label": "side_e",
            "weight": 5,
            "id": "звон в ухо"
        },
        {
            "label": "side_e",
            "weight": 5,
            "id": "ишемия миокард"
        },
        {
            "label": "side_e",
            "weight": 5,
            "id": "развитие приступ стенокардия"
        },
        {
            "label": "side_e",
            "weight": 5,
            "id": "инфаркт миокард"
        },
        {
            "label": "side_e",
            "weight": 5,
            "id": "артериальный гипотензия"
        },
        {
            "label": "side_e",
            "weight": 5,
            "id": "ортостатический гипотензия"
        },
        {
            "label": "side_e",
            "weight": 5,
            "id": "синкопальный состояние"
        },
        {
            "label": "side_e",
            "weight": 5,
            "id": "«прилив» кровь к кожа лицо"
        },
        {
            "label": "side_e",
            "weight": 5,
            "id": "стеноз сосуд"
        },
        {
            "label": "side_e",
            "weight": 5,
            "id": "гипоперфузия"
        },
        {
            "label": "side_e",
            "weight": 5,
            "id": "синдром рейно"
        },
        {
            "label": "side_e",
            "weight": 5,
            "id": "синусит"
        },
        {
            "label": "side_e",
            "weight": 5,
            "id": "одышка"
        },
        {
            "label": "side_e",
            "weight": 5,
            "id": "заложенность нос"
        },
        {
            "label": "side_e",
            "weight": 5,
            "id": "нарушение пищеварение"
        },
        {
            "label": "side_e",
            "weight": 5,
            "id": "фатальный панкреатит"
        },
        {
            "label": "side_e",
            "weight": 5,
            "id": "панкреатит с летальный исход"
        },
        {
            "label": "side_e",
            "weight": 5,
            "id": "запор"
        },
        {
            "label": "side_e",
            "weight": 5,
            "id": "афтозный стоматит"
        },
        {
            "label": "side_e",
            "weight": 5,
            "id": "холестатический желтуха"
        },
        {
            "label": "side_e",
            "weight": 5,
            "id": "гепатоцеллюлярный поражение"
        },
        {
            "label": "side_e",
            "weight": 5,
            "id": "острый печёночный недостаточность"
        },
        {
            "label": "side_e",
            "weight": 5,
            "id": "кожный сыпь"
        },
        {
            "label": "side_e",
            "weight": 5,
            "id": "кожный зуд"
        },
        {
            "label": "side_e",
            "weight": 5,
            "id": "эксфолиативный дерматит"
        },
        {
            "label": "side_e",
            "weight": 5,
            "id": "крапивница"
        },
        {
            "label": "side_e",
            "weight": 5,
            "id": "онихолиз"
        },
        {
            "label": "side_e",
            "weight": 5,
            "id": "реакция фотосенсибилизация"
        },
        {
            "label": "side_e",
            "weight": 5,
            "id": "синдром стивенс-джонсон"
        },
        {
            "label": "side_e",
            "weight": 5,
            "id": "мультиформный эритема"
        },
        {
            "label": "side_e",
            "weight": 5,
            "id": "пемфигус"
        },
        {
            "label": "side_e",
            "weight": 5,
            "id": "утяжеление течение псориаз"
        },
        {
            "label": "side_e",
            "weight": 5,
            "id": "псориазоподобный дерматит"
        },
        {
            "label": "side_e",
            "weight": 5,
            "id": "энантема"
        },
        {
            "label": "side_e",
            "weight": 5,
            "id": "алопеция"
        },
        {
            "label": "side_e",
            "weight": 5,
            "id": "мышечный судорога"
        },
        {
            "label": "side_e",
            "weight": 5,
            "id": "артралгия"
        },
        {
            "label": "side_e",
            "weight": 5,
            "id": "функция функция почка"
        },
        {
            "label": "side_e",
            "weight": 5,
            "id": "недостаточность"
        },
        {
            "label": "side_e",
            "weight": 5,
            "id": "гинекомастие"
        },
        {
            "label": "side_e",
            "weight": 5,
            "id": "боль в грудь"
        },
        {
            "label": "side_e",
            "weight": 5,
            "id": "чувство усталость"
        },
        {
            "label": "side_e",
            "weight": 5,
            "id": "повышение температура тело"
        },
        {
            "label": "prepare",
            "weight": 5,
            "id": "валсартан"
        },
        {
            "label": "group",
            "weight": 5,
            "id": "гипотензивный препарат"
        },
        {
            "label": "group",
            "weight": 5,
            "id": "соль калий"
        },
        {
            "label": "group",
            "weight": 5,
            "id": "калийсберегающий диуретик"
        },
        {
            "label": "prepare",
            "weight": 5,
            "id": "амилорид"
        },
        {
            "label": "prepare",
            "weight": 5,
            "id": "триамтерен"
        },
        {
            "label": "prepare",
            "weight": 5,
            "id": "эплеренон"
        },
        {
            "label": "prepare",
            "weight": 5,
            "id": "триметоприм"
        },
        {
            "label": "prepare",
            "weight": 5,
            "id": "сульфаметоксазол"
        },
        {
            "label": "prepare",
            "weight": 5,
            "id": "к-тримоксазол"
        },
        {
            "label": "side_e",
            "weight": 5,
            "id": "повышение содержание калий в"
        },
        {
            "label": "group",
            "weight": 5,
            "id": "другой"
        },
        {
            "label": "group",
            "weight": 5,
            "id": "лекарственный средство, снижать ад"
        },
        {
            "label": "group",
            "weight": 5,
            "id": "нитрат"
        },
        {
            "label": "group",
            "weight": 5,
            "id": "трициклический антидепрессант"
        },
        {
            "label": "prepare",
            "weight": 5,
            "id": "алфузозин"
        },
        {
            "label": "prepare",
            "weight": 5,
            "id": "теразозин"
        },
        {
            "label": "group",
            "weight": 5,
            "id": "наркотический"
        },
        {
            "label": "prepare",
            "weight": 5,
            "id": "адреналин"
        },
        {
            "label": "prepare",
            "weight": 5,
            "id": "изопротеренол"
        },
        {
            "label": "prepare",
            "weight": 5,
            "id": "добутамин"
        },
        {
            "label": "prepare",
            "weight": 5,
            "id": "допамин"
        },
        {
            "label": "prepare",
            "weight": 5,
            "id": "аллопуринол"
        },
        {
            "label": "group",
            "weight": 5,
            "id": "цитостатик"
        },
        {
            "label": "group",
            "weight": 5,
            "id": "иммунодепрессант"
        },
        {
            "label": "group",
            "weight": 5,
            "id": "кортикостероид"
        },
        {
            "label": "group",
            "weight": 5,
            "id": "глюкокортикостероид"
        },
        {
            "label": "group",
            "weight": 5,
            "id": "минералокортикостероид"
        },
        {
            "label": "side_e",
            "weight": 5,
            "id": "гипогликемия"
        },
        {
            "label": "prepare",
            "weight": 5,
            "id": "ситаглиптин"
        },
        {
            "label": "prepare",
            "weight": 5,
            "id": "саксаглиптин"
        },
        {
            "label": "prepare",
            "weight": 5,
            "id": "вилдаглиптин"
        },
        {
            "label": "prepare",
            "weight": 5,
            "id": "сиролимус"
        },
        {
            "label": "prepare",
            "weight": 5,
            "id": "эверолимус"
        },
        {
            "label": "prepare",
            "weight": 5,
            "id": "рацекадотрил"
        },
        {
            "label": "prepare",
            "weight": 5,
            "id": "рацекадотрить"
        },
        {
            "label": "prepare",
            "weight": 5,
            "id": "индометацин"
        },
        {
            "label": "prepare",
            "weight": 5,
            "id": "этанол"
        },
        {
            "label": "side_e",
            "weight": 5,
            "id": "усиление симптом вазодилатация"
        },
        {
            "label": "group",
            "weight": 5,
            "id": "эстроген"
        },
        {
            "label": "side_e",
            "weight": 5,
            "id": "задержка жидкость"
        },
        {
            "label": "prepare",
            "weight": 5,
            "id": "натрий ауротиомалат"
        },
        {
            "label": "group",
            "weight": 5,
            "id": "тканевый активатор плазминоген в"
        },
        {
            "label": "prepare",
            "weight": 5,
            "id": "рамиприл"
        },
        {
            "label": "group",
            "weight": 5,
            "id": "средство, действовать на ренин-ангиотензиновый система"
        },
        {
            "label": "group",
            "weight": 5,
            "id": "ингибитор ангиотензинпревращать фермент (апф)"
        },
        {
            "label": "prepare",
            "weight": 5,
            "id": "рамиприлат"
        },
        {
            "label": "mechanism",
            "weight": 5,
            "id": "ингибитор ангиотензинпревращающать фермент"
        },
        {
            "label": "action",
            "weight": 5,
            "id": "уменьшать образование ангиотензин II"
        },
        {
            "label": "action",
            "weight": 5,
            "id": "накопление брадикинин"
        },
        {
            "label": "excretion",
            "weight": 5,
            "id": "почка"
        },
        {
            "label": "excretion",
            "weight": 5,
            "id": "кишечник"
        },
        {
            "label": "action",
            "weight": 5,
            "id": "снижение артериальный давление (АД)"
        },
        {
            "label": "action",
            "weight": 5,
            "id": "расширять сосуд"
        },
        {
            "label": "mechanism",
            "weight": 5,
            "id": "активация простагландиновая система"
        },
        {
            "label": "action",
            "weight": 5,
            "id": "увеличение синтез простагландин"
        },
        {
            "label": "action",
            "weight": 5,
            "id": "стимулировать образование оксид азота в эндотелиоцит"
        },
        {
            "label": "action",
            "weight": 5,
            "id": "снижение секреция альдостерон"
        },
        {
            "label": "action",
            "weight": 5,
            "id": "устранять ингибирующее влияние на секреция ренин"
        },
        {
            "label": "absorbtion",
            "weight": 5,
            "id": "желудочно-кишечный тракт"
        },
        {
            "label": "side_e",
            "weight": 5,
            "id": "уменьшение количество эритроцит"
        },
        {
            "label": "side_e",
            "weight": 5,
            "id": "угнетение костномозговой кроветворение"
        },
        {
            "label": "side_e",
            "weight": 5,
            "id": "тромбоцитопения"
        },
        {
            "label": "side_e",
            "weight": 5,
            "id": "нейтропения"
        },
        {
            "label": "side_e",
            "weight": 5,
            "id": "агранулоцитоз"
        },
        {
            "label": "side_e",
            "weight": 5,
            "id": "повышение содержание калий"
        },
        {
            "label": "side_e",
            "weight": 5,
            "id": "головной боль"
        },
        {
            "label": "side_e",
            "weight": 5,
            "id": "«сухой» кашель"
        },
        {
            "label": "side_e",
            "weight": 5,
            "id": "бронхоспазм"
        },
        {
            "label": "side_e",
            "weight": 5,
            "id": "головокружение"
        },
        {
            "label": "side_e",
            "weight": 5,
            "id": "гинекомастия"
        },
        {
            "label": "side_e",
            "weight": 5,
            "id": "эректильная дисфункция"
        },
        {
            "label": "side_e",
            "weight": 5,
            "id": "снижение либидо"
        },
        {
            "label": "side_e",
            "weight": 5,
            "id": "кожная сыпь"
        },
        {
            "label": "side_e",
            "weight": 5,
            "id": "ангионевротический отек"
        },
        {
            "label": "side_e",
            "weight": 5,
            "id": "почечная недостаточность"
        },
        {
            "label": "side_e",
            "weight": 5,
            "id": "нарушение функция почка"
        },
        {
            "label": "side_e",
            "weight": 5,
            "id": "анорексия"
        },
        {
            "label": "side_e",
            "weight": 5,
            "id": "диспепсия"
        },
        {
            "label": "side_e",
            "weight": 5,
            "id": "миалгия"
        },
        {
            "label": "side_e",
            "weight": 5,
            "id": "воспалительный реакция в желудок и кишечник"
        },
        {
            "label": "side_e",
            "weight": 5,
            "id": "тремор"
        },
        {
            "label": "side_e",
            "weight": 5,
            "id": "диарея"
        },
        {
            "label": "side_e",
            "weight": 5,
            "id": "глоссит"
        },
        {
            "label": "side_e",
            "weight": 5,
            "id": "бронхит"
        },
        {
            "label": "side_e",
            "weight": 5,
            "id": "периферический отёк"
        },
        {
            "label": "side_e",
            "weight": 5,
            "id": "ощущение сердцебиение"
        },
        {
            "label": "side_e",
            "weight": 5,
            "id": "тахикардия"
        },
        {
            "label": "mechanism",
            "weight": 5,
            "id": "повышение активность калликреин-кининовой система кровь"
        },
        {
            "label": "mechanism",
            "weight": 5,
            "id": "повышение активность калликреин-кининовой система ткань"
        },
        {
            "label": "action",
            "weight": 5,
            "id": "повышение концентрация ион калий сыворотка кровь"
        },
        {
            "label": "side_e",
            "weight": 5,
            "id": "снижение содержание натрий сыворотка кровь"
        },
        {
            "label": "action",
            "weight": 5,
            "id": "действие кардиопротективный"
        },
        {
            "label": "action",
            "weight": 5,
            "id": "действие эндотелиопротективный"
        }
    ],
    "links": [
        {
            "source": "снижение концентрация ангиотензин ii в кровь",
            "target": "устраняться он ингибировать влияние на секреция ренин по тип отрицательный обратный связь"
        },
        {
            "source": "устраняться он ингибировать влияние на секреция ренин по тип отрицательный обратный связь",
            "target": "повышение активность ренин плазма кровь"
        },
        {
            "source": "лейкопения",
            "target": "нейтропения"
        },
        {
            "source": "лейкопения",
            "target": "агранулоцитоз"
        },
        {
            "source": "ортостатический гипотензия",
            "target": "головокружение"
        },
        {
            "source": "этанол",
            "target": "усиление симптом вазодилатация"
        },
        {
            "source": "рамиприл",
            "target": "эозинофилия"
        },
        {
            "source": "рамиприл",
            "target": "нейтропение"
        },
        {
            "source": "рамиприл",
            "target": "снижение гемоглобин"
        },
        {
            "source": "рамиприл",
            "target": "панцитопения"
        },
        {
            "source": "рамиприл",
            "target": "гемолитический анемия"
        },
        {
            "source": "рамиприл",
            "target": "анафилактический"
        },
        {
            "source": "рамиприл",
            "target": "анафилактоидный реакция"
        },
        {
            "source": "рамиприл",
            "target": "снижение аппетит"
        },
        {
            "source": "рамиприл",
            "target": "подавить настроение"
        },
        {
            "source": "рамиприл",
            "target": "тревога"
        },
        {
            "source": "рамиприл",
            "target": "нервозность"
        },
        {
            "source": "рамиприл",
            "target": "двигательный беспокойство"
        },
        {
            "source": "рамиприл",
            "target": "нарушение сон"
        },
        {
            "source": "рамиприл",
            "target": "сонливость"
        },
        {
            "source": "рамиприл",
            "target": "спутанность сознание"
        },
        {
            "source": "рамиприл",
            "target": "внимание"
        },
        {
            "source": "рамиприл",
            "target": "парестезия"
        },
        {
            "source": "рамиприл",
            "target": "равновесие"
        },
        {
            "source": "рамиприл",
            "target": "ишемия головной мозг"
        },
        {
            "source": "рамиприл",
            "target": "ишемический инсульт"
        },
        {
            "source": "рамиприл",
            "target": "психомоторный реакция"
        },
        {
            "source": "рамиприл",
            "target": "ощущение жжение"
        },
        {
            "source": "рамиприл",
            "target": "паросмий (восприятие запах)"
        },
        {
            "source": "рамиприл",
            "target": "расплывчатость изображение"
        },
        {
            "source": "рамиприл",
            "target": "конъюнктивит"
        },
        {
            "source": "рамиприл",
            "target": "нарушение слух"
        },
        {
            "source": "рамиприл",
            "target": "звон в ухо"
        },
        {
            "source": "рамиприл",
            "target": "ишемия миокард"
        },
        {
            "source": "рамиприл",
            "target": "развитие приступ стенокардия"
        },
        {
            "source": "рамиприл",
            "target": "инфаркт миокард"
        },
        {
            "source": "рамиприл",
            "target": "синкопальный состояние"
        },
        {
            "source": "рамиприл",
            "target": "«прилив» кровь к кожа лицо"
        },
        {
            "source": "рамиприл",
            "target": "стеноз сосуд"
        },
        {
            "source": "рамиприл",
            "target": "гипоперфузия"
        },
        {
            "source": "рамиприл",
            "target": "синдром рейно"
        },
        {
            "source": "рамиприл",
            "target": "синусит"
        },
        {
            "source": "рамиприл",
            "target": "одышка"
        },
        {
            "source": "рамиприл",
            "target": "заложенность нос"
        },
        {
            "source": "рамиприл",
            "target": "нарушение пищеварение"
        },
        {
            "source": "рамиприл",
            "target": "фатальный панкреатит"
        },
        {
            "source": "рамиприл",
            "target": "панкреатит с летальный исход"
        },
        {
            "source": "рамиприл",
            "target": "запор"
        },
        {
            "source": "рамиприл",
            "target": "афтозный стоматит"
        },
        {
            "source": "рамиприл",
            "target": "холестатический желтуха"
        },
        {
            "source": "рамиприл",
            "target": "гепатоцеллюлярный поражение"
        },
        {
            "source": "рамиприл",
            "target": "острый печёночный недостаточность"
        },
        {
            "source": "рамиприл",
            "target": "кожный сыпь"
        },
        {
            "source": "рамиприл",
            "target": "кожный зуд"
        },
        {
            "source": "рамиприл",
            "target": "эксфолиативный дерматит"
        },
        {
            "source": "рамиприл",
            "target": "крапивница"
        },
        {
            "source": "рамиприл",
            "target": "онихолиз"
        },
        {
            "source": "рамиприл",
            "target": "реакция фотосенсибилизация"
        },
        {
            "source": "рамиприл",
            "target": "синдром стивенс-джонсон"
        },
        {
            "source": "рамиприл",
            "target": "мультиформный эритема"
        },
        {
            "source": "рамиприл",
            "target": "пемфигус"
        },
        {
            "source": "рамиприл",
            "target": "утяжеление течение псориаз"
        },
        {
            "source": "рамиприл",
            "target": "псориазоподобный дерматит"
        },
        {
            "source": "рамиприл",
            "target": "энантема"
        },
        {
            "source": "рамиприл",
            "target": "алопеция"
        },
        {
            "source": "рамиприл",
            "target": "мышечный судорога"
        },
        {
            "source": "рамиприл",
            "target": "артралгия"
        },
        {
            "source": "рамиприл",
            "target": "функция функция почка"
        },
        {
            "source": "рамиприл",
            "target": "недостаточность"
        },
        {
            "source": "рамиприл",
            "target": "гинекомастие"
        },
        {
            "source": "рамиприл",
            "target": "боль в грудь"
        },
        {
            "source": "рамиприл",
            "target": "чувство усталость"
        },
        {
            "source": "рамиприл",
            "target": "повышение температура тело"
        },
        {
            "source": "рамиприл",
            "target": "повышение содержание калий в"
        },
        {
            "source": "рамиприл",
            "target": "гипогликемия"
        },
        {
            "source": "рамиприл",
            "target": "задержка жидкость"
        },
        {
            "source": "рамиприл",
            "target": "угнетение костномозговой кроветворение"
        },
        {
            "source": "рамиприл",
            "target": "кожная сыпь"
        },
        {
            "source": "рамиприл",
            "target": "ангионевротический отек"
        },
        {
            "source": "рамиприл",
            "target": "почечная недостаточность"
        },
        {
            "source": "рамиприл",
            "target": "нарушение функция почка"
        },
        {
            "source": "рамиприл",
            "target": "анорексия"
        },
        {
            "source": "рамиприл",
            "target": "диспепсия"
        },
        {
            "source": "рамиприл",
            "target": "миалгия"
        },
        {
            "source": "рамиприл",
            "target": "воспалительный реакция в желудок и кишечник"
        },
        {
            "source": "рамиприл",
            "target": "тремор"
        },
        {
            "source": "рамиприл",
            "target": "диарея"
        },
        {
            "source": "рамиприл",
            "target": "глоссит"
        },
        {
            "source": "рамиприл",
            "target": "периферический отёк"
        },
        {
            "source": "рамиприл",
            "target": "ощущение сердцебиение"
        },
        {
            "source": "рамиприл",
            "target": "рамиприлат"
        },
        {
            "source": "рамиприл",
            "target": "желудочно-кишечный тракт"
        },
        {
            "source": "средство, действовать на ренин-ангиотензиновый система",
            "target": "ингибитор ангиотензинпревращать фермент (апф)"
        },
        {
            "source": "ингибитор ангиотензинпревращать фермент (апф)",
            "target": "рамиприл"
        },
        {
            "source": "рамиприлат",
            "target": "ингибитор ангиотензинпревращающать фермент"
        },
        {
            "source": "рамиприлат",
            "target": "кишечник"
        },
        {
            "source": "рамиприлат",
            "target": "почка"
        },
        {
            "source": "ингибитор ангиотензинпревращающать фермент",
            "target": "уменьшать образование ангиотензин II"
        },
        {
            "source": "ингибитор ангиотензинпревращающать фермент",
            "target": "накопление брадикинин"
        },
        {
            "source": "ингибитор ангиотензинпревращающать фермент",
            "target": "повышение активность калликреин-кининовой система кровь"
        },
        {
            "source": "ингибитор ангиотензинпревращающать фермент",
            "target": "повышение активность калликреин-кининовой система ткань"
        },
        {
            "source": "уменьшать образование ангиотензин II",
            "target": "расширять сосуд"
        },
        {
            "source": "уменьшать образование ангиотензин II",
            "target": "снижение секреция альдостерон"
        },
        {
            "source": "уменьшать образование ангиотензин II",
            "target": "устранять ингибирующее влияние на секреция ренин"
        },
        {
            "source": "накопление брадикинин",
            "target": "расширять сосуд"
        },
        {
            "source": "накопление брадикинин",
            "target": "активация простагландиновая система"
        },
        {
            "source": "накопление брадикинин",
            "target": "«сухой» кашель"
        },
        {
            "source": "снижение артериальный давление (АД)",
            "target": "головной боль"
        },
        {
            "source": "снижение артериальный давление (АД)",
            "target": "вертиго"
        },
        {
            "source": "снижение артериальный давление (АД)",
            "target": "артериальный гипотензия"
        },
        {
            "source": "снижение артериальный давление (АД)",
            "target": "тахикардия"
        },
        {
            "source": "расширять сосуд",
            "target": "снижение артериальный давление (АД)"
        },
        {
            "source": "расширять сосуд",
            "target": "ортостатический гипотензия"
        },
        {
            "source": "активация простагландиновая система",
            "target": "увеличение синтез простагландин"
        },
        {
            "source": "увеличение синтез простагландин",
            "target": "стимулировать образование оксид азота в эндотелиоцит"
        },
        {
            "source": "стимулировать образование оксид азота в эндотелиоцит",
            "target": "действие кардиопротективный"
        },
        {
            "source": "стимулировать образование оксид азота в эндотелиоцит",
            "target": "действие эндотелиопротективный"
        },
        {
            "source": "снижение секреция альдостерон",
            "target": "гинекомастия"
        },
        {
            "source": "снижение секреция альдостерон",
            "target": "эректильная дисфункция"
        },
        {
            "source": "снижение секреция альдостерон",
            "target": "снижение либидо"
        },
        {
            "source": "снижение секреция альдостерон",
            "target": "повышение концентрация ион калий сыворотка кровь"
        },
        {
            "source": "снижение секреция альдостерон",
            "target": "снижение содержание натрий сыворотка кровь"
        },
        {
            "source": "устранять ингибирующее влияние на секреция ренин",
            "target": "повышение активность ренин плазма кровь"
        },
        {
            "source": "уменьшение количество эритроцит",
            "target": "снижение гемоглобин"
        },
        {
            "source": "угнетение костномозговой кроветворение",
            "target": "уменьшение количество эритроцит"
        },
        {
            "source": "угнетение костномозговой кроветворение",
            "target": "лейкопения"
        },
        {
            "source": "угнетение костномозговой кроветворение",
            "target": "тромбоцитопения"
        },
        {
            "source": "«сухой» кашель",
            "target": "бронхоспазм"
        },
        {
            "source": "«сухой» кашель",
            "target": "бронхит"
        },
        {
            "source": "повышение активность калликреин-кининовой система кровь",
            "target": "накопление брадикинин"
        },
        {
            "source": "повышение активность калликреин-кининовой система ткань",
            "target": "накопление брадикинин"
        },
        {
            "source": "повышение концентрация ион калий сыворотка кровь",
            "target": "повышение содержание калий"
        },
        {
            "source": "снижение содержание натрий сыворотка кровь",
            "target": "повышение содержание калий"
        }
    ],
    "name": [
        "рамиприл"
    ]
}