{
    "directed": true,
    "multigraph": false,
    "graph": {},
    "nodes": [
        {
            "label": "group",
            "weight": 5,
            "id": "действовать на ренин-ангиотензиновый система"
        },
        {
            "label": "group",
            "weight": 5,
            "id": "антагонист рецептор ангиотензин ii"
        },
        {
            "label": "excretion",
            "weight": 5,
            "id": "почки"
        },
        {
            "label": "prepare",
            "weight": 5,
            "id": "валсартан"
        },
        {
            "label": "prepare",
            "weight": 5,
            "id": "сакубитрил"
        },
        {
            "label": "mechanism",
            "weight": 5,
            "id": "подавление активность неприлизин"
        },
        {
            "label": "action",
            "weight": 5,
            "id": "активировать мембраносвязанный рецептор, сопряжать с гуанилилциклаза"
        },
        {
            "label": "mechanism",
            "weight": 5,
            "id": "повышение концентрация циклический гуанозинмонофосфат (цГМФ)"
        },
        {
            "label": "action",
            "weight": 5,
            "id": "вазодилатация"
        },
        {
            "label": "action",
            "weight": 5,
            "id": "снижение симпатическая активность"
        },
        {
            "label": "action",
            "weight": 5,
            "id": "блокировать"
        },
        {
            "label": "excretion",
            "weight": 5,
            "id": "кишечник"
        },
        {
            "label": "side_e",
            "weight": 5,
            "id": "гиперкалиемия"
        },
        {
            "label": "mechanism",
            "weight": 5,
            "id": "блокада рецептор к ангиотезин ii 1-го тип (AT1)"
        },
        {
            "label": "action",
            "weight": 5,
            "id": "высвобождение альдостерон"
        },
        {
            "label": "side_e",
            "weight": 5,
            "id": "гиперчувствительность"
        },
        {
            "label": "side_e",
            "weight": 5,
            "id": "кожный сыпь"
        },
        {
            "label": "side_e",
            "weight": 5,
            "id": "кожный зуд"
        },
        {
            "label": "side_e",
            "weight": 5,
            "id": "анафилаксия"
        },
        {
            "label": "side_e",
            "weight": 5,
            "id": "гипокалиемия"
        },
        {
            "label": "side_e",
            "weight": 5,
            "id": "головокружение"
        },
        {
            "label": "side_e",
            "weight": 5,
            "id": "головная боль"
        },
        {
            "label": "side_e",
            "weight": 5,
            "id": "ортостатический головокружение"
        },
        {
            "label": "side_e",
            "weight": 5,
            "id": "вертиго"
        },
        {
            "label": "side_e",
            "weight": 5,
            "id": "артериальный гипотензия"
        },
        {
            "label": "side_e",
            "weight": 5,
            "id": "обморок"
        },
        {
            "label": "side_e",
            "weight": 5,
            "id": "ортостатический гипотензия"
        },
        {
            "label": "side_e",
            "weight": 5,
            "id": "кашель"
        },
        {
            "label": "side_e",
            "weight": 5,
            "id": "диарея"
        },
        {
            "label": "side_e",
            "weight": 5,
            "id": "тошнота"
        },
        {
            "label": "side_e",
            "weight": 5,
            "id": "ангионевротический отек"
        },
        {
            "label": "side_e",
            "weight": 5,
            "id": "нарушение функция почек"
        },
        {
            "label": "side_e",
            "weight": 5,
            "id": "почечный недостаточность"
        },
        {
            "label": "side_e",
            "weight": 5,
            "id": "острый почечный недостаточность"
        },
        {
            "label": "side_e",
            "weight": 5,
            "id": "повышать утомляемость"
        },
        {
            "label": "side_e",
            "weight": 5,
            "id": "астения"
        },
        {
            "label": "action",
            "weight": 5,
            "id": "увеличение количество пептид натрийуретический пептид (НУП)"
        },
        {
            "label": "action",
            "weight": 5,
            "id": "увеличение диурез"
        },
        {
            "label": "action",
            "weight": 5,
            "id": "увеличение натрийурез"
        },
        {
            "label": "action",
            "weight": 5,
            "id": "увеличение скорость клубочковая фильтрация"
        },
        {
            "label": "action",
            "weight": 5,
            "id": "увеличение почечный кровоток"
        },
        {
            "label": "action",
            "weight": 5,
            "id": "подавление высвобождение ренин"
        },
        {
            "label": "action",
            "weight": 5,
            "id": "подавление высвобождение альдостерон"
        },
        {
            "label": "action",
            "weight": 5,
            "id": "подавлять негативный эффект ангиотензин ii почки"
        },
        {
            "label": "action",
            "weight": 5,
            "id": "подавлять негативный эффект ангиотензин ii сердечно-сосудистый система"
        },
        {
            "label": "action",
            "weight": 5,
            "id": "действие антигипертрофичекий"
        },
        {
            "label": "action",
            "weight": 5,
            "id": "действие антифибротический"
        }
    ],
    "links": [
        {
            "source": "действовать на ренин-ангиотензиновый система",
            "target": "антагонист рецептор ангиотензин ii"
        },
        {
            "source": "антагонист рецептор ангиотензин ii",
            "target": "сакубитрил"
        },
        {
            "source": "антагонист рецептор ангиотензин ii",
            "target": "валсартан"
        },
        {
            "source": "валсартан",
            "target": "гиперчувствительность"
        },
        {
            "source": "валсартан",
            "target": "кожный сыпь"
        },
        {
            "source": "валсартан",
            "target": "кожный зуд"
        },
        {
            "source": "валсартан",
            "target": "анафилаксия"
        },
        {
            "source": "валсартан",
            "target": "гипокалиемия"
        },
        {
            "source": "валсартан",
            "target": "головокружение"
        },
        {
            "source": "валсартан",
            "target": "головная боль"
        },
        {
            "source": "валсартан",
            "target": "ортостатический головокружение"
        },
        {
            "source": "валсартан",
            "target": "вертиго"
        },
        {
            "source": "валсартан",
            "target": "артериальный гипотензия"
        },
        {
            "source": "валсартан",
            "target": "обморок"
        },
        {
            "source": "валсартан",
            "target": "ортостатический гипотензия"
        },
        {
            "source": "валсартан",
            "target": "кашель"
        },
        {
            "source": "валсартан",
            "target": "диарея"
        },
        {
            "source": "валсартан",
            "target": "тошнота"
        },
        {
            "source": "валсартан",
            "target": "ангионевротический отек"
        },
        {
            "source": "валсартан",
            "target": "нарушение функция почек"
        },
        {
            "source": "валсартан",
            "target": "почечный недостаточность"
        },
        {
            "source": "валсартан",
            "target": "острый почечный недостаточность"
        },
        {
            "source": "валсартан",
            "target": "повышать утомляемость"
        },
        {
            "source": "валсартан",
            "target": "астения"
        },
        {
            "source": "валсартан",
            "target": "почки"
        },
        {
            "source": "валсартан",
            "target": "кишечник"
        },
        {
            "source": "валсартан",
            "target": "блокада рецептор к ангиотезин ii 1-го тип (AT1)"
        },
        {
            "source": "сакубитрил",
            "target": "гиперчувствительность"
        },
        {
            "source": "сакубитрил",
            "target": "кожный сыпь"
        },
        {
            "source": "сакубитрил",
            "target": "кожный зуд"
        },
        {
            "source": "сакубитрил",
            "target": "анафилаксия"
        },
        {
            "source": "сакубитрил",
            "target": "гипокалиемия"
        },
        {
            "source": "сакубитрил",
            "target": "головокружение"
        },
        {
            "source": "сакубитрил",
            "target": "головная боль"
        },
        {
            "source": "сакубитрил",
            "target": "ортостатический головокружение"
        },
        {
            "source": "сакубитрил",
            "target": "вертиго"
        },
        {
            "source": "сакубитрил",
            "target": "артериальный гипотензия"
        },
        {
            "source": "сакубитрил",
            "target": "обморок"
        },
        {
            "source": "сакубитрил",
            "target": "ортостатический гипотензия"
        },
        {
            "source": "сакубитрил",
            "target": "кашель"
        },
        {
            "source": "сакубитрил",
            "target": "диарея"
        },
        {
            "source": "сакубитрил",
            "target": "тошнота"
        },
        {
            "source": "сакубитрил",
            "target": "ангионевротический отек"
        },
        {
            "source": "сакубитрил",
            "target": "нарушение функция почек"
        },
        {
            "source": "сакубитрил",
            "target": "почечный недостаточность"
        },
        {
            "source": "сакубитрил",
            "target": "острый почечный недостаточность"
        },
        {
            "source": "сакубитрил",
            "target": "повышать утомляемость"
        },
        {
            "source": "сакубитрил",
            "target": "астения"
        },
        {
            "source": "сакубитрил",
            "target": "подавление активность неприлизин"
        },
        {
            "source": "сакубитрил",
            "target": "кишечник"
        },
        {
            "source": "сакубитрил",
            "target": "почки"
        },
        {
            "source": "подавление активность неприлизин",
            "target": "увеличение количество пептид натрийуретический пептид (НУП)"
        },
        {
            "source": "активировать мембраносвязанный рецептор, сопряжать с гуанилилциклаза",
            "target": "повышение концентрация циклический гуанозинмонофосфат (цГМФ)"
        },
        {
            "source": "повышение концентрация циклический гуанозинмонофосфат (цГМФ)",
            "target": "вазодилатация"
        },
        {
            "source": "повышение концентрация циклический гуанозинмонофосфат (цГМФ)",
            "target": "снижение симпатическая активность"
        },
        {
            "source": "повышение концентрация циклический гуанозинмонофосфат (цГМФ)",
            "target": "увеличение диурез"
        },
        {
            "source": "повышение концентрация циклический гуанозинмонофосфат (цГМФ)",
            "target": "увеличение натрийурез"
        },
        {
            "source": "повышение концентрация циклический гуанозинмонофосфат (цГМФ)",
            "target": "увеличение скорость клубочковая фильтрация"
        },
        {
            "source": "повышение концентрация циклический гуанозинмонофосфат (цГМФ)",
            "target": "увеличение почечный кровоток"
        },
        {
            "source": "повышение концентрация циклический гуанозинмонофосфат (цГМФ)",
            "target": "подавление высвобождение ренин"
        },
        {
            "source": "повышение концентрация циклический гуанозинмонофосфат (цГМФ)",
            "target": "подавление высвобождение альдостерон"
        },
        {
            "source": "повышение концентрация циклический гуанозинмонофосфат (цГМФ)",
            "target": "действие антигипертрофичекий"
        },
        {
            "source": "повышение концентрация циклический гуанозинмонофосфат (цГМФ)",
            "target": "действие антифибротический"
        },
        {
            "source": "блокировать",
            "target": "высвобождение альдостерон"
        },
        {
            "source": "блокада рецептор к ангиотезин ii 1-го тип (AT1)",
            "target": "блокировать"
        },
        {
            "source": "блокада рецептор к ангиотезин ii 1-го тип (AT1)",
            "target": "подавлять негативный эффект ангиотензин ii почки"
        },
        {
            "source": "блокада рецептор к ангиотезин ii 1-го тип (AT1)",
            "target": "подавлять негативный эффект ангиотензин ii сердечно-сосудистый система"
        },
        {
            "source": "высвобождение альдостерон",
            "target": "гиперкалиемия"
        },
        {
            "source": "увеличение количество пептид натрийуретический пептид (НУП)",
            "target": "активировать мембраносвязанный рецептор, сопряжать с гуанилилциклаза"
        },
        {
            "source": "подавление высвобождение альдостерон",
            "target": "гиперкалиемия"
        }
    ],
    "name": [
        "валсартан",
        "сакубитрил"
    ]
}