{
    "directed": true,
    "multigraph": false,
    "graph": {},
    "nodes": [
        {
            "label": "group",
            "weight": 5,
            "id": "опиоид"
        },
        {
            "label": "prepare",
            "weight": 5,
            "id": "морфин"
        },
        {
            "label": "mechanism",
            "weight": 5,
            "id": "обладать высокий сродство к µ-опиоидный рецептор"
        },
        {
            "label": "excretion",
            "weight": 5,
            "id": "моча"
        },
        {
            "label": "side_e",
            "weight": 5,
            "id": "некардиогенный отёк лёгкий"
        },
        {
            "label": "side_e",
            "weight": 5,
            "id": "поражение зуб"
        },
        {
            "label": "side_e",
            "weight": 5,
            "id": "приводить к разнообразный психический нежелательный реакция"
        },
        {
            "label": "side_e",
            "weight": 5,
            "id": "рецидив герпетический поражение губа"
        },
        {
            "label": "side_e",
            "weight": 5,
            "id": "анафилактический и анафилактоидный реакция"
        },
        {
            "label": "side_e",
            "weight": 5,
            "id": "синдром неадекватный продукция антидиуретический гормон"
        },
        {
            "label": "side_e",
            "weight": 5,
            "id": "изменение когнитивный и сенсорный способность"
        },
        {
            "label": "side_e",
            "weight": 5,
            "id": "когнитивный нарушение/галлюцинация"
        },
        {
            "label": "side_e",
            "weight": 5,
            "id": "извращение вкус"
        },
        {
            "label": "side_e",
            "weight": 5,
            "id": "гранулёма в область кончик катетер"
        },
        {
            "label": "side_e",
            "weight": 5,
            "id": "нистагм"
        },
        {
            "label": "side_e",
            "weight": 5,
            "id": "снижение и повышениесердечный сокращение"
        },
        {
            "label": "side_e",
            "weight": 5,
            "id": "ощущение сердцебиение"
        },
        {
            "label": "side_e",
            "weight": 5,
            "id": "сердечный недостаточность"
        },
        {
            "label": "side_e",
            "weight": 5,
            "id": "повышение активность панкреатический фермент"
        },
        {
            "label": "side_e",
            "weight": 5,
            "id": "сухость в рот"
        },
        {
            "label": "side_e",
            "weight": 5,
            "id": "жёлчный колика"
        },
        {
            "label": "side_e",
            "weight": 5,
            "id": "реакция гиперчувствительность"
        },
        {
            "label": "side_e",
            "weight": 5,
            "id": "другой вид сыпь"
        },
        {
            "label": "side_e",
            "weight": 5,
            "id": "экзантема"
        },
        {
            "label": "side_e",
            "weight": 5,
            "id": "покраснение лицо"
        },
        {
            "label": "side_e",
            "weight": 5,
            "id": "насильственный подёргивание мышца"
        },
        {
            "label": "side_e",
            "weight": 5,
            "id": "мочеиспускание"
        },
        {
            "label": "side_e",
            "weight": 5,
            "id": "аменорея"
        },
        {
            "label": "side_e",
            "weight": 5,
            "id": "снижение либидо"
        },
        {
            "label": "side_e",
            "weight": 5,
            "id": "потенция"
        },
        {
            "label": "side_e",
            "weight": 5,
            "id": "слабость"
        },
        {
            "label": "side_e",
            "weight": 5,
            "id": "лекарственный зависимость"
        },
        {
            "label": "side_e",
            "weight": 5,
            "id": "толерантность"
        },
        {
            "label": "group",
            "weight": 5,
            "id": "средство, угнетать цнс"
        },
        {
            "label": "side_e",
            "weight": 5,
            "id": "нарушение мочеиспускание"
        },
        {
            "label": "side_e",
            "weight": 5,
            "id": "серотониновый синдром"
        },
        {
            "label": "mechanism",
            "weight": 5,
            "id": "агонистом опиоидных рецепторов"
        },
        {
            "label": "action",
            "weight": 5,
            "id": "центральный действие"
        },
        {
            "label": "side_e",
            "weight": 5,
            "id": "запор"
        },
        {
            "label": "side_e",
            "weight": 5,
            "id": "зуд"
        },
        {
            "label": "side_e",
            "weight": 5,
            "id": "крапивница"
        },
        {
            "label": "side_e",
            "weight": 5,
            "id": "эритема"
        },
        {
            "label": "side_e",
            "weight": 5,
            "id": "замедление опорожнение желудок"
        },
        {
            "label": "side_e",
            "weight": 5,
            "id": "сокращение сфинктер желчевыводить путь"
        },
        {
            "label": "action",
            "weight": 5,
            "id": "периферический действие"
        },
        {
            "label": "side_e",
            "weight": 5,
            "id": "повышение тонус мышца"
        },
        {
            "label": "mechanism",
            "weight": 5,
            "id": "высвобождение гистамин"
        },
        {
            "label": "action",
            "weight": 5,
            "id": "влияние на гипоталамо- гипофизарный ось"
        },
        {
            "label": "hormone",
            "weight": 5,
            "id": "кортикостероид"
        },
        {
            "label": "hormone",
            "weight": 5,
            "id": "пролактин"
        },
        {
            "label": "hormone",
            "weight": 5,
            "id": "антидиуретический гормон"
        },
        {
            "label": "prot_link",
            "weight": 5,
            "id": "белок плазма кровь"
        },
        {
            "label": "metabol",
            "weight": 5,
            "id": "печень"
        },
        {
            "label": "metabol",
            "weight": 5,
            "id": "эпителий кишечник"
        },
        {
            "label": "side_e",
            "weight": 5,
            "id": "панкреатит"
        },
        {
            "label": "side_e",
            "weight": 5,
            "id": "эйфория"
        },
        {
            "label": "side_e",
            "weight": 5,
            "id": "дисфория"
        },
        {
            "label": "side_e",
            "weight": 5,
            "id": "беспорядочность мысль"
        },
        {
            "label": "side_e",
            "weight": 5,
            "id": "бессонница"
        },
        {
            "label": "side_e",
            "weight": 5,
            "id": "бронхоспазм"
        },
        {
            "label": "side_e",
            "weight": 5,
            "id": "вызывать различный степень седации"
        },
        {
            "label": "side_e",
            "weight": 5,
            "id": "гиперальгезия"
        },
        {
            "label": "side_e",
            "weight": 5,
            "id": "гипертермия"
        },
        {
            "label": "side_e",
            "weight": 5,
            "id": "гипоксия"
        },
        {
            "label": "side_e",
            "weight": 5,
            "id": "сужение зрачок"
        },
        {
            "label": "side_e",
            "weight": 5,
            "id": "кома"
        },
        {
            "label": "side_e",
            "weight": 5,
            "id": "смерть"
        },
        {
            "label": "mechanism",
            "weight": 5,
            "id": "миорелаксировать действие"
        },
        {
            "label": "group",
            "weight": 5,
            "id": "анальгетик"
        },
        {
            "label": "side_e",
            "weight": 5,
            "id": "синдром «отмена»"
        },
        {
            "label": "side_e",
            "weight": 5,
            "id": "диарея"
        },
        {
            "label": "side_e",
            "weight": 5,
            "id": "тахикардия"
        },
        {
            "label": "side_e",
            "weight": 5,
            "id": "мидриаз"
        },
        {
            "label": "side_e",
            "weight": 5,
            "id": "ринит"
        },
        {
            "label": "side_e",
            "weight": 5,
            "id": "чихание"
        },
        {
            "label": "side_e",
            "weight": 5,
            "id": "потливость"
        },
        {
            "label": "side_e",
            "weight": 5,
            "id": "зевота"
        },
        {
            "label": "side_e",
            "weight": 5,
            "id": "анорексия"
        },
        {
            "label": "side_e",
            "weight": 5,
            "id": "астения"
        },
        {
            "label": "side_e",
            "weight": 5,
            "id": "тошнота"
        },
        {
            "label": "side_e",
            "weight": 5,
            "id": "рвота"
        },
        {
            "label": "side_e",
            "weight": 5,
            "id": "нервозность"
        },
        {
            "label": "side_e",
            "weight": 5,
            "id": "усталость"
        },
        {
            "label": "side_e",
            "weight": 5,
            "id": "раздражительность"
        },
        {
            "label": "side_e",
            "weight": 5,
            "id": "тремор"
        },
        {
            "label": "side_e",
            "weight": 5,
            "id": "спазм в желудок"
        },
        {
            "label": "side_e",
            "weight": 5,
            "id": "общий слабость"
        },
        {
            "label": "side_e",
            "weight": 5,
            "id": "мышечный сокращение"
        },
        {
            "label": "side_e",
            "weight": 5,
            "id": "головной боль"
        },
        {
            "label": "side_e",
            "weight": 5,
            "id": "повышение артериальный давление"
        },
        {
            "label": "side_e",
            "weight": 5,
            "id": "другой вегетативный симптом"
        },
        {
            "label": "side_e",
            "weight": 5,
            "id": "диплопия"
        },
        {
            "label": "side_e",
            "weight": 5,
            "id": "помутнение зрение"
        },
        {
            "label": "side_e",
            "weight": 5,
            "id": "ригидность мышца"
        },
        {
            "label": "side_e",
            "weight": 5,
            "id": "одышка"
        },
        {
            "label": "side_e",
            "weight": 5,
            "id": "диспепсия"
        },
        {
            "label": "side_e",
            "weight": 5,
            "id": "снижение аппетит"
        },
        {
            "label": "side_e",
            "weight": 5,
            "id": "озноб"
        },
        {
            "label": "side_e",
            "weight": 5,
            "id": "эректильный дисфункция"
        },
        {
            "label": "side_e",
            "weight": 5,
            "id": "повышение активность печёночный фермент"
        },
        {
            "label": "side_e",
            "weight": 5,
            "id": "спазм мышца"
        },
        {
            "label": "side_e",
            "weight": 5,
            "id": "судорога"
        },
        {
            "label": "side_e",
            "weight": 5,
            "id": "мышечный боль"
        },
        {
            "label": "side_e",
            "weight": 5,
            "id": "почечный колика"
        },
        {
            "label": "side_e",
            "weight": 5,
            "id": "серьёзный неврологический нарушение"
        },
        {
            "label": "side_e",
            "weight": 5,
            "id": "изменение настроение"
        },
        {
            "label": "side_e",
            "weight": 5,
            "id": "спутанность сознание"
        },
        {
            "label": "side_e",
            "weight": 5,
            "id": "головокружение"
        },
        {
            "label": "side_e",
            "weight": 5,
            "id": "паралич"
        },
        {
            "label": "side_e",
            "weight": 5,
            "id": "периферический отёк"
        },
        {
            "label": "side_e",
            "weight": 5,
            "id": "изменение внимание"
        },
        {
            "label": "side_e",
            "weight": 5,
            "id": "снижение артериальный давление"
        },
        {
            "label": "hormone",
            "weight": 5,
            "id": "половой гормон"
        },
        {
            "label": "action",
            "weight": 5,
            "id": "центральный действие замедлять сердечный ритм"
        },
        {
            "label": "side_e",
            "weight": 5,
            "id": "повышение тонус мышца мочевой пузырь"
        },
        {
            "label": "side_e",
            "weight": 5,
            "id": "повышение тонус мышца сфинктер мочевой пузырь"
        },
        {
            "label": "action",
            "weight": 5,
            "id": "нарушение продукция"
        },
        {
            "label": "action",
            "weight": 5,
            "id": "нарушение действие"
        },
        {
            "label": "side_e",
            "weight": 5,
            "id": "угнетение цнс"
        },
        {
            "label": "side_e",
            "weight": 5,
            "id": "угнетение дыхание"
        },
        {
            "label": "action",
            "weight": 5,
            "id": "действие противорвотный"
        },
        {
            "label": "action",
            "weight": 5,
            "id": "действие противокашлевой"
        },
        {
            "label": "action",
            "weight": 5,
            "id": "действие рвотное"
        },
        {
            "label": "action",
            "weight": 5,
            "id": "действие антидиуретический"
        },
        {
            "label": "action",
            "weight": 5,
            "id": "действие анальгезирующий"
        },
        {
            "label": "action",
            "weight": 5,
            "id": "действие транквилизировать"
        },
        {
            "label": "action",
            "weight": 5,
            "id": "действие гипотензивный"
        },
        {
            "label": "action",
            "weight": 5,
            "id": "действие седативный"
        },
        {
            "label": "action",
            "weight": 5,
            "id": "действие миотический"
        }
    ],
    "links": [
        {
            "source": "опиоид",
            "target": "морфин"
        },
        {
            "source": "морфин",
            "target": "некардиогенный отёк лёгкий"
        },
        {
            "source": "морфин",
            "target": "поражение зуб"
        },
        {
            "source": "морфин",
            "target": "рецидив герпетический поражение губа"
        },
        {
            "source": "морфин",
            "target": "анафилактический и анафилактоидный реакция"
        },
        {
            "source": "морфин",
            "target": "синдром неадекватный продукция антидиуретический гормон"
        },
        {
            "source": "морфин",
            "target": "изменение когнитивный и сенсорный способность"
        },
        {
            "source": "морфин",
            "target": "когнитивный нарушение/галлюцинация"
        },
        {
            "source": "морфин",
            "target": "извращение вкус"
        },
        {
            "source": "морфин",
            "target": "гранулёма в область кончик катетер"
        },
        {
            "source": "морфин",
            "target": "нистагм"
        },
        {
            "source": "морфин",
            "target": "снижение и повышениесердечный сокращение"
        },
        {
            "source": "морфин",
            "target": "ощущение сердцебиение"
        },
        {
            "source": "морфин",
            "target": "сердечный недостаточность"
        },
        {
            "source": "морфин",
            "target": "повышение активность панкреатический фермент"
        },
        {
            "source": "морфин",
            "target": "сухость в рот"
        },
        {
            "source": "морфин",
            "target": "жёлчный колика"
        },
        {
            "source": "морфин",
            "target": "реакция гиперчувствительность"
        },
        {
            "source": "морфин",
            "target": "другой вид сыпь"
        },
        {
            "source": "морфин",
            "target": "экзантема"
        },
        {
            "source": "морфин",
            "target": "покраснение лицо"
        },
        {
            "source": "морфин",
            "target": "насильственный подёргивание мышца"
        },
        {
            "source": "морфин",
            "target": "мочеиспускание"
        },
        {
            "source": "морфин",
            "target": "аменорея"
        },
        {
            "source": "морфин",
            "target": "снижение либидо"
        },
        {
            "source": "морфин",
            "target": "потенция"
        },
        {
            "source": "морфин",
            "target": "слабость"
        },
        {
            "source": "морфин",
            "target": "лекарственный зависимость"
        },
        {
            "source": "морфин",
            "target": "толерантность"
        },
        {
            "source": "морфин",
            "target": "серотониновый синдром"
        },
        {
            "source": "морфин",
            "target": "сужение зрачок"
        },
        {
            "source": "морфин",
            "target": "смерть"
        },
        {
            "source": "морфин",
            "target": "приводить к разнообразный психический нежелательный реакция"
        },
        {
            "source": "морфин",
            "target": "агонистом опиоидных рецепторов"
        },
        {
            "source": "морфин",
            "target": "белок плазма кровь"
        },
        {
            "source": "морфин",
            "target": "печень"
        },
        {
            "source": "морфин",
            "target": "эпителий кишечник"
        },
        {
            "source": "морфин",
            "target": "моча"
        },
        {
            "source": "обладать высокий сродство к µ-опиоидный рецептор",
            "target": "центральный действие"
        },
        {
            "source": "обладать высокий сродство к µ-опиоидный рецептор",
            "target": "периферический действие"
        },
        {
            "source": "обладать высокий сродство к µ-опиоидный рецептор",
            "target": "центральный действие замедлять сердечный ритм"
        },
        {
            "source": "средство, угнетать цнс",
            "target": "опиоид"
        },
        {
            "source": "агонистом опиоидных рецепторов",
            "target": "обладать высокий сродство к µ-опиоидный рецептор"
        },
        {
            "source": "центральный действие",
            "target": "эйфория"
        },
        {
            "source": "центральный действие",
            "target": "дисфория"
        },
        {
            "source": "центральный действие",
            "target": "бессонница"
        },
        {
            "source": "центральный действие",
            "target": "беспорядочность мысль"
        },
        {
            "source": "центральный действие",
            "target": "гиперальгезия"
        },
        {
            "source": "центральный действие",
            "target": "синдром «отмена»"
        },
        {
            "source": "центральный действие",
            "target": "диплопия"
        },
        {
            "source": "центральный действие",
            "target": "помутнение зрение"
        },
        {
            "source": "центральный действие",
            "target": "ригидность мышца"
        },
        {
            "source": "центральный действие",
            "target": "эректильный дисфункция"
        },
        {
            "source": "центральный действие",
            "target": "серьёзный неврологический нарушение"
        },
        {
            "source": "центральный действие",
            "target": "изменение настроение"
        },
        {
            "source": "центральный действие",
            "target": "спутанность сознание"
        },
        {
            "source": "центральный действие",
            "target": "головокружение"
        },
        {
            "source": "центральный действие",
            "target": "изменение внимание"
        },
        {
            "source": "центральный действие",
            "target": "снижение артериальный давление"
        },
        {
            "source": "центральный действие",
            "target": "повышение артериальный давление"
        },
        {
            "source": "центральный действие",
            "target": "угнетение цнс"
        },
        {
            "source": "центральный действие",
            "target": "угнетение дыхание"
        },
        {
            "source": "центральный действие",
            "target": "действие противорвотный"
        },
        {
            "source": "центральный действие",
            "target": "действие противокашлевой"
        },
        {
            "source": "центральный действие",
            "target": "действие рвотное"
        },
        {
            "source": "центральный действие",
            "target": "действие антидиуретический"
        },
        {
            "source": "центральный действие",
            "target": "действие анальгезирующий"
        },
        {
            "source": "центральный действие",
            "target": "действие транквилизировать"
        },
        {
            "source": "центральный действие",
            "target": "действие гипотензивный"
        },
        {
            "source": "центральный действие",
            "target": "действие седативный"
        },
        {
            "source": "центральный действие",
            "target": "действие миотический"
        },
        {
            "source": "замедление опорожнение желудок",
            "target": "диспепсия"
        },
        {
            "source": "замедление опорожнение желудок",
            "target": "снижение аппетит"
        },
        {
            "source": "периферический действие",
            "target": "запор"
        },
        {
            "source": "периферический действие",
            "target": "сокращение сфинктер желчевыводить путь"
        },
        {
            "source": "периферический действие",
            "target": "замедление опорожнение желудок"
        },
        {
            "source": "периферический действие",
            "target": "эритема"
        },
        {
            "source": "периферический действие",
            "target": "повышение тонус мышца"
        },
        {
            "source": "периферический действие",
            "target": "высвобождение гистамин"
        },
        {
            "source": "периферический действие",
            "target": "влияние на гипоталамо- гипофизарный ось"
        },
        {
            "source": "периферический действие",
            "target": "панкреатит"
        },
        {
            "source": "периферический действие",
            "target": "миорелаксировать действие"
        },
        {
            "source": "периферический действие",
            "target": "повышение тонус мышца мочевой пузырь"
        },
        {
            "source": "периферический действие",
            "target": "повышение тонус мышца сфинктер мочевой пузырь"
        },
        {
            "source": "повышение тонус мышца",
            "target": "спазм мышца"
        },
        {
            "source": "повышение тонус мышца",
            "target": "судорога"
        },
        {
            "source": "повышение тонус мышца",
            "target": "почечный колика"
        },
        {
            "source": "высвобождение гистамин",
            "target": "крапивница"
        },
        {
            "source": "высвобождение гистамин",
            "target": "зуд"
        },
        {
            "source": "высвобождение гистамин",
            "target": "бронхоспазм"
        },
        {
            "source": "влияние на гипоталамо- гипофизарный ось",
            "target": "нарушение продукция"
        },
        {
            "source": "влияние на гипоталамо- гипофизарный ось",
            "target": "нарушение действие"
        },
        {
            "source": "печень",
            "target": "повышение активность печёночный фермент"
        },
        {
            "source": "бронхоспазм",
            "target": "гипоксия"
        },
        {
            "source": "вызывать различный степень седации",
            "target": "кома"
        },
        {
            "source": "гипертермия",
            "target": "озноб"
        },
        {
            "source": "миорелаксировать действие",
            "target": "периферический отёк"
        },
        {
            "source": "анальгетик",
            "target": "опиоид"
        },
        {
            "source": "синдром «отмена»",
            "target": "диарея"
        },
        {
            "source": "синдром «отмена»",
            "target": "тахикардия"
        },
        {
            "source": "синдром «отмена»",
            "target": "мидриаз"
        },
        {
            "source": "синдром «отмена»",
            "target": "гипертермия"
        },
        {
            "source": "синдром «отмена»",
            "target": "ринит"
        },
        {
            "source": "синдром «отмена»",
            "target": "чихание"
        },
        {
            "source": "синдром «отмена»",
            "target": "потливость"
        },
        {
            "source": "синдром «отмена»",
            "target": "зевота"
        },
        {
            "source": "синдром «отмена»",
            "target": "тошнота"
        },
        {
            "source": "синдром «отмена»",
            "target": "рвота"
        },
        {
            "source": "синдром «отмена»",
            "target": "нервозность"
        },
        {
            "source": "синдром «отмена»",
            "target": "усталость"
        },
        {
            "source": "синдром «отмена»",
            "target": "раздражительность"
        },
        {
            "source": "синдром «отмена»",
            "target": "тремор"
        },
        {
            "source": "синдром «отмена»",
            "target": "спазм в желудок"
        },
        {
            "source": "синдром «отмена»",
            "target": "общий слабость"
        },
        {
            "source": "синдром «отмена»",
            "target": "мышечный сокращение"
        },
        {
            "source": "синдром «отмена»",
            "target": "головной боль"
        },
        {
            "source": "синдром «отмена»",
            "target": "повышение артериальный давление"
        },
        {
            "source": "синдром «отмена»",
            "target": "другой вегетативный симптом"
        },
        {
            "source": "тахикардия",
            "target": "анорексия"
        },
        {
            "source": "анорексия",
            "target": "астения"
        },
        {
            "source": "спазм мышца",
            "target": "мышечный боль"
        },
        {
            "source": "повышение тонус мышца сфинктер мочевой пузырь",
            "target": "нарушение мочеиспускание"
        },
        {
            "source": "нарушение продукция",
            "target": "пролактин"
        },
        {
            "source": "нарушение продукция",
            "target": "кортикостероид"
        },
        {
            "source": "нарушение продукция",
            "target": "антидиуретический гормон"
        },
        {
            "source": "нарушение продукция",
            "target": "половой гормон"
        },
        {
            "source": "нарушение действие",
            "target": "пролактин"
        },
        {
            "source": "нарушение действие",
            "target": "кортикостероид"
        },
        {
            "source": "нарушение действие",
            "target": "антидиуретический гормон"
        },
        {
            "source": "нарушение действие",
            "target": "половой гормон"
        },
        {
            "source": "угнетение цнс",
            "target": "паралич"
        },
        {
            "source": "угнетение дыхание",
            "target": "гипоксия"
        },
        {
            "source": "угнетение дыхание",
            "target": "одышка"
        },
        {
            "source": "действие седативный",
            "target": "вызывать различный степень седации"
        }
    ],
    "name": [
        "морфин"
    ]
}