{
    "directed": true,
    "multigraph": false,
    "graph": {},
    "nodes": [
        {
            "label": "prepare",
            "weight": 5,
            "id": "ацетилсалициловый кислота"
        },
        {
            "label": "group",
            "weight": 5,
            "id": "антитромботический средство"
        },
        {
            "label": "group",
            "weight": 5,
            "id": "антиагрегант, кроме гепарин"
        },
        {
            "label": "mechanism",
            "weight": 5,
            "id": "блокировать синтез тромбоксан А2"
        },
        {
            "label": "mechanism",
            "weight": 5,
            "id": "подавлять агрегация тромбоцит"
        },
        {
            "label": "side_e",
            "weight": 5,
            "id": "язвы"
        },
        {
            "label": "side_e",
            "weight": 5,
            "id": "эрозия слизистый оболочка желудок и двенадцатиперстной кишка"
        },
        {
            "label": "side_e",
            "weight": 5,
            "id": "перфоративные язвы слизистой оболочки желудка и двенадцатиперстной кишки"
        },
        {
            "label": "side_e",
            "weight": 5,
            "id": "внутричерепной кровотечение"
        },
        {
            "label": "side_e",
            "weight": 5,
            "id": "геморрагический инсульт"
        },
        {
            "label": "side_e",
            "weight": 5,
            "id": "кровотечение из желудочно-кишечный тракт"
        },
        {
            "label": "side_e",
            "weight": 5,
            "id": "кровоточивость десен"
        },
        {
            "label": "side_e",
            "weight": 5,
            "id": "носовой кровотечение"
        },
        {
            "label": "side_e",
            "weight": 5,
            "id": "мышечный кровоизлияние"
        },
        {
            "label": "side_e",
            "weight": 5,
            "id": "гематома"
        },
        {
            "label": "side_e",
            "weight": 5,
            "id": "геморрагия"
        },
        {
            "label": "side_e",
            "weight": 5,
            "id": "кровотечение во время медицинский процедура"
        },
        {
            "label": "side_e",
            "weight": 5,
            "id": "кровотечение из мочеполовой путь"
        },
        {
            "label": "excretion",
            "weight": 5,
            "id": "почка"
        },
        {
            "label": "absorbtion",
            "weight": 5,
            "id": "желудочный-кишечный тракт"
        },
        {
            "label": "link_prot",
            "weight": 5,
            "id": "белок плазма кровь"
        },
        {
            "label": "action",
            "weight": 5,
            "id": "действие противовоспалительный"
        },
        {
            "label": "action",
            "weight": 5,
            "id": "действие анальгезировать"
        },
        {
            "label": "action",
            "weight": 5,
            "id": "действие жаропонировать"
        },
        {
            "label": "mechanism",
            "weight": 5,
            "id": "ингибирование цог-1"
        }
    ],
    "links": [
        {
            "source": "ацетилсалициловый кислота",
            "target": "почка"
        },
        {
            "source": "ацетилсалициловый кислота",
            "target": "желудочный-кишечный тракт"
        },
        {
            "source": "ацетилсалициловый кислота",
            "target": "белок плазма кровь"
        },
        {
            "source": "ацетилсалициловый кислота",
            "target": "ингибирование цог-1"
        },
        {
            "source": "антитромботический средство",
            "target": "антиагрегант, кроме гепарин"
        },
        {
            "source": "антиагрегант, кроме гепарин",
            "target": "ацетилсалициловый кислота"
        },
        {
            "source": "блокировать синтез тромбоксан А2",
            "target": "подавлять агрегация тромбоцит"
        },
        {
            "source": "подавлять агрегация тромбоцит",
            "target": "внутричерепной кровотечение"
        },
        {
            "source": "подавлять агрегация тромбоцит",
            "target": "кровотечение из желудочно-кишечный тракт"
        },
        {
            "source": "подавлять агрегация тромбоцит",
            "target": "кровоточивость десен"
        },
        {
            "source": "подавлять агрегация тромбоцит",
            "target": "носовой кровотечение"
        },
        {
            "source": "подавлять агрегация тромбоцит",
            "target": "мышечный кровоизлияние"
        },
        {
            "source": "подавлять агрегация тромбоцит",
            "target": "гематома"
        },
        {
            "source": "подавлять агрегация тромбоцит",
            "target": "геморрагия"
        },
        {
            "source": "подавлять агрегация тромбоцит",
            "target": "кровотечение во время медицинский процедура"
        },
        {
            "source": "подавлять агрегация тромбоцит",
            "target": "кровотечение из мочеполовой путь"
        },
        {
            "source": "внутричерепной кровотечение",
            "target": "геморрагический инсульт"
        },
        {
            "source": "ингибирование цог-1",
            "target": "блокировать синтез тромбоксан А2"
        },
        {
            "source": "ингибирование цог-1",
            "target": "язвы"
        },
        {
            "source": "ингибирование цог-1",
            "target": "эрозия слизистый оболочка желудок и двенадцатиперстной кишка"
        },
        {
            "source": "ингибирование цог-1",
            "target": "перфоративные язвы слизистой оболочки желудка и двенадцатиперстной кишки"
        },
        {
            "source": "ингибирование цог-1",
            "target": "действие противовоспалительный"
        },
        {
            "source": "ингибирование цог-1",
            "target": "действие анальгезировать"
        },
        {
            "source": "ингибирование цог-1",
            "target": "действие жаропонировать"
        }
    ],
    "name": [
        "ацетилсалициловый кислота"
    ]
}