{
    "directed": true,
    "multigraph": false,
    "graph": {},
    "nodes": [
        {
            "label": "prepare",
            "weight": 5,
            "id": "эсциталопрам"
        },
        {
            "label": "side_e",
            "weight": 5,
            "id": "анафилактический реакция"
        },
        {
            "label": "side_e",
            "weight": 5,
            "id": "недостаточный секреция антидиуретический гормон"
        },
        {
            "label": "side_e",
            "weight": 5,
            "id": "гипонатриемия"
        },
        {
            "label": "side_e",
            "weight": 5,
            "id": "нервозность"
        },
        {
            "label": "side_e",
            "weight": 5,
            "id": "появление суицидальный мысль и поведение"
        },
        {
            "label": "side_e",
            "weight": 5,
            "id": "тремор вкусовой ощущение"
        },
        {
            "label": "side_e",
            "weight": 5,
            "id": "обморок"
        },
        {
            "label": "side_e",
            "weight": 5,
            "id": "мидриаз"
        },
        {
            "label": "side_e",
            "weight": 5,
            "id": "тиннитус"
        },
        {
            "label": "side_e",
            "weight": 5,
            "id": "тахикардия"
        },
        {
            "label": "side_e",
            "weight": 5,
            "id": "брадикардия"
        },
        {
            "label": "side_e",
            "weight": 5,
            "id": "вентрикулярный аритмия"
        },
        {
            "label": "side_e",
            "weight": 5,
            "id": "желудочковый тахикардия тип «пируэт»"
        },
        {
            "label": "side_e",
            "weight": 5,
            "id": "удлинение интервал qt"
        },
        {
            "label": "side_e",
            "weight": 5,
            "id": "ортостатический гипотензия"
        },
        {
            "label": "side_e",
            "weight": 5,
            "id": "синусит"
        },
        {
            "label": "side_e",
            "weight": 5,
            "id": "зевательный судорога"
        },
        {
            "label": "side_e",
            "weight": 5,
            "id": "носовой кровотечение"
        },
        {
            "label": "side_e",
            "weight": 5,
            "id": "тошнота"
        },
        {
            "label": "side_e",
            "weight": 5,
            "id": "диарея"
        },
        {
            "label": "side_e",
            "weight": 5,
            "id": "запор"
        },
        {
            "label": "side_e",
            "weight": 5,
            "id": "рвота"
        },
        {
            "label": "side_e",
            "weight": 5,
            "id": "сухость в рот"
        },
        {
            "label": "side_e",
            "weight": 5,
            "id": "желудочный-кишечный кровотечение"
        },
        {
            "label": "side_e",
            "weight": 5,
            "id": "кровотечение из прямой кишка"
        },
        {
            "label": "side_e",
            "weight": 5,
            "id": "функция печень"
        },
        {
            "label": "side_e",
            "weight": 5,
            "id": "повышение активность печёночный фермент"
        },
        {
            "label": "side_e",
            "weight": 5,
            "id": "повышенный потоотделение"
        },
        {
            "label": "side_e",
            "weight": 5,
            "id": "зуд"
        },
        {
            "label": "side_e",
            "weight": 5,
            "id": "покраснение"
        },
        {
            "label": "side_e",
            "weight": 5,
            "id": "крапивница"
        },
        {
            "label": "side_e",
            "weight": 5,
            "id": "сыпь"
        },
        {
            "label": "side_e",
            "weight": 5,
            "id": "алопеция"
        },
        {
            "label": "side_e",
            "weight": 5,
            "id": "ангионевротический отёк"
        },
        {
            "label": "side_e",
            "weight": 5,
            "id": "подкожный кровоизлияние"
        },
        {
            "label": "side_e",
            "weight": 5,
            "id": "артралгия"
        },
        {
            "label": "side_e",
            "weight": 5,
            "id": "миалгия"
        },
        {
            "label": "side_e",
            "weight": 5,
            "id": "задержка моча"
        },
        {
            "label": "side_e",
            "weight": 5,
            "id": "эякуляция"
        },
        {
            "label": "side_e",
            "weight": 5,
            "id": "метроррагия"
        },
        {
            "label": "side_e",
            "weight": 5,
            "id": "меноррагия"
        },
        {
            "label": "side_e",
            "weight": 5,
            "id": "чувство усталость"
        },
        {
            "label": "side_e",
            "weight": 5,
            "id": "пирексия"
        },
        {
            "label": "side_e",
            "weight": 5,
            "id": "отёк"
        },
        {
            "label": "side_e",
            "weight": 5,
            "id": "суицидальный настроение и суицидальный поведение"
        },
        {
            "label": "side_e",
            "weight": 5,
            "id": "риска перелом кость"
        },
        {
            "label": "side_e",
            "weight": 5,
            "id": "симптом отмена"
        },
        {
            "label": "side_e",
            "weight": 5,
            "id": "сенсорный нарушение"
        },
        {
            "label": "side_e",
            "weight": 5,
            "id": "ощущение электрошок"
        },
        {
            "label": "side_e",
            "weight": 5,
            "id": "яркий сон"
        },
        {
            "label": "side_e",
            "weight": 5,
            "id": "возбуждение"
        },
        {
            "label": "side_e",
            "weight": 5,
            "id": "потоотделение"
        },
        {
            "label": "side_e",
            "weight": 5,
            "id": "учащённый сердцебиение"
        },
        {
            "label": "side_e",
            "weight": 5,
            "id": "эмоциональный неустойчивость"
        },
        {
            "label": "side_e",
            "weight": 5,
            "id": "раздражительность"
        },
        {
            "label": "side_e",
            "weight": 5,
            "id": "расстройство зрение"
        },
        {
            "label": "side_e",
            "weight": 5,
            "id": "риск развитие серотониновый синдром"
        },
        {
            "label": "group",
            "weight": 5,
            "id": "психоаналептик"
        },
        {
            "label": "group",
            "weight": 5,
            "id": "селективный ингибитор обратного захвата серотонина"
        },
        {
            "label": "side_e",
            "weight": 5,
            "id": "развитие кровотечение"
        },
        {
            "label": "side_e",
            "weight": 5,
            "id": "риск развитие злокачественный аритмия"
        },
        {
            "label": "group",
            "weight": 5,
            "id": "антидепрессант"
        },
        {
            "label": "mechanism",
            "weight": 5,
            "id": "селективный ингибитор обратный захват серотонин (5-нт) с высокий аффинность к первичный активный центр"
        },
        {
            "label": "metabol",
            "weight": 5,
            "id": "печень"
        },
        {
            "label": "absorbtion",
            "weight": 5,
            "id": "пища"
        },
        {
            "label": "metabol",
            "weight": 5,
            "id": "cyp2c19"
        },
        {
            "label": "metabol",
            "weight": 5,
            "id": "cyp3a4"
        },
        {
            "label": "metabol",
            "weight": 5,
            "id": "cyp2d6"
        },
        {
            "label": "excretion",
            "weight": 5,
            "id": "почка"
        },
        {
            "label": "side_e",
            "weight": 5,
            "id": "снижение аппетит"
        },
        {
            "label": "side_e",
            "weight": 5,
            "id": "снижение либидо"
        },
        {
            "label": "side_e",
            "weight": 5,
            "id": "панический атака"
        },
        {
            "label": "side_e",
            "weight": 5,
            "id": "деперсонализация"
        },
        {
            "label": "side_e",
            "weight": 5,
            "id": "повышение аппетит"
        },
        {
            "label": "side_e",
            "weight": 5,
            "id": "увеличение вес"
        },
        {
            "label": "side_e",
            "weight": 5,
            "id": "снижение вес"
        },
        {
            "label": "side_e",
            "weight": 5,
            "id": "анорексия"
        },
        {
            "label": "side_e",
            "weight": 5,
            "id": "тревога"
        },
        {
            "label": "side_e",
            "weight": 5,
            "id": "гепатит"
        },
        {
            "label": "side_e",
            "weight": 5,
            "id": "беспокойство"
        },
        {
            "label": "side_e",
            "weight": 5,
            "id": "необычный сновидение"
        },
        {
            "label": "side_e",
            "weight": 5,
            "id": "аноргазмий"
        },
        {
            "label": "side_e",
            "weight": 5,
            "id": "бруксизм"
        },
        {
            "label": "side_e",
            "weight": 5,
            "id": "ажитация"
        },
        {
            "label": "side_e",
            "weight": 5,
            "id": "спутанность сознание"
        },
        {
            "label": "side_e",
            "weight": 5,
            "id": "агрессия"
        },
        {
            "label": "side_e",
            "weight": 5,
            "id": "галлюцинация"
        },
        {
            "label": "side_e",
            "weight": 5,
            "id": "мания"
        },
        {
            "label": "side_e",
            "weight": 5,
            "id": "суицидальный мысль"
        },
        {
            "label": "side_e",
            "weight": 5,
            "id": "суицидальный поведение"
        },
        {
            "label": "side_e",
            "weight": 5,
            "id": "головной боль"
        },
        {
            "label": "side_e",
            "weight": 5,
            "id": "бессонница"
        },
        {
            "label": "side_e",
            "weight": 5,
            "id": "сонливость"
        },
        {
            "label": "side_e",
            "weight": 5,
            "id": "головокружение"
        },
        {
            "label": "side_e",
            "weight": 5,
            "id": "парестезия"
        },
        {
            "label": "side_e",
            "weight": 5,
            "id": "тремор"
        },
        {
            "label": "side_e",
            "weight": 5,
            "id": "серотониновый синдром"
        },
        {
            "label": "side_e",
            "weight": 5,
            "id": "дискинезия"
        },
        {
            "label": "side_e",
            "weight": 5,
            "id": "конвульсия"
        },
        {
            "label": "side_e",
            "weight": 5,
            "id": "судорожный расстройство"
        },
        {
            "label": "side_e",
            "weight": 5,
            "id": "психомоторный возбуждение"
        },
        {
            "label": "side_e",
            "weight": 5,
            "id": "акатизий"
        },
        {
            "label": "side_e",
            "weight": 5,
            "id": "галакторея"
        },
        {
            "label": "side_e",
            "weight": 5,
            "id": "приапизм"
        },
        {
            "label": "side_e",
            "weight": 5,
            "id": "послеродовой кровотечение"
        },
        {
            "label": "side_e",
            "weight": 5,
            "id": "импотенция"
        },
        {
            "label": "mechanism",
            "weight": 5,
            "id": "низкий аффинность рецептор 5ht1a"
        },
        {
            "label": "mechanism",
            "weight": 5,
            "id": "низкий аффинность рецептор опиоидный"
        },
        {
            "label": "mechanism",
            "weight": 5,
            "id": "низкий аффинность рецептор бензодиазепин"
        },
        {
            "label": "mechanism",
            "weight": 5,
            "id": "низкий аффинность рецептор холинергический мускарин"
        },
        {
            "label": "mechanism",
            "weight": 5,
            "id": "низкий аффинность рецептор гистамин h1"
        },
        {
            "label": "mechanism",
            "weight": 5,
            "id": "низкий аффинность рецептор d2"
        },
        {
            "label": "mechanism",
            "weight": 5,
            "id": "низкий аффинность рецептор d1"
        },
        {
            "label": "mechanism",
            "weight": 5,
            "id": "низкий аффинность рецептор 5-ht2"
        },
        {
            "label": "mechanism",
            "weight": 5,
            "id": "низкий аффинность рецептор адренорецептор β"
        },
        {
            "label": "mechanism",
            "weight": 5,
            "id": "низкий аффинность рецептор адренорецептор α2"
        },
        {
            "label": "mechanism",
            "weight": 5,
            "id": "низкий аффинность рецептор адренорецептор α1"
        }
    ],
    "links": [
        {
            "source": "эсциталопрам",
            "target": "анафилактический реакция"
        },
        {
            "source": "эсциталопрам",
            "target": "недостаточный секреция антидиуретический гормон"
        },
        {
            "source": "эсциталопрам",
            "target": "гипонатриемия"
        },
        {
            "source": "эсциталопрам",
            "target": "нервозность"
        },
        {
            "source": "эсциталопрам",
            "target": "появление суицидальный мысль и поведение"
        },
        {
            "source": "эсциталопрам",
            "target": "тремор вкусовой ощущение"
        },
        {
            "source": "эсциталопрам",
            "target": "обморок"
        },
        {
            "source": "эсциталопрам",
            "target": "мидриаз"
        },
        {
            "source": "эсциталопрам",
            "target": "тиннитус"
        },
        {
            "source": "эсциталопрам",
            "target": "тахикардия"
        },
        {
            "source": "эсциталопрам",
            "target": "брадикардия"
        },
        {
            "source": "эсциталопрам",
            "target": "вентрикулярный аритмия"
        },
        {
            "source": "эсциталопрам",
            "target": "желудочковый тахикардия тип «пируэт»"
        },
        {
            "source": "эсциталопрам",
            "target": "удлинение интервал qt"
        },
        {
            "source": "эсциталопрам",
            "target": "ортостатический гипотензия"
        },
        {
            "source": "эсциталопрам",
            "target": "синусит"
        },
        {
            "source": "эсциталопрам",
            "target": "зевательный судорога"
        },
        {
            "source": "эсциталопрам",
            "target": "носовой кровотечение"
        },
        {
            "source": "эсциталопрам",
            "target": "тошнота"
        },
        {
            "source": "эсциталопрам",
            "target": "диарея"
        },
        {
            "source": "эсциталопрам",
            "target": "запор"
        },
        {
            "source": "эсциталопрам",
            "target": "рвота"
        },
        {
            "source": "эсциталопрам",
            "target": "сухость в рот"
        },
        {
            "source": "эсциталопрам",
            "target": "желудочный-кишечный кровотечение"
        },
        {
            "source": "эсциталопрам",
            "target": "кровотечение из прямой кишка"
        },
        {
            "source": "эсциталопрам",
            "target": "функция печень"
        },
        {
            "source": "эсциталопрам",
            "target": "повышение активность печёночный фермент"
        },
        {
            "source": "эсциталопрам",
            "target": "повышенный потоотделение"
        },
        {
            "source": "эсциталопрам",
            "target": "зуд"
        },
        {
            "source": "эсциталопрам",
            "target": "покраснение"
        },
        {
            "source": "эсциталопрам",
            "target": "крапивница"
        },
        {
            "source": "эсциталопрам",
            "target": "сыпь"
        },
        {
            "source": "эсциталопрам",
            "target": "алопеция"
        },
        {
            "source": "эсциталопрам",
            "target": "ангионевротический отёк"
        },
        {
            "source": "эсциталопрам",
            "target": "подкожный кровоизлияние"
        },
        {
            "source": "эсциталопрам",
            "target": "артралгия"
        },
        {
            "source": "эсциталопрам",
            "target": "миалгия"
        },
        {
            "source": "эсциталопрам",
            "target": "задержка моча"
        },
        {
            "source": "эсциталопрам",
            "target": "эякуляция"
        },
        {
            "source": "эсциталопрам",
            "target": "метроррагия"
        },
        {
            "source": "эсциталопрам",
            "target": "меноррагия"
        },
        {
            "source": "эсциталопрам",
            "target": "чувство усталость"
        },
        {
            "source": "эсциталопрам",
            "target": "пирексия"
        },
        {
            "source": "эсциталопрам",
            "target": "отёк"
        },
        {
            "source": "эсциталопрам",
            "target": "суицидальный настроение и суицидальный поведение"
        },
        {
            "source": "эсциталопрам",
            "target": "риска перелом кость"
        },
        {
            "source": "эсциталопрам",
            "target": "симптом отмена"
        },
        {
            "source": "эсциталопрам",
            "target": "сенсорный нарушение"
        },
        {
            "source": "эсциталопрам",
            "target": "ощущение электрошок"
        },
        {
            "source": "эсциталопрам",
            "target": "яркий сон"
        },
        {
            "source": "эсциталопрам",
            "target": "возбуждение"
        },
        {
            "source": "эсциталопрам",
            "target": "потоотделение"
        },
        {
            "source": "эсциталопрам",
            "target": "учащённый сердцебиение"
        },
        {
            "source": "эсциталопрам",
            "target": "эмоциональный неустойчивость"
        },
        {
            "source": "эсциталопрам",
            "target": "раздражительность"
        },
        {
            "source": "эсциталопрам",
            "target": "расстройство зрение"
        },
        {
            "source": "эсциталопрам",
            "target": "риск развитие серотониновый синдром"
        },
        {
            "source": "эсциталопрам",
            "target": "развитие кровотечение"
        },
        {
            "source": "эсциталопрам",
            "target": "риск развитие злокачественный аритмия"
        },
        {
            "source": "эсциталопрам",
            "target": "селективный ингибитор обратный захват серотонин (5-нт) с высокий аффинность к первичный активный центр"
        },
        {
            "source": "эсциталопрам",
            "target": "пища"
        },
        {
            "source": "эсциталопрам",
            "target": "печень"
        },
        {
            "source": "эсциталопрам",
            "target": "почка"
        },
        {
            "source": "эсциталопрам",
            "target": "низкий аффинность рецептор 5ht1a"
        },
        {
            "source": "эсциталопрам",
            "target": "низкий аффинность рецептор опиоидный"
        },
        {
            "source": "эсциталопрам",
            "target": "низкий аффинность рецептор бензодиазепин"
        },
        {
            "source": "эсциталопрам",
            "target": "низкий аффинность рецептор холинергический мускарин"
        },
        {
            "source": "эсциталопрам",
            "target": "низкий аффинность рецептор гистамин h1"
        },
        {
            "source": "эсциталопрам",
            "target": "низкий аффинность рецептор d2"
        },
        {
            "source": "эсциталопрам",
            "target": "низкий аффинность рецептор d1"
        },
        {
            "source": "эсциталопрам",
            "target": "низкий аффинность рецептор 5-ht2"
        },
        {
            "source": "эсциталопрам",
            "target": "низкий аффинность рецептор адренорецептор β"
        },
        {
            "source": "эсциталопрам",
            "target": "низкий аффинность рецептор адренорецептор α2"
        },
        {
            "source": "эсциталопрам",
            "target": "низкий аффинность рецептор адренорецептор α1"
        },
        {
            "source": "психоаналептик",
            "target": "антидепрессант"
        },
        {
            "source": "селективный ингибитор обратного захвата серотонина",
            "target": "эсциталопрам"
        },
        {
            "source": "антидепрессант",
            "target": "селективный ингибитор обратного захвата серотонина"
        },
        {
            "source": "селективный ингибитор обратный захват серотонин (5-нт) с высокий аффинность к первичный активный центр",
            "target": "снижение аппетит"
        },
        {
            "source": "селективный ингибитор обратный захват серотонин (5-нт) с высокий аффинность к первичный активный центр",
            "target": "повышение аппетит"
        },
        {
            "source": "селективный ингибитор обратный захват серотонин (5-нт) с высокий аффинность к первичный активный центр",
            "target": "тревога"
        },
        {
            "source": "селективный ингибитор обратный захват серотонин (5-нт) с высокий аффинность к первичный активный центр",
            "target": "беспокойство"
        },
        {
            "source": "селективный ингибитор обратный захват серотонин (5-нт) с высокий аффинность к первичный активный центр",
            "target": "снижение либидо"
        },
        {
            "source": "селективный ингибитор обратный захват серотонин (5-нт) с высокий аффинность к первичный активный центр",
            "target": "необычный сновидение"
        },
        {
            "source": "селективный ингибитор обратный захват серотонин (5-нт) с высокий аффинность к первичный активный центр",
            "target": "аноргазмий"
        },
        {
            "source": "селективный ингибитор обратный захват серотонин (5-нт) с высокий аффинность к первичный активный центр",
            "target": "бруксизм"
        },
        {
            "source": "селективный ингибитор обратный захват серотонин (5-нт) с высокий аффинность к первичный активный центр",
            "target": "ажитация"
        },
        {
            "source": "селективный ингибитор обратный захват серотонин (5-нт) с высокий аффинность к первичный активный центр",
            "target": "панический атака"
        },
        {
            "source": "селективный ингибитор обратный захват серотонин (5-нт) с высокий аффинность к первичный активный центр",
            "target": "спутанность сознание"
        },
        {
            "source": "селективный ингибитор обратный захват серотонин (5-нт) с высокий аффинность к первичный активный центр",
            "target": "деперсонализация"
        },
        {
            "source": "селективный ингибитор обратный захват серотонин (5-нт) с высокий аффинность к первичный активный центр",
            "target": "агрессия"
        },
        {
            "source": "селективный ингибитор обратный захват серотонин (5-нт) с высокий аффинность к первичный активный центр",
            "target": "галлюцинация"
        },
        {
            "source": "селективный ингибитор обратный захват серотонин (5-нт) с высокий аффинность к первичный активный центр",
            "target": "мания"
        },
        {
            "source": "селективный ингибитор обратный захват серотонин (5-нт) с высокий аффинность к первичный активный центр",
            "target": "суицидальный мысль"
        },
        {
            "source": "селективный ингибитор обратный захват серотонин (5-нт) с высокий аффинность к первичный активный центр",
            "target": "головной боль"
        },
        {
            "source": "селективный ингибитор обратный захват серотонин (5-нт) с высокий аффинность к первичный активный центр",
            "target": "парестезия"
        },
        {
            "source": "селективный ингибитор обратный захват серотонин (5-нт) с высокий аффинность к первичный активный центр",
            "target": "тремор"
        },
        {
            "source": "селективный ингибитор обратный захват серотонин (5-нт) с высокий аффинность к первичный активный центр",
            "target": "головокружение"
        },
        {
            "source": "селективный ингибитор обратный захват серотонин (5-нт) с высокий аффинность к первичный активный центр",
            "target": "сонливость"
        },
        {
            "source": "селективный ингибитор обратный захват серотонин (5-нт) с высокий аффинность к первичный активный центр",
            "target": "бессонница"
        },
        {
            "source": "селективный ингибитор обратный захват серотонин (5-нт) с высокий аффинность к первичный активный центр",
            "target": "серотониновый синдром"
        },
        {
            "source": "селективный ингибитор обратный захват серотонин (5-нт) с высокий аффинность к первичный активный центр",
            "target": "дискинезия"
        },
        {
            "source": "селективный ингибитор обратный захват серотонин (5-нт) с высокий аффинность к первичный активный центр",
            "target": "конвульсия"
        },
        {
            "source": "селективный ингибитор обратный захват серотонин (5-нт) с высокий аффинность к первичный активный центр",
            "target": "судорожный расстройство"
        },
        {
            "source": "селективный ингибитор обратный захват серотонин (5-нт) с высокий аффинность к первичный активный центр",
            "target": "психомоторный возбуждение"
        },
        {
            "source": "селективный ингибитор обратный захват серотонин (5-нт) с высокий аффинность к первичный активный центр",
            "target": "акатизий"
        },
        {
            "source": "селективный ингибитор обратный захват серотонин (5-нт) с высокий аффинность к первичный активный центр",
            "target": "послеродовой кровотечение"
        },
        {
            "source": "селективный ингибитор обратный захват серотонин (5-нт) с высокий аффинность к первичный активный центр",
            "target": "приапизм"
        },
        {
            "source": "селективный ингибитор обратный захват серотонин (5-нт) с высокий аффинность к первичный активный центр",
            "target": "галакторея"
        },
        {
            "source": "селективный ингибитор обратный захват серотонин (5-нт) с высокий аффинность к первичный активный центр",
            "target": "импотенция"
        },
        {
            "source": "печень",
            "target": "гепатит"
        },
        {
            "source": "печень",
            "target": "cyp2c19"
        },
        {
            "source": "печень",
            "target": "cyp2d6"
        },
        {
            "source": "печень",
            "target": "cyp3a4"
        },
        {
            "source": "снижение аппетит",
            "target": "снижение вес"
        },
        {
            "source": "повышение аппетит",
            "target": "увеличение вес"
        },
        {
            "source": "снижение вес",
            "target": "анорексия"
        },
        {
            "source": "суицидальный мысль",
            "target": "суицидальный поведение"
        }
    ],
    "name": [
        "эсциталопрам"
    ]
}