{
    "directed": true,
    "multigraph": false,
    "graph": {},
    "nodes": [
        {
            "label": "group",
            "weight": 5,
            "id": "средство для лечение сахарный диабет"
        },
        {
            "label": "group",
            "weight": 5,
            "id": "гипогликемический средство"
        },
        {
            "label": "prepare",
            "weight": 5,
            "id": "инсулин"
        },
        {
            "label": "group",
            "weight": 5,
            "id": "бигуанид"
        },
        {
            "label": "prepare",
            "weight": 5,
            "id": "метформин"
        },
        {
            "label": "mechanism",
            "weight": 5,
            "id": "гипогликемический действие"
        },
        {
            "label": "side_e",
            "weight": 5,
            "id": "недостаточность витамин в 12"
        },
        {
            "label": "side_e",
            "weight": 5,
            "id": "мегалобластной анемия"
        },
        {
            "label": "side_e",
            "weight": 5,
            "id": "лактоацидоз"
        },
        {
            "label": "side_e",
            "weight": 5,
            "id": "металлический привкус в рот"
        },
        {
            "label": "side_e",
            "weight": 5,
            "id": "тошнота"
        },
        {
            "label": "side_e",
            "weight": 5,
            "id": "рвота"
        },
        {
            "label": "side_e",
            "weight": 5,
            "id": "диарея"
        },
        {
            "label": "side_e",
            "weight": 5,
            "id": "боль в живот"
        },
        {
            "label": "side_e",
            "weight": 5,
            "id": "отсутствие аппетит"
        },
        {
            "label": "side_e",
            "weight": 5,
            "id": "гепатит"
        },
        {
            "label": "side_e",
            "weight": 5,
            "id": "кожный реакция"
        },
        {
            "label": "side_e",
            "weight": 5,
            "id": "эритема (покраснение кожа)"
        },
        {
            "label": "side_e",
            "weight": 5,
            "id": "зуд"
        },
        {
            "label": "side_e",
            "weight": 5,
            "id": "крапивница"
        },
        {
            "label": "mechanism",
            "weight": 5,
            "id": "снижать выработка глюкоза печень"
        },
        {
            "label": "mechanism",
            "weight": 5,
            "id": "задерживать всасывание глюкоза в кишечник"
        },
        {
            "label": "mechanism",
            "weight": 5,
            "id": "стимулировать синтез внутриклеточный гликоген"
        },
        {
            "label": "mechanism",
            "weight": 5,
            "id": "воздействовать на гликогенсинтаз"
        },
        {
            "label": "mechanism",
            "weight": 5,
            "id": "увеличивать транспортный ёмкость весь тип мембранный переносчик глюкоза"
        },
        {
            "label": "excretion",
            "weight": 5,
            "id": "почка"
        },
        {
            "label": "mechanism",
            "weight": 5,
            "id": "повышать чувствительность периферический рецептор"
        },
        {
            "label": "mechanism",
            "weight": 5,
            "id": "повышать утилизация глюкоза клетка"
        },
        {
            "label": "mechanism",
            "weight": 5,
            "id": "ингибирование глюконеогенез"
        },
        {
            "label": "mechanism",
            "weight": 5,
            "id": "ингибирование гликогенолиз"
        },
        {
            "label": "mechanism",
            "weight": 5,
            "id": "снижать концентрация общий холестерин"
        },
        {
            "label": "mechanism",
            "weight": 5,
            "id": "снижать концентрация липопротеин низкий плотность"
        },
        {
            "label": "mechanism",
            "weight": 5,
            "id": "снижать концентрация триглицерид"
        },
        {
            "label": "action",
            "weight": 5,
            "id": "снижать базальный концентрация глюкоза в плазма кровь"
        },
        {
            "label": "action",
            "weight": 5,
            "id": "снижать постпрандиальный концентрация глюкоза в плазма кровь"
        }
    ],
    "links": [
        {
            "source": "средство для лечение сахарный диабет",
            "target": "гипогликемический средство"
        },
        {
            "source": "гипогликемический средство",
            "target": "бигуанид"
        },
        {
            "source": "инсулин",
            "target": "гипогликемический действие"
        },
        {
            "source": "бигуанид",
            "target": "метформин"
        },
        {
            "source": "метформин",
            "target": "недостаточность витамин в 12"
        },
        {
            "source": "метформин",
            "target": "мегалобластной анемия"
        },
        {
            "source": "метформин",
            "target": "лактоацидоз"
        },
        {
            "source": "метформин",
            "target": "металлический привкус в рот"
        },
        {
            "source": "метформин",
            "target": "тошнота"
        },
        {
            "source": "метформин",
            "target": "рвота"
        },
        {
            "source": "метформин",
            "target": "диарея"
        },
        {
            "source": "метформин",
            "target": "боль в живот"
        },
        {
            "source": "метформин",
            "target": "отсутствие аппетит"
        },
        {
            "source": "метформин",
            "target": "гепатит"
        },
        {
            "source": "метформин",
            "target": "кожный реакция"
        },
        {
            "source": "метформин",
            "target": "эритема (покраснение кожа)"
        },
        {
            "source": "метформин",
            "target": "зуд"
        },
        {
            "source": "метформин",
            "target": "крапивница"
        },
        {
            "source": "метформин",
            "target": "задерживать всасывание глюкоза в кишечник"
        },
        {
            "source": "метформин",
            "target": "воздействовать на гликогенсинтаз"
        },
        {
            "source": "метформин",
            "target": "увеличивать транспортный ёмкость весь тип мембранный переносчик глюкоза"
        },
        {
            "source": "метформин",
            "target": "почка"
        },
        {
            "source": "метформин",
            "target": "повышать чувствительность периферический рецептор"
        },
        {
            "source": "метформин",
            "target": "повышать утилизация глюкоза клетка"
        },
        {
            "source": "метформин",
            "target": "ингибирование глюконеогенез"
        },
        {
            "source": "метформин",
            "target": "ингибирование гликогенолиз"
        },
        {
            "source": "метформин",
            "target": "снижать концентрация общий холестерин"
        },
        {
            "source": "метформин",
            "target": "снижать концентрация липопротеин низкий плотность"
        },
        {
            "source": "метформин",
            "target": "снижать концентрация триглицерид"
        },
        {
            "source": "гипогликемический действие",
            "target": "снижать базальный концентрация глюкоза в плазма кровь"
        },
        {
            "source": "гипогликемический действие",
            "target": "снижать постпрандиальный концентрация глюкоза в плазма кровь"
        },
        {
            "source": "снижать выработка глюкоза печень",
            "target": "гипогликемический действие"
        },
        {
            "source": "задерживать всасывание глюкоза в кишечник",
            "target": "гипогликемический действие"
        },
        {
            "source": "стимулировать синтез внутриклеточный гликоген",
            "target": "гипогликемический действие"
        },
        {
            "source": "воздействовать на гликогенсинтаз",
            "target": "стимулировать синтез внутриклеточный гликоген"
        },
        {
            "source": "увеличивать транспортный ёмкость весь тип мембранный переносчик глюкоза",
            "target": "гипогликемический действие"
        },
        {
            "source": "повышать чувствительность периферический рецептор",
            "target": "инсулин"
        },
        {
            "source": "повышать утилизация глюкоза клетка",
            "target": "гипогликемический действие"
        },
        {
            "source": "ингибирование глюконеогенез",
            "target": "снижать выработка глюкоза печень"
        },
        {
            "source": "ингибирование гликогенолиз",
            "target": "снижать выработка глюкоза печень"
        }
    ],
    "name": [
        "метформин"
    ]
}