{
    "directed": true,
    "multigraph": false,
    "graph": {},
    "nodes": [
        {
            "label": "prepare",
            "weight": 5,
            "id": "карведилол"
        },
        {
            "label": "side_e",
            "weight": 5,
            "id": "пневмония"
        },
        {
            "label": "side_e",
            "weight": 5,
            "id": "бронхит"
        },
        {
            "label": "side_e",
            "weight": 5,
            "id": "инфекция верхний дыхательный путь"
        },
        {
            "label": "side_e",
            "weight": 5,
            "id": "инфекция мочевыводящий путь"
        },
        {
            "label": "side_e",
            "weight": 5,
            "id": "анемия"
        },
        {
            "label": "side_e",
            "weight": 5,
            "id": "тромбоцитопения"
        },
        {
            "label": "side_e",
            "weight": 5,
            "id": "лейкопения"
        },
        {
            "label": "side_e",
            "weight": 5,
            "id": "гиперчувствительность (аллергический реакция)"
        },
        {
            "label": "side_e",
            "weight": 5,
            "id": "увеличение масса тело"
        },
        {
            "label": "side_e",
            "weight": 5,
            "id": "депрессия"
        },
        {
            "label": "side_e",
            "weight": 5,
            "id": "подавить настроение"
        },
        {
            "label": "side_e",
            "weight": 5,
            "id": "расстройство сон"
        },
        {
            "label": "side_e",
            "weight": 5,
            "id": "синкопальный"
        },
        {
            "label": "side_e",
            "weight": 5,
            "id": "парестезия"
        },
        {
            "label": "side_e",
            "weight": 5,
            "id": "зрение"
        },
        {
            "label": "side_e",
            "weight": 5,
            "id": "уменьшение слезоотделение"
        },
        {
            "label": "side_e",
            "weight": 5,
            "id": "раздражение глаз"
        },
        {
            "label": "side_e",
            "weight": 5,
            "id": "гиперволемия"
        },
        {
            "label": "side_e",
            "weight": 5,
            "id": "задержка жидкость"
        },
        {
            "label": "side_e",
            "weight": 5,
            "id": "атриовентрикулярный блокада"
        },
        {
            "label": "side_e",
            "weight": 5,
            "id": "стенокардия"
        },
        {
            "label": "side_e",
            "weight": 5,
            "id": "выраженный снижение ад"
        },
        {
            "label": "side_e",
            "weight": 5,
            "id": "повышение ад"
        },
        {
            "label": "side_e",
            "weight": 5,
            "id": "одышка"
        },
        {
            "label": "side_e",
            "weight": 5,
            "id": "отёк лёгкий"
        },
        {
            "label": "side_e",
            "weight": 5,
            "id": "заложенность нос"
        },
        {
            "label": "side_e",
            "weight": 5,
            "id": "диарея"
        },
        {
            "label": "side_e",
            "weight": 5,
            "id": "рвота"
        },
        {
            "label": "side_e",
            "weight": 5,
            "id": "диспепсический расстройство"
        },
        {
            "label": "side_e",
            "weight": 5,
            "id": "боль в живот"
        },
        {
            "label": "side_e",
            "weight": 5,
            "id": "запор"
        },
        {
            "label": "side_e",
            "weight": 5,
            "id": "сухость слизистый оболочка полость рот"
        },
        {
            "label": "side_e",
            "weight": 5,
            "id": "кожный реакция"
        },
        {
            "label": "side_e",
            "weight": 5,
            "id": "кожный сыпь"
        },
        {
            "label": "side_e",
            "weight": 5,
            "id": "дерматит"
        },
        {
            "label": "side_e",
            "weight": 5,
            "id": "крапивница"
        },
        {
            "label": "side_e",
            "weight": 5,
            "id": "кожный зуд"
        },
        {
            "label": "side_e",
            "weight": 5,
            "id": "поражение кожа по тип псориаз и красный плоский лишать"
        },
        {
            "label": "side_e",
            "weight": 5,
            "id": "боль в конечность"
        },
        {
            "label": "side_e",
            "weight": 5,
            "id": "нарушение мочеиспускание"
        },
        {
            "label": "side_e",
            "weight": 5,
            "id": "потенция"
        },
        {
            "label": "side_e",
            "weight": 5,
            "id": "астения"
        },
        {
            "label": "side_e",
            "weight": 5,
            "id": "общий слабость"
        },
        {
            "label": "side_e",
            "weight": 5,
            "id": "отёк"
        },
        {
            "label": "side_e",
            "weight": 5,
            "id": "болевой синдром"
        },
        {
            "label": "side_e",
            "weight": 5,
            "id": "повышение активность аланинаминотрансфераза (алта)"
        },
        {
            "label": "side_e",
            "weight": 5,
            "id": "аспартатаминотрансфераза (аста)"
        },
        {
            "label": "side_e",
            "weight": 5,
            "id": "гамма-глутамилтрансфераза (ггт)"
        },
        {
            "label": "side_e",
            "weight": 5,
            "id": "нарушение зрение"
        },
        {
            "label": "side_e",
            "weight": 5,
            "id": "возможный усугубление симптом сердечный недостаточность"
        },
        {
            "label": "side_e",
            "weight": 5,
            "id": "декомпенсация уже иметься сахарный диабет"
        },
        {
            "label": "side_e",
            "weight": 5,
            "id": "угнетение контринсулярный система"
        },
        {
            "label": "side_e",
            "weight": 5,
            "id": "алопеция"
        },
        {
            "label": "side_e",
            "weight": 5,
            "id": "серьёзный кожный"
        },
        {
            "label": "side_e",
            "weight": 5,
            "id": "токсический эпидермальный некролиз"
        },
        {
            "label": "side_e",
            "weight": 5,
            "id": "синдром стивенс-джонсон"
        },
        {
            "label": "side_e",
            "weight": 5,
            "id": "недержание моча у женщина, обратимый"
        },
        {
            "label": "side_e",
            "weight": 5,
            "id": "замедление атриовентрикулярный проводимость"
        },
        {
            "label": "side_e",
            "weight": 5,
            "id": "нарушение проводимость"
        },
        {
            "label": "side_e",
            "weight": 5,
            "id": "с нарушение показатель гемодинамика"
        },
        {
            "label": "side_e",
            "weight": 5,
            "id": "потенцировать антигипертензивный и брадикардический эффект"
        },
        {
            "label": "side_e",
            "weight": 5,
            "id": "синергичный отрицательный инотропный действие"
        },
        {
            "label": "side_e",
            "weight": 5,
            "id": "ухудшение контроль за ад"
        },
        {
            "label": "group",
            "weight": 5,
            "id": "бета-адреноблокатор"
        },
        {
            "label": "group",
            "weight": 5,
            "id": "альфа и бета-адреноблокатор"
        },
        {
            "label": "action",
            "weight": 5,
            "id": "вазодилатировать"
        },
        {
            "label": "action",
            "weight": 5,
            "id": "антиангинальный"
        },
        {
            "label": "action",
            "weight": 5,
            "id": "антиаритмический"
        },
        {
            "label": "action",
            "weight": 5,
            "id": "снижать общий периферический сосудистый сопротивление"
        },
        {
            "label": "action",
            "weight": 5,
            "id": "уменьшать пред- и постнагрузка на сердце"
        },
        {
            "label": "action",
            "weight": 5,
            "id": "антигипертензивный эффект"
        },
        {
            "label": "side_e",
            "weight": 5,
            "id": "гипергликемия"
        },
        {
            "label": "side_e",
            "weight": 5,
            "id": "гиперхолестеринемия"
        },
        {
            "label": "side_e",
            "weight": 5,
            "id": "гипогликемия"
        },
        {
            "label": "side_e",
            "weight": 5,
            "id": "тахикардия"
        },
        {
            "label": "side_e",
            "weight": 5,
            "id": "артериальный гипотензия"
        },
        {
            "label": "side_e",
            "weight": 5,
            "id": "головной боль"
        },
        {
            "label": "side_e",
            "weight": 5,
            "id": "пресинкопальный состояние"
        },
        {
            "label": "side_e",
            "weight": 5,
            "id": "сердечный недостаточность"
        },
        {
            "label": "side_e",
            "weight": 5,
            "id": "постуральный гипотензия"
        },
        {
            "label": "side_e",
            "weight": 5,
            "id": "синкопальный состояние"
        },
        {
            "label": "side_e",
            "weight": 5,
            "id": "головокружение"
        },
        {
            "label": "side_e",
            "weight": 5,
            "id": "тошнота"
        },
        {
            "label": "side_e",
            "weight": 5,
            "id": "похолодание конечность"
        },
        {
            "label": "side_e",
            "weight": 5,
            "id": "заболевание периферический сосуд"
        },
        {
            "label": "side_e",
            "weight": 5,
            "id": "обострение синдром «перемежаться» хромота"
        },
        {
            "label": "side_e",
            "weight": 5,
            "id": "синдром рейно"
        },
        {
            "label": "side_e",
            "weight": 5,
            "id": "нарушение периферический кровообращение"
        },
        {
            "label": "side_e",
            "weight": 5,
            "id": "бронхоспазм"
        },
        {
            "label": "side_e",
            "weight": 5,
            "id": "брадикардия"
        },
        {
            "label": "side_e",
            "weight": 5,
            "id": "нарушение атриовентрикулярный проводимость"
        },
        {
            "label": "metabol",
            "weight": 5,
            "id": "печень"
        },
        {
            "label": "excretion",
            "weight": 5,
            "id": "жёлчь"
        },
        {
            "label": "excretion",
            "weight": 5,
            "id": "почка"
        },
        {
            "label": "side_e",
            "weight": 5,
            "id": "почечный недостаточность"
        },
        {
            "label": "excretion",
            "weight": 5,
            "id": "кишечник"
        },
        {
            "label": "mechanism",
            "weight": 5,
            "id": "блокатор адренорецептор α1"
        },
        {
            "label": "mechanism",
            "weight": 5,
            "id": "блокатор адренорецептор β1"
        },
        {
            "label": "mechanism",
            "weight": 5,
            "id": "блокатор адренорецептор β2"
        }
    ],
    "links": [
        {
            "source": "карведилол",
            "target": "пневмония"
        },
        {
            "source": "карведилол",
            "target": "бронхит"
        },
        {
            "source": "карведилол",
            "target": "инфекция верхний дыхательный путь"
        },
        {
            "source": "карведилол",
            "target": "инфекция мочевыводящий путь"
        },
        {
            "source": "карведилол",
            "target": "анемия"
        },
        {
            "source": "карведилол",
            "target": "тромбоцитопения"
        },
        {
            "source": "карведилол",
            "target": "лейкопения"
        },
        {
            "source": "карведилол",
            "target": "гиперчувствительность (аллергический реакция)"
        },
        {
            "source": "карведилол",
            "target": "увеличение масса тело"
        },
        {
            "source": "карведилол",
            "target": "депрессия"
        },
        {
            "source": "карведилол",
            "target": "подавить настроение"
        },
        {
            "source": "карведилол",
            "target": "расстройство сон"
        },
        {
            "source": "карведилол",
            "target": "синкопальный"
        },
        {
            "source": "карведилол",
            "target": "парестезия"
        },
        {
            "source": "карведилол",
            "target": "зрение"
        },
        {
            "source": "карведилол",
            "target": "уменьшение слезоотделение"
        },
        {
            "source": "карведилол",
            "target": "раздражение глаз"
        },
        {
            "source": "карведилол",
            "target": "гиперволемия"
        },
        {
            "source": "карведилол",
            "target": "задержка жидкость"
        },
        {
            "source": "карведилол",
            "target": "атриовентрикулярный блокада"
        },
        {
            "source": "карведилол",
            "target": "стенокардия"
        },
        {
            "source": "карведилол",
            "target": "выраженный снижение ад"
        },
        {
            "source": "карведилол",
            "target": "повышение ад"
        },
        {
            "source": "карведилол",
            "target": "одышка"
        },
        {
            "source": "карведилол",
            "target": "отёк лёгкий"
        },
        {
            "source": "карведилол",
            "target": "заложенность нос"
        },
        {
            "source": "карведилол",
            "target": "диарея"
        },
        {
            "source": "карведилол",
            "target": "рвота"
        },
        {
            "source": "карведилол",
            "target": "диспепсический расстройство"
        },
        {
            "source": "карведилол",
            "target": "боль в живот"
        },
        {
            "source": "карведилол",
            "target": "запор"
        },
        {
            "source": "карведилол",
            "target": "сухость слизистый оболочка полость рот"
        },
        {
            "source": "карведилол",
            "target": "кожный реакция"
        },
        {
            "source": "карведилол",
            "target": "кожный сыпь"
        },
        {
            "source": "карведилол",
            "target": "дерматит"
        },
        {
            "source": "карведилол",
            "target": "крапивница"
        },
        {
            "source": "карведилол",
            "target": "кожный зуд"
        },
        {
            "source": "карведилол",
            "target": "поражение кожа по тип псориаз и красный плоский лишать"
        },
        {
            "source": "карведилол",
            "target": "боль в конечность"
        },
        {
            "source": "карведилол",
            "target": "нарушение мочеиспускание"
        },
        {
            "source": "карведилол",
            "target": "потенция"
        },
        {
            "source": "карведилол",
            "target": "астения"
        },
        {
            "source": "карведилол",
            "target": "общий слабость"
        },
        {
            "source": "карведилол",
            "target": "отёк"
        },
        {
            "source": "карведилол",
            "target": "болевой синдром"
        },
        {
            "source": "карведилол",
            "target": "повышение активность аланинаминотрансфераза (алта)"
        },
        {
            "source": "карведилол",
            "target": "аспартатаминотрансфераза (аста)"
        },
        {
            "source": "карведилол",
            "target": "гамма-глутамилтрансфераза (ггт)"
        },
        {
            "source": "карведилол",
            "target": "нарушение зрение"
        },
        {
            "source": "карведилол",
            "target": "возможный усугубление симптом сердечный недостаточность"
        },
        {
            "source": "карведилол",
            "target": "декомпенсация уже иметься сахарный диабет"
        },
        {
            "source": "карведилол",
            "target": "угнетение контринсулярный система"
        },
        {
            "source": "карведилол",
            "target": "алопеция"
        },
        {
            "source": "карведилол",
            "target": "серьёзный кожный"
        },
        {
            "source": "карведилол",
            "target": "токсический эпидермальный некролиз"
        },
        {
            "source": "карведилол",
            "target": "синдром стивенс-джонсон"
        },
        {
            "source": "карведилол",
            "target": "недержание моча у женщина, обратимый"
        },
        {
            "source": "карведилол",
            "target": "замедление атриовентрикулярный проводимость"
        },
        {
            "source": "карведилол",
            "target": "нарушение проводимость"
        },
        {
            "source": "карведилол",
            "target": "с нарушение показатель гемодинамика"
        },
        {
            "source": "карведилол",
            "target": "потенцировать антигипертензивный и брадикардический эффект"
        },
        {
            "source": "карведилол",
            "target": "синергичный отрицательный инотропный действие"
        },
        {
            "source": "карведилол",
            "target": "ухудшение контроль за ад"
        },
        {
            "source": "карведилол",
            "target": "гиперхолестеринемия"
        },
        {
            "source": "карведилол",
            "target": "тахикардия"
        },
        {
            "source": "карведилол",
            "target": "печень"
        },
        {
            "source": "карведилол",
            "target": "почка"
        },
        {
            "source": "карведилол",
            "target": "кишечник"
        },
        {
            "source": "карведилол",
            "target": "блокатор адренорецептор α1"
        },
        {
            "source": "карведилол",
            "target": "блокатор адренорецептор β1"
        },
        {
            "source": "карведилол",
            "target": "блокатор адренорецептор β2"
        },
        {
            "source": "бета-адреноблокатор",
            "target": "карведилол"
        },
        {
            "source": "альфа и бета-адреноблокатор",
            "target": "бета-адреноблокатор"
        },
        {
            "source": "вазодилатировать",
            "target": "снижать общий периферический сосудистый сопротивление"
        },
        {
            "source": "антиаритмический",
            "target": "брадикардия"
        },
        {
            "source": "антиаритмический",
            "target": "нарушение атриовентрикулярный проводимость"
        },
        {
            "source": "снижать общий периферический сосудистый сопротивление",
            "target": "антигипертензивный эффект"
        },
        {
            "source": "снижать общий периферический сосудистый сопротивление",
            "target": "постуральный гипотензия"
        },
        {
            "source": "уменьшать пред- и постнагрузка на сердце",
            "target": "антиангинальный"
        },
        {
            "source": "антигипертензивный эффект",
            "target": "артериальный гипотензия"
        },
        {
            "source": "артериальный гипотензия",
            "target": "синкопальный состояние"
        },
        {
            "source": "артериальный гипотензия",
            "target": "головокружение"
        },
        {
            "source": "артериальный гипотензия",
            "target": "пресинкопальный состояние"
        },
        {
            "source": "артериальный гипотензия",
            "target": "головной боль"
        },
        {
            "source": "артериальный гипотензия",
            "target": "тошнота"
        },
        {
            "source": "нарушение периферический кровообращение",
            "target": "похолодание конечность"
        },
        {
            "source": "нарушение периферический кровообращение",
            "target": "обострение синдром «перемежаться» хромота"
        },
        {
            "source": "нарушение периферический кровообращение",
            "target": "заболевание периферический сосуд"
        },
        {
            "source": "нарушение периферический кровообращение",
            "target": "синдром рейно"
        },
        {
            "source": "печень",
            "target": "жёлчь"
        },
        {
            "source": "почка",
            "target": "почечный недостаточность"
        },
        {
            "source": "блокатор адренорецептор α1",
            "target": "вазодилатировать"
        },
        {
            "source": "блокатор адренорецептор β1",
            "target": "антиаритмический"
        },
        {
            "source": "блокатор адренорецептор β1",
            "target": "уменьшать пред- и постнагрузка на сердце"
        },
        {
            "source": "блокатор адренорецептор β1",
            "target": "антигипертензивный эффект"
        },
        {
            "source": "блокатор адренорецептор β1",
            "target": "сердечный недостаточность"
        },
        {
            "source": "блокатор адренорецептор β2",
            "target": "гипогликемия"
        },
        {
            "source": "блокатор адренорецептор β2",
            "target": "гипергликемия"
        },
        {
            "source": "блокатор адренорецептор β2",
            "target": "нарушение периферический кровообращение"
        },
        {
            "source": "блокатор адренорецептор β2",
            "target": "бронхоспазм"
        }
    ],
    "name": [
        "карведилол"
    ]
}