{
    "directed": true,
    "multigraph": false,
    "graph": {},
    "nodes": [
        {
            "label": "prepare",
            "weight": 5,
            "id": "нитроглицерин"
        },
        {
            "label": "side_e",
            "weight": 5,
            "id": "метгемоглобинемия"
        },
        {
            "label": "side_e",
            "weight": 5,
            "id": "беспокойство"
        },
        {
            "label": "side_e",
            "weight": 5,
            "id": "тревога"
        },
        {
            "label": "side_e",
            "weight": 5,
            "id": "психотический реакция"
        },
        {
            "label": "side_e",
            "weight": 5,
            "id": "заторможенность"
        },
        {
            "label": "side_e",
            "weight": 5,
            "id": "дезориентация"
        },
        {
            "label": "side_e",
            "weight": 5,
            "id": "сонливость"
        },
        {
            "label": "side_e",
            "weight": 5,
            "id": "нечёткость зрительный восприятие"
        },
        {
            "label": "side_e",
            "weight": 5,
            "id": "цианоз"
        },
        {
            "label": "side_e",
            "weight": 5,
            "id": "снижение ад"
        },
        {
            "label": "side_e",
            "weight": 5,
            "id": "изжога"
        },
        {
            "label": "side_e",
            "weight": 5,
            "id": "сухость в рот"
        },
        {
            "label": "side_e",
            "weight": 5,
            "id": "боль в живот"
        },
        {
            "label": "side_e",
            "weight": 5,
            "id": "кожный аллергический реакция"
        },
        {
            "label": "side_e",
            "weight": 5,
            "id": "кожный сыпь"
        },
        {
            "label": "side_e",
            "weight": 5,
            "id": "ангионевротический отёк"
        },
        {
            "label": "side_e",
            "weight": 5,
            "id": "синдром стивенс-джонсон"
        },
        {
            "label": "side_e",
            "weight": 5,
            "id": "эксфолиативный дерматит"
        },
        {
            "label": "side_e",
            "weight": 5,
            "id": "выраженный артериальный гипотензия"
        },
        {
            "label": "group",
            "weight": 5,
            "id": "ингибитор фосфодиэстераза-5"
        },
        {
            "label": "side_e",
            "weight": 5,
            "id": "артериальный гипотензия"
        },
        {
            "label": "side_e",
            "weight": 5,
            "id": "потеря сознание"
        },
        {
            "label": "side_e",
            "weight": 5,
            "id": "инфаркт миокард"
        },
        {
            "label": "side_e",
            "weight": 5,
            "id": "смерть"
        },
        {
            "label": "side_e",
            "weight": 5,
            "id": "уменьшать выделение слюна"
        },
        {
            "label": "group",
            "weight": 5,
            "id": "средство для лечение заболевание сердце"
        },
        {
            "label": "group",
            "weight": 5,
            "id": "вазодилататор для лечение заболевание сердце"
        },
        {
            "label": "group",
            "weight": 5,
            "id": "органический нитрат"
        },
        {
            "label": "mechanism",
            "weight": 5,
            "id": "высвобождать из свой молекула оксид азот"
        },
        {
            "label": "group",
            "weight": 5,
            "id": "органический азотсодержащий соединение"
        },
        {
            "label": "mechanism",
            "weight": 5,
            "id": "эндотелиальный релаксировать фактор"
        },
        {
            "label": "mechanism",
            "weight": 5,
            "id": "предотвращать проникновение ион кальций"
        },
        {
            "label": "mechanism",
            "weight": 5,
            "id": "повышать внутриклеточный концентрация циклический гуанозинмонофосфатаз"
        },
        {
            "label": "action",
            "weight": 5,
            "id": "расслабление гладкий мышца сосудистый стенка"
        },
        {
            "label": "action",
            "weight": 5,
            "id": "расширение сосуд"
        },
        {
            "label": "action",
            "weight": 5,
            "id": "расширение коронарный сосуд"
        },
        {
            "label": "action",
            "weight": 5,
            "id": "улучшать коронарный кровоток"
        },
        {
            "label": "action",
            "weight": 5,
            "id": "перераспределение в область с снизить кровообращение"
        },
        {
            "label": "action",
            "weight": 5,
            "id": "увеличивать доставка кислород в миокард"
        },
        {
            "label": "action",
            "weight": 5,
            "id": "снижение давление наполнение"
        },
        {
            "label": "action",
            "weight": 5,
            "id": "улучшение кровоснабжение субэндокардиальный слой"
        },
        {
            "label": "action",
            "weight": 5,
            "id": "снижение давление в малый круг кровообращение"
        },
        {
            "label": "action",
            "weight": 5,
            "id": "регрессия симптом при отёк лёгкий"
        },
        {
            "label": "mechanism",
            "weight": 5,
            "id": "угнетать сосудистый компонент формирование болевой синдром"
        },
        {
            "label": "excretion",
            "weight": 5,
            "id": "почка"
        },
        {
            "label": "absorbtion",
            "weight": 5,
            "id": "сублингвальный применение"
        },
        {
            "label": "side_e",
            "weight": 5,
            "id": "ортостатический гипотензия"
        },
        {
            "label": "side_e",
            "weight": 5,
            "id": "коллапс"
        },
        {
            "label": "side_e",
            "weight": 5,
            "id": "головокружение"
        },
        {
            "label": "side_e",
            "weight": 5,
            "id": "рвота"
        },
        {
            "label": "side_e",
            "weight": 5,
            "id": "«прилив» кровь к кожа лицо"
        },
        {
            "label": "side_e",
            "weight": 5,
            "id": "тошнота"
        },
        {
            "label": "side_e",
            "weight": 5,
            "id": "развитие толерантность"
        },
        {
            "label": "side_e",
            "weight": 5,
            "id": "«нитратный» головной боль"
        },
        {
            "label": "side_e",
            "weight": 5,
            "id": "ортостатический коллапс"
        },
        {
            "label": "side_e",
            "weight": 5,
            "id": "повышенный пототделение"
        },
        {
            "label": "side_e",
            "weight": 5,
            "id": "брадикардия"
        },
        {
            "label": "side_e",
            "weight": 5,
            "id": "обморок"
        },
        {
            "label": "side_e",
            "weight": 5,
            "id": "астения"
        },
        {
            "label": "side_e",
            "weight": 5,
            "id": "церебральный ишемия"
        },
        {
            "label": "side_e",
            "weight": 5,
            "id": "тахикардия"
        },
        {
            "label": "side_e",
            "weight": 5,
            "id": "ощущение сердцебиение"
        },
        {
            "label": "action",
            "weight": 5,
            "id": "снижать преднагрузка"
        },
        {
            "label": "action",
            "weight": 5,
            "id": "снижать постнагрузка"
        },
        {
            "label": "action",
            "weight": 5,
            "id": "уменьшать работа сердце"
        },
        {
            "label": "action",
            "weight": 5,
            "id": "уменьшать потребность миокард в кислород"
        },
        {
            "label": "mechanism",
            "weight": 5,
            "id": "оказывать центральный тормозить влияние симпатический тонус сосуд"
        },
        {
            "label": "action",
            "weight": 5,
            "id": "расслаблять гладкомышечный клетка бронх"
        },
        {
            "label": "action",
            "weight": 5,
            "id": "расслаблять гладкомышечный клетка мочевыводящий путь"
        },
        {
            "label": "action",
            "weight": 5,
            "id": "расслаблять гладкомышечный клетка жёлчный пузырь"
        },
        {
            "label": "action",
            "weight": 5,
            "id": "расслаблять гладкомышечный клетка жёлчный проток"
        },
        {
            "label": "action",
            "weight": 5,
            "id": "расслаблять гладкомышечный клетка пищевод"
        },
        {
            "label": "action",
            "weight": 5,
            "id": "расслаблять гладкомышечный клетка тонкий и толстой кишечник"
        }
    ],
    "links": [
        {
            "source": "нитроглицерин",
            "target": "метгемоглобинемия"
        },
        {
            "source": "нитроглицерин",
            "target": "беспокойство"
        },
        {
            "source": "нитроглицерин",
            "target": "тревога"
        },
        {
            "source": "нитроглицерин",
            "target": "психотический реакция"
        },
        {
            "source": "нитроглицерин",
            "target": "заторможенность"
        },
        {
            "source": "нитроглицерин",
            "target": "дезориентация"
        },
        {
            "source": "нитроглицерин",
            "target": "сонливость"
        },
        {
            "source": "нитроглицерин",
            "target": "нечёткость зрительный восприятие"
        },
        {
            "source": "нитроглицерин",
            "target": "цианоз"
        },
        {
            "source": "нитроглицерин",
            "target": "снижение ад"
        },
        {
            "source": "нитроглицерин",
            "target": "изжога"
        },
        {
            "source": "нитроглицерин",
            "target": "сухость в рот"
        },
        {
            "source": "нитроглицерин",
            "target": "боль в живот"
        },
        {
            "source": "нитроглицерин",
            "target": "кожный аллергический реакция"
        },
        {
            "source": "нитроглицерин",
            "target": "кожный сыпь"
        },
        {
            "source": "нитроглицерин",
            "target": "ангионевротический отёк"
        },
        {
            "source": "нитроглицерин",
            "target": "синдром стивенс-джонсон"
        },
        {
            "source": "нитроглицерин",
            "target": "эксфолиативный дерматит"
        },
        {
            "source": "нитроглицерин",
            "target": "выраженный артериальный гипотензия"
        },
        {
            "source": "нитроглицерин",
            "target": "инфаркт миокард"
        },
        {
            "source": "нитроглицерин",
            "target": "смерть"
        },
        {
            "source": "нитроглицерин",
            "target": "уменьшать выделение слюна"
        },
        {
            "source": "нитроглицерин",
            "target": "высвобождать из свой молекула оксид азот"
        },
        {
            "source": "нитроглицерин",
            "target": "почка"
        },
        {
            "source": "нитроглицерин",
            "target": "сублингвальный применение"
        },
        {
            "source": "нитроглицерин",
            "target": "оказывать центральный тормозить влияние симпатический тонус сосуд"
        },
        {
            "source": "артериальный гипотензия",
            "target": "потеря сознание"
        },
        {
            "source": "артериальный гипотензия",
            "target": "коллапс"
        },
        {
            "source": "артериальный гипотензия",
            "target": "головокружение"
        },
        {
            "source": "артериальный гипотензия",
            "target": "тошнота"
        },
        {
            "source": "артериальный гипотензия",
            "target": "астения"
        },
        {
            "source": "артериальный гипотензия",
            "target": "церебральный ишемия"
        },
        {
            "source": "артериальный гипотензия",
            "target": "тахикардия"
        },
        {
            "source": "артериальный гипотензия",
            "target": "ощущение сердцебиение"
        },
        {
            "source": "средство для лечение заболевание сердце",
            "target": "вазодилататор для лечение заболевание сердце"
        },
        {
            "source": "вазодилататор для лечение заболевание сердце",
            "target": "органический азотсодержащий соединение"
        },
        {
            "source": "органический нитрат",
            "target": "нитроглицерин"
        },
        {
            "source": "высвобождать из свой молекула оксид азот",
            "target": "эндотелиальный релаксировать фактор"
        },
        {
            "source": "высвобождать из свой молекула оксид азот",
            "target": "расслаблять гладкомышечный клетка бронх"
        },
        {
            "source": "высвобождать из свой молекула оксид азот",
            "target": "расслаблять гладкомышечный клетка мочевыводящий путь"
        },
        {
            "source": "высвобождать из свой молекула оксид азот",
            "target": "расслаблять гладкомышечный клетка жёлчный пузырь"
        },
        {
            "source": "высвобождать из свой молекула оксид азот",
            "target": "расслаблять гладкомышечный клетка жёлчный проток"
        },
        {
            "source": "высвобождать из свой молекула оксид азот",
            "target": "расслаблять гладкомышечный клетка пищевод"
        },
        {
            "source": "высвобождать из свой молекула оксид азот",
            "target": "расслаблять гладкомышечный клетка тонкий и толстой кишечник"
        },
        {
            "source": "органический азотсодержащий соединение",
            "target": "органический нитрат"
        },
        {
            "source": "эндотелиальный релаксировать фактор",
            "target": "повышать внутриклеточный концентрация циклический гуанозинмонофосфатаз"
        },
        {
            "source": "эндотелиальный релаксировать фактор",
            "target": "развитие толерантность"
        },
        {
            "source": "предотвращать проникновение ион кальций",
            "target": "расслабление гладкий мышца сосудистый стенка"
        },
        {
            "source": "повышать внутриклеточный концентрация циклический гуанозинмонофосфатаз",
            "target": "предотвращать проникновение ион кальций"
        },
        {
            "source": "расслабление гладкий мышца сосудистый стенка",
            "target": "расширение сосуд"
        },
        {
            "source": "расширение сосуд",
            "target": "расширение коронарный сосуд"
        },
        {
            "source": "расширение сосуд",
            "target": "артериальный гипотензия"
        },
        {
            "source": "расширение сосуд",
            "target": "ортостатический гипотензия"
        },
        {
            "source": "расширение сосуд",
            "target": "«прилив» кровь к кожа лицо"
        },
        {
            "source": "расширение сосуд",
            "target": "«нитратный» головной боль"
        },
        {
            "source": "расширение сосуд",
            "target": "повышенный пототделение"
        },
        {
            "source": "расширение сосуд",
            "target": "снижать преднагрузка"
        },
        {
            "source": "расширение сосуд",
            "target": "снижать постнагрузка"
        },
        {
            "source": "расширение коронарный сосуд",
            "target": "улучшать коронарный кровоток"
        },
        {
            "source": "улучшать коронарный кровоток",
            "target": "перераспределение в область с снизить кровообращение"
        },
        {
            "source": "перераспределение в область с снизить кровообращение",
            "target": "увеличивать доставка кислород в миокард"
        },
        {
            "source": "снижение давление наполнение",
            "target": "улучшение кровоснабжение субэндокардиальный слой"
        },
        {
            "source": "улучшение кровоснабжение субэндокардиальный слой",
            "target": "снижение давление в малый круг кровообращение"
        },
        {
            "source": "снижение давление в малый круг кровообращение",
            "target": "регрессия симптом при отёк лёгкий"
        },
        {
            "source": "ортостатический гипотензия",
            "target": "потеря сознание"
        },
        {
            "source": "ортостатический гипотензия",
            "target": "ортостатический коллапс"
        },
        {
            "source": "ортостатический гипотензия",
            "target": "церебральный ишемия"
        },
        {
            "source": "ортостатический гипотензия",
            "target": "тахикардия"
        },
        {
            "source": "ортостатический гипотензия",
            "target": "ощущение сердцебиение"
        },
        {
            "source": "коллапс",
            "target": "брадикардия"
        },
        {
            "source": "коллапс",
            "target": "обморок"
        },
        {
            "source": "тошнота",
            "target": "рвота"
        },
        {
            "source": "снижать преднагрузка",
            "target": "уменьшать работа сердце"
        },
        {
            "source": "снижать преднагрузка",
            "target": "уменьшать потребность миокард в кислород"
        },
        {
            "source": "снижать постнагрузка",
            "target": "снижение давление наполнение"
        },
        {
            "source": "снижать постнагрузка",
            "target": "уменьшать работа сердце"
        },
        {
            "source": "снижать постнагрузка",
            "target": "уменьшать потребность миокард в кислород"
        },
        {
            "source": "оказывать центральный тормозить влияние симпатический тонус сосуд",
            "target": "угнетать сосудистый компонент формирование болевой синдром"
        }
    ],
    "name": [
        "нитроглицерин"
    ]
}