{
    "directed": true,
    "multigraph": false,
    "graph": {},
    "nodes": [
        {
            "label": "prepare",
            "weight": 5,
            "id": "аллопуринол"
        },
        {
            "label": "group",
            "weight": 5,
            "id": "препараты, ингибирующие синтез мочевой кислоты"
        },
        {
            "label": "mechanism",
            "weight": 5,
            "id": "ингибирует ксантиноксидаза"
        },
        {
            "label": "group",
            "weight": 5,
            "id": "противоподагрические препараты"
        },
        {
            "label": "mechanism",
            "weight": 5,
            "id": "угнетение фермент гипоксантин-гуанин фосфорибозил-трансферазa"
        },
        {
            "label": "mechanism",
            "weight": 5,
            "id": "угнетение биосинтез пурин"
        },
        {
            "label": "excretion",
            "weight": 5,
            "id": "кишечник"
        },
        {
            "label": "excretion",
            "weight": 5,
            "id": "почка"
        },
        {
            "label": "side_e",
            "weight": 5,
            "id": "поражение почек"
        },
        {
            "label": "side_e",
            "weight": 5,
            "id": "катаракта"
        },
        {
            "label": "side_e",
            "weight": 5,
            "id": "нарушения зрения"
        },
        {
            "label": "side_e",
            "weight": 5,
            "id": "реакция гиперчувствительность"
        },
        {
            "label": "side_e",
            "weight": 5,
            "id": "фурункулез"
        },
        {
            "label": "side_e",
            "weight": 5,
            "id": "агранулоцитоз"
        },
        {
            "label": "side_e",
            "weight": 5,
            "id": "апластическая анемия"
        },
        {
            "label": "side_e",
            "weight": 5,
            "id": "тромбоцитопения"
        },
        {
            "label": "side_e",
            "weight": 5,
            "id": "лейкопения"
        },
        {
            "label": "side_e",
            "weight": 5,
            "id": "лейкоцитоз"
        },
        {
            "label": "side_e",
            "weight": 5,
            "id": "аплазия"
        },
        {
            "label": "side_e",
            "weight": 5,
            "id": "гранулоцитоз"
        },
        {
            "label": "side_e",
            "weight": 5,
            "id": "тяжелый реакция гиперчувствительность"
        },
        {
            "label": "side_e",
            "weight": 5,
            "id": "кожный реакция с отслойка эпидермис"
        },
        {
            "label": "side_e",
            "weight": 5,
            "id": "лихорадка"
        },
        {
            "label": "side_e",
            "weight": 5,
            "id": "артралгия"
        },
        {
            "label": "side_e",
            "weight": 5,
            "id": "васкулит"
        },
        {
            "label": "side_e",
            "weight": 5,
            "id": "гепатит"
        },
        {
            "label": "side_e",
            "weight": 5,
            "id": "острый холангит"
        },
        {
            "label": "side_e",
            "weight": 5,
            "id": "судороги"
        },
        {
            "label": "side_e",
            "weight": 5,
            "id": "анафилактический шок"
        },
        {
            "label": "side_e",
            "weight": 5,
            "id": "кожная сыпь"
        },
        {
            "label": "side_e",
            "weight": 5,
            "id": "лимфаденопатия"
        },
        {
            "label": "side_e",
            "weight": 5,
            "id": "псевдолимфома"
        },
        {
            "label": "side_e",
            "weight": 5,
            "id": "эозинофилия"
        },
        {
            "label": "side_e",
            "weight": 5,
            "id": "гепато-спленомегалия"
        },
        {
            "label": "side_e",
            "weight": 5,
            "id": "синдром исчезающих желчных протоков"
        },
        {
            "label": "side_e",
            "weight": 5,
            "id": "ангиоиммунобластная Т-клеточная лимфома"
        },
        {
            "label": "side_e",
            "weight": 5,
            "id": "сахарный диабет"
        },
        {
            "label": "side_e",
            "weight": 5,
            "id": "гиперлипидемия"
        },
        {
            "label": "side_e",
            "weight": 5,
            "id": "депрессия"
        },
        {
            "label": "side_e",
            "weight": 5,
            "id": "кома"
        },
        {
            "label": "side_e",
            "weight": 5,
            "id": "паралич"
        },
        {
            "label": "side_e",
            "weight": 5,
            "id": "атаксия"
        },
        {
            "label": "side_e",
            "weight": 5,
            "id": "периферическая нейропатия"
        },
        {
            "label": "side_e",
            "weight": 5,
            "id": "парестезии"
        },
        {
            "label": "side_e",
            "weight": 5,
            "id": "сонливость"
        },
        {
            "label": "side_e",
            "weight": 5,
            "id": "головная боль"
        },
        {
            "label": "side_e",
            "weight": 5,
            "id": "дизгевзия"
        },
        {
            "label": "side_e",
            "weight": 5,
            "id": "головокружение"
        },
        {
            "label": "side_e",
            "weight": 5,
            "id": "стенокардия"
        },
        {
            "label": "side_e",
            "weight": 5,
            "id": "брадикардия"
        },
        {
            "label": "side_e",
            "weight": 5,
            "id": "повышение артериального давления"
        },
        {
            "label": "side_e",
            "weight": 5,
            "id": "рвота"
        },
        {
            "label": "side_e",
            "weight": 5,
            "id": "тошнота"
        },
        {
            "label": "side_e",
            "weight": 5,
            "id": "кровавая рвота"
        },
        {
            "label": "side_e",
            "weight": 5,
            "id": "стеаторея"
        },
        {
            "label": "side_e",
            "weight": 5,
            "id": "стоматит"
        },
        {
            "label": "side_e",
            "weight": 5,
            "id": "изменения частоты дефекации и характера стула"
        },
        {
            "label": "side_e",
            "weight": 5,
            "id": "боль в животе"
        },
        {
            "label": "side_e",
            "weight": 5,
            "id": "бессимптомное увеличение концентрации печеночных ферментов"
        },
        {
            "label": "side_e",
            "weight": 5,
            "id": "сыпь"
        },
        {
            "label": "side_e",
            "weight": 5,
            "id": "синдром Стивенса-Джонсона"
        },
        {
            "label": "side_e",
            "weight": 5,
            "id": "токсический эпидермальный некролиз"
        },
        {
            "label": "side_e",
            "weight": 5,
            "id": "ангионевротический отек"
        },
        {
            "label": "side_e",
            "weight": 5,
            "id": "локальная медикаментозная сыпь"
        },
        {
            "label": "side_e",
            "weight": 5,
            "id": "алопеция"
        },
        {
            "label": "side_e",
            "weight": 5,
            "id": "обесцвечивание волос"
        },
        {
            "label": "side_e",
            "weight": 5,
            "id": "миалгия"
        },
        {
            "label": "side_e",
            "weight": 5,
            "id": "мочекаменная болезнь"
        },
        {
            "label": "side_e",
            "weight": 5,
            "id": "гематурия"
        },
        {
            "label": "side_e",
            "weight": 5,
            "id": "азотемия"
        },
        {
            "label": "side_e",
            "weight": 5,
            "id": "мужское бесплодие"
        },
        {
            "label": "side_e",
            "weight": 5,
            "id": "эректильная дисфункция"
        },
        {
            "label": "side_e",
            "weight": 5,
            "id": "гинекомастия"
        },
        {
            "label": "side_e",
            "weight": 5,
            "id": "отек"
        },
        {
            "label": "side_e",
            "weight": 5,
            "id": "общее недомогание"
        },
        {
            "label": "side_e",
            "weight": 5,
            "id": "астения"
        },
        {
            "label": "side_e",
            "weight": 5,
            "id": "повышение уровня тиреотропного гормона"
        },
        {
            "label": "mechanism",
            "weight": 5,
            "id": "уменьшать концентрация мочевой кислоты кровь"
        },
        {
            "label": "mechanism",
            "weight": 5,
            "id": "уменьшать концентрация мочевой кислоты моча"
        },
        {
            "label": "action",
            "weight": 5,
            "id": "растворение кристалл мочевой кислота"
        },
        {
            "label": "action",
            "weight": 5,
            "id": "предотвращает отложение в ткань кристалл мочевой кислота"
        },
        {
            "label": "absobtion",
            "weight": 5,
            "id": "жкт верхний отдел"
        }
    ],
    "links": [
        {
            "source": "аллопуринол",
            "target": "катаракта"
        },
        {
            "source": "аллопуринол",
            "target": "нарушения зрения"
        },
        {
            "source": "аллопуринол",
            "target": "реакция гиперчувствительность"
        },
        {
            "source": "аллопуринол",
            "target": "фурункулез"
        },
        {
            "source": "аллопуринол",
            "target": "агранулоцитоз"
        },
        {
            "source": "аллопуринол",
            "target": "апластическая анемия"
        },
        {
            "source": "аллопуринол",
            "target": "тромбоцитопения"
        },
        {
            "source": "аллопуринол",
            "target": "лейкопения"
        },
        {
            "source": "аллопуринол",
            "target": "лейкоцитоз"
        },
        {
            "source": "аллопуринол",
            "target": "аплазия"
        },
        {
            "source": "аллопуринол",
            "target": "гранулоцитоз"
        },
        {
            "source": "аллопуринол",
            "target": "тяжелый реакция гиперчувствительность"
        },
        {
            "source": "аллопуринол",
            "target": "кожный реакция с отслойка эпидермис"
        },
        {
            "source": "аллопуринол",
            "target": "лихорадка"
        },
        {
            "source": "аллопуринол",
            "target": "артралгия"
        },
        {
            "source": "аллопуринол",
            "target": "васкулит"
        },
        {
            "source": "аллопуринол",
            "target": "гепатит"
        },
        {
            "source": "аллопуринол",
            "target": "острый холангит"
        },
        {
            "source": "аллопуринол",
            "target": "судороги"
        },
        {
            "source": "аллопуринол",
            "target": "анафилактический шок"
        },
        {
            "source": "аллопуринол",
            "target": "кожная сыпь"
        },
        {
            "source": "аллопуринол",
            "target": "лимфаденопатия"
        },
        {
            "source": "аллопуринол",
            "target": "псевдолимфома"
        },
        {
            "source": "аллопуринол",
            "target": "эозинофилия"
        },
        {
            "source": "аллопуринол",
            "target": "гепато-спленомегалия"
        },
        {
            "source": "аллопуринол",
            "target": "синдром исчезающих желчных протоков"
        },
        {
            "source": "аллопуринол",
            "target": "ангиоиммунобластная Т-клеточная лимфома"
        },
        {
            "source": "аллопуринол",
            "target": "сахарный диабет"
        },
        {
            "source": "аллопуринол",
            "target": "гиперлипидемия"
        },
        {
            "source": "аллопуринол",
            "target": "депрессия"
        },
        {
            "source": "аллопуринол",
            "target": "кома"
        },
        {
            "source": "аллопуринол",
            "target": "паралич"
        },
        {
            "source": "аллопуринол",
            "target": "атаксия"
        },
        {
            "source": "аллопуринол",
            "target": "периферическая нейропатия"
        },
        {
            "source": "аллопуринол",
            "target": "парестезии"
        },
        {
            "source": "аллопуринол",
            "target": "сонливость"
        },
        {
            "source": "аллопуринол",
            "target": "головная боль"
        },
        {
            "source": "аллопуринол",
            "target": "дизгевзия"
        },
        {
            "source": "аллопуринол",
            "target": "головокружение"
        },
        {
            "source": "аллопуринол",
            "target": "стенокардия"
        },
        {
            "source": "аллопуринол",
            "target": "брадикардия"
        },
        {
            "source": "аллопуринол",
            "target": "повышение артериального давления"
        },
        {
            "source": "аллопуринол",
            "target": "рвота"
        },
        {
            "source": "аллопуринол",
            "target": "тошнота"
        },
        {
            "source": "аллопуринол",
            "target": "кровавая рвота"
        },
        {
            "source": "аллопуринол",
            "target": "стеаторея"
        },
        {
            "source": "аллопуринол",
            "target": "стоматит"
        },
        {
            "source": "аллопуринол",
            "target": "изменения частоты дефекации и характера стула"
        },
        {
            "source": "аллопуринол",
            "target": "боль в животе"
        },
        {
            "source": "аллопуринол",
            "target": "бессимптомное увеличение концентрации печеночных ферментов"
        },
        {
            "source": "аллопуринол",
            "target": "сыпь"
        },
        {
            "source": "аллопуринол",
            "target": "синдром Стивенса-Джонсона"
        },
        {
            "source": "аллопуринол",
            "target": "токсический эпидермальный некролиз"
        },
        {
            "source": "аллопуринол",
            "target": "ангионевротический отек"
        },
        {
            "source": "аллопуринол",
            "target": "локальная медикаментозная сыпь"
        },
        {
            "source": "аллопуринол",
            "target": "алопеция"
        },
        {
            "source": "аллопуринол",
            "target": "обесцвечивание волос"
        },
        {
            "source": "аллопуринол",
            "target": "миалгия"
        },
        {
            "source": "аллопуринол",
            "target": "мочекаменная болезнь"
        },
        {
            "source": "аллопуринол",
            "target": "гематурия"
        },
        {
            "source": "аллопуринол",
            "target": "азотемия"
        },
        {
            "source": "аллопуринол",
            "target": "мужское бесплодие"
        },
        {
            "source": "аллопуринол",
            "target": "эректильная дисфункция"
        },
        {
            "source": "аллопуринол",
            "target": "гинекомастия"
        },
        {
            "source": "аллопуринол",
            "target": "отек"
        },
        {
            "source": "аллопуринол",
            "target": "общее недомогание"
        },
        {
            "source": "аллопуринол",
            "target": "астения"
        },
        {
            "source": "аллопуринол",
            "target": "повышение уровня тиреотропного гормона"
        },
        {
            "source": "аллопуринол",
            "target": "ингибирует ксантиноксидаза"
        },
        {
            "source": "аллопуринол",
            "target": "угнетение фермент гипоксантин-гуанин фосфорибозил-трансферазa"
        },
        {
            "source": "аллопуринол",
            "target": "кишечник"
        },
        {
            "source": "аллопуринол",
            "target": "почка"
        },
        {
            "source": "аллопуринол",
            "target": "жкт верхний отдел"
        },
        {
            "source": "препараты, ингибирующие синтез мочевой кислоты",
            "target": "аллопуринол"
        },
        {
            "source": "ингибирует ксантиноксидаза",
            "target": "уменьшать концентрация мочевой кислоты кровь"
        },
        {
            "source": "ингибирует ксантиноксидаза",
            "target": "уменьшать концентрация мочевой кислоты моча"
        },
        {
            "source": "противоподагрические препараты",
            "target": "препараты, ингибирующие синтез мочевой кислоты"
        },
        {
            "source": "угнетение фермент гипоксантин-гуанин фосфорибозил-трансферазa",
            "target": "угнетение биосинтез пурин"
        },
        {
            "source": "угнетение биосинтез пурин",
            "target": "уменьшать концентрация мочевой кислоты кровь"
        },
        {
            "source": "угнетение биосинтез пурин",
            "target": "уменьшать концентрация мочевой кислоты моча"
        },
        {
            "source": "почка",
            "target": "поражение почек"
        },
        {
            "source": "уменьшать концентрация мочевой кислоты кровь",
            "target": "предотвращает отложение в ткань кристалл мочевой кислота"
        },
        {
            "source": "уменьшать концентрация мочевой кислоты моча",
            "target": "растворение кристалл мочевой кислота"
        }
    ],
    "name": [
        "аллопуринол"
    ]
}