{
    "directed": true,
    "multigraph": false,
    "graph": {},
    "nodes": [
        {
            "label": "noun",
            "weight": 5,
            "id": "альбумин"
        },
        {
            "label": "group",
            "weight": 5,
            "id": "сердечный гликозид"
        },
        {
            "label": "group",
            "weight": 5,
            "id": "бетаадреноблокатор"
        },
        {
            "label": "group",
            "weight": 5,
            "id": "ара ii"
        },
        {
            "label": "side_e",
            "weight": 5,
            "id": "повышение содержание калий в сыворотка кровь"
        },
        {
            "label": "side_e",
            "weight": 5,
            "id": "боль в живот"
        },
        {
            "label": "side_e",
            "weight": 5,
            "id": "повышение концентрация билирубин в плазма кровь"
        },
        {
            "label": "side_e",
            "weight": 5,
            "id": "миалгия"
        },
        {
            "label": "side_e",
            "weight": 5,
            "id": "повышение концентрация креатинин в сыворотка кровь"
        },
        {
            "label": "side_e",
            "weight": 5,
            "id": "повышенный утомляемость"
        },
        {
            "label": "side_e",
            "weight": 5,
            "id": "артралгия"
        },
        {
            "label": "side_e",
            "weight": 5,
            "id": "боль в спина"
        },
        {
            "label": "side_e",
            "weight": 5,
            "id": "бессонница"
        },
        {
            "label": "side_e",
            "weight": 5,
            "id": "снижение либидо"
        },
        {
            "label": "side_e",
            "weight": 5,
            "id": "периферический отёк, фарингит"
        },
        {
            "label": "side_e",
            "weight": 5,
            "id": "ринит"
        },
        {
            "label": "side_e",
            "weight": 5,
            "id": "синусит"
        },
        {
            "label": "side_e",
            "weight": 5,
            "id": "инфекция верхний дыхательный путь"
        },
        {
            "label": "side_e",
            "weight": 5,
            "id": "вирусный инфекция"
        },
        {
            "label": "side_e",
            "weight": 5,
            "id": "повышение содержание азот мочевина в плазма кровь"
        },
        {
            "label": "side_e",
            "weight": 5,
            "id": "повышение концентрация калий в сыворотка кровь"
        },
        {
            "label": "side_e",
            "weight": 5,
            "id": "периферический отёк"
        },
        {
            "label": "side_e",
            "weight": 5,
            "id": "фарингит"
        },
        {
            "label": "group",
            "weight": 5,
            "id": "средство, оказывать влияние на раас"
        },
        {
            "label": "action",
            "weight": 5,
            "id": "мочь дополнительно увеличиваться"
        },
        {
            "label": "prepare",
            "weight": 5,
            "id": "гепарин"
        },
        {
            "label": "prepare",
            "weight": 5,
            "id": "валсартан"
        },
        {
            "label": "group",
            "weight": 5,
            "id": "действовать на ренин-ангиотензиновый система"
        },
        {
            "label": "group",
            "weight": 5,
            "id": "антагонист рецептор ангиотензин ii"
        },
        {
            "label": "mechanism",
            "weight": 5,
            "id": "специфический антагонист рецептор ангиотензин ii"
        },
        {
            "label": "mechanism",
            "weight": 5,
            "id": "избирательно блокировать рецептор подтип AT1"
        },
        {
            "label": "action",
            "weight": 5,
            "id": "повышение плазменный концентрация ангиотензин ii"
        },
        {
            "label": "excretion",
            "weight": 5,
            "id": "кишечник"
        },
        {
            "label": "excretion",
            "weight": 5,
            "id": "почка"
        },
        {
            "label": "side_e",
            "weight": 5,
            "id": "головокружение"
        },
        {
            "label": "side_e",
            "weight": 5,
            "id": "ортостатическая гипотензия"
        },
        {
            "label": "side_e",
            "weight": 5,
            "id": "выраженный снижение ад"
        },
        {
            "label": "side_e",
            "weight": 5,
            "id": "снижение гемоглобин"
        },
        {
            "label": "side_e",
            "weight": 5,
            "id": "снижение гематокрит"
        },
        {
            "label": "side_e",
            "weight": 5,
            "id": "нейтропения"
        },
        {
            "label": "side_e",
            "weight": 5,
            "id": "тромбоцитопения"
        },
        {
            "label": "side_e",
            "weight": 5,
            "id": "реакция повышать чувствительность"
        },
        {
            "label": "side_e",
            "weight": 5,
            "id": "сывороточный болезнь"
        },
        {
            "label": "side_e",
            "weight": 5,
            "id": "кашель"
        },
        {
            "label": "side_e",
            "weight": 5,
            "id": "нарушение функция печень"
        },
        {
            "label": "side_e",
            "weight": 5,
            "id": "ангионевротический отек"
        },
        {
            "label": "side_e",
            "weight": 5,
            "id": "гиперкалиемия"
        },
        {
            "label": "side_e",
            "weight": 5,
            "id": "постуральный головокружение"
        },
        {
            "label": "side_e",
            "weight": 5,
            "id": "обморок"
        },
        {
            "label": "side_e",
            "weight": 5,
            "id": "головный боль"
        },
        {
            "label": "side_e",
            "weight": 5,
            "id": "вертиго"
        },
        {
            "label": "side_e",
            "weight": 5,
            "id": "усиление симптом хронический сердечный недостаточность"
        },
        {
            "label": "side_e",
            "weight": 5,
            "id": "васкулит"
        },
        {
            "label": "side_e",
            "weight": 5,
            "id": "тошнота"
        },
        {
            "label": "side_e",
            "weight": 5,
            "id": "диарея"
        },
        {
            "label": "side_e",
            "weight": 5,
            "id": "повышение активность «печеночный» фермент"
        },
        {
            "label": "side_e",
            "weight": 5,
            "id": "буллезный дерматит"
        },
        {
            "label": "side_e",
            "weight": 5,
            "id": "кожная сыпь"
        },
        {
            "label": "side_e",
            "weight": 5,
            "id": "кожный зуд"
        },
        {
            "label": "side_e",
            "weight": 5,
            "id": "острый почечный недостаточность"
        },
        {
            "label": "side_e",
            "weight": 5,
            "id": "астения"
        },
        {
            "label": "side_e",
            "weight": 5,
            "id": "нарушение функция почка"
        },
        {
            "label": "action",
            "weight": 5,
            "id": "стимулировать at2 рецептор"
        }
    ],
    "links": [
        {
            "source": "валсартан",
            "target": "повышение содержание калий в сыворотка кровь"
        },
        {
            "source": "валсартан",
            "target": "боль в живот"
        },
        {
            "source": "валсартан",
            "target": "повышение концентрация билирубин в плазма кровь"
        },
        {
            "source": "валсартан",
            "target": "миалгия"
        },
        {
            "source": "валсартан",
            "target": "повышение концентрация креатинин в сыворотка кровь"
        },
        {
            "source": "валсартан",
            "target": "повышенный утомляемость"
        },
        {
            "source": "валсартан",
            "target": "артралгия"
        },
        {
            "source": "валсартан",
            "target": "боль в спина"
        },
        {
            "source": "валсартан",
            "target": "бессонница"
        },
        {
            "source": "валсартан",
            "target": "снижение либидо"
        },
        {
            "source": "валсартан",
            "target": "периферический отёк, фарингит"
        },
        {
            "source": "валсартан",
            "target": "ринит"
        },
        {
            "source": "валсартан",
            "target": "синусит"
        },
        {
            "source": "валсартан",
            "target": "инфекция верхний дыхательный путь"
        },
        {
            "source": "валсартан",
            "target": "вирусный инфекция"
        },
        {
            "source": "валсартан",
            "target": "повышение содержание азот мочевина в плазма кровь"
        },
        {
            "source": "валсартан",
            "target": "повышение концентрация калий в сыворотка кровь"
        },
        {
            "source": "валсартан",
            "target": "периферический отёк"
        },
        {
            "source": "валсартан",
            "target": "фарингит"
        },
        {
            "source": "валсартан",
            "target": "снижение гемоглобин"
        },
        {
            "source": "валсартан",
            "target": "снижение гематокрит"
        },
        {
            "source": "валсартан",
            "target": "нейтропения"
        },
        {
            "source": "валсартан",
            "target": "тромбоцитопения"
        },
        {
            "source": "валсартан",
            "target": "реакция повышать чувствительность"
        },
        {
            "source": "валсартан",
            "target": "сывороточный болезнь"
        },
        {
            "source": "валсартан",
            "target": "кашель"
        },
        {
            "source": "валсартан",
            "target": "нарушение функция печень"
        },
        {
            "source": "валсартан",
            "target": "ангионевротический отек"
        },
        {
            "source": "валсартан",
            "target": "гиперкалиемия"
        },
        {
            "source": "валсартан",
            "target": "постуральный головокружение"
        },
        {
            "source": "валсартан",
            "target": "обморок"
        },
        {
            "source": "валсартан",
            "target": "головный боль"
        },
        {
            "source": "валсартан",
            "target": "вертиго"
        },
        {
            "source": "валсартан",
            "target": "усиление симптом хронический сердечный недостаточность"
        },
        {
            "source": "валсартан",
            "target": "васкулит"
        },
        {
            "source": "валсартан",
            "target": "тошнота"
        },
        {
            "source": "валсартан",
            "target": "диарея"
        },
        {
            "source": "валсартан",
            "target": "повышение активность «печеночный» фермент"
        },
        {
            "source": "валсартан",
            "target": "буллезный дерматит"
        },
        {
            "source": "валсартан",
            "target": "кожная сыпь"
        },
        {
            "source": "валсартан",
            "target": "кожный зуд"
        },
        {
            "source": "валсартан",
            "target": "острый почечный недостаточность"
        },
        {
            "source": "валсартан",
            "target": "астения"
        },
        {
            "source": "валсартан",
            "target": "специфический антагонист рецептор ангиотензин ii"
        },
        {
            "source": "валсартан",
            "target": "почка"
        },
        {
            "source": "валсартан",
            "target": "кишечник"
        },
        {
            "source": "действовать на ренин-ангиотензиновый система",
            "target": "антагонист рецептор ангиотензин ii"
        },
        {
            "source": "антагонист рецептор ангиотензин ii",
            "target": "валсартан"
        },
        {
            "source": "специфический антагонист рецептор ангиотензин ii",
            "target": "избирательно блокировать рецептор подтип AT1"
        },
        {
            "source": "избирательно блокировать рецептор подтип AT1",
            "target": "повышение плазменный концентрация ангиотензин ii"
        },
        {
            "source": "избирательно блокировать рецептор подтип AT1",
            "target": "выраженный снижение ад"
        },
        {
            "source": "избирательно блокировать рецептор подтип AT1",
            "target": "ортостатическая гипотензия"
        },
        {
            "source": "повышение плазменный концентрация ангиотензин ii",
            "target": "стимулировать at2 рецептор"
        },
        {
            "source": "почка",
            "target": "нарушение функция почка"
        },
        {
            "source": "выраженный снижение ад",
            "target": "головокружение"
        },
        {
            "source": "стимулировать at2 рецептор",
            "target": "выраженный снижение ад"
        },
        {
            "source": "стимулировать at2 рецептор",
            "target": "ортостатическая гипотензия"
        }
    ],
    "name": [
        "валсартан"
    ]
}