{
    "directed": true,
    "multigraph": false,
    "graph": {},
    "nodes": [
        {
            "label": "prepare",
            "weight": 5,
            "id": "фуросемид"
        },
        {
            "label": "side_e",
            "weight": 5,
            "id": "ототоксический действие"
        },
        {
            "label": "side_e",
            "weight": 5,
            "id": "агранулоцитоз"
        },
        {
            "label": "side_e",
            "weight": 5,
            "id": "апластический анемия"
        },
        {
            "label": "side_e",
            "weight": 5,
            "id": "гемолитический анемия"
        },
        {
            "label": "side_e",
            "weight": 5,
            "id": "тяжёлый анафилактический"
        },
        {
            "label": "side_e",
            "weight": 5,
            "id": "анафилактоидный реакция"
        },
        {
            "label": "side_e",
            "weight": 5,
            "id": "анафилактический шок"
        },
        {
            "label": "side_e",
            "weight": 5,
            "id": "обострение системный красный волчанка"
        },
        {
            "label": "side_e",
            "weight": 5,
            "id": "развитие нарушение водный-электролитный баланс"
        },
        {
            "label": "side_e",
            "weight": 5,
            "id": "тромбоз"
        },
        {
            "label": "side_e",
            "weight": 5,
            "id": "повышение концентрация креатинин в кровь"
        },
        {
            "label": "side_e",
            "weight": 5,
            "id": "повышение концентрация триглицерид в сыворотка кровь"
        },
        {
            "label": "side_e",
            "weight": 5,
            "id": "гипонатриемия"
        },
        {
            "label": "side_e",
            "weight": 5,
            "id": "повышение концентрация холестерин в кровь"
        },
        {
            "label": "side_e",
            "weight": 5,
            "id": "увеличение концентрация мочевой кислота в кровь"
        },
        {
            "label": "side_e",
            "weight": 5,
            "id": "развитие"
        },
        {
            "label": "side_e",
            "weight": 5,
            "id": "снижение толерантность к глюкоза"
        },
        {
            "label": "side_e",
            "weight": 5,
            "id": "псевдосиндром барттер"
        },
        {
            "label": "side_e",
            "weight": 5,
            "id": "печёночный энцефалопатия"
        },
        {
            "label": "side_e",
            "weight": 5,
            "id": "синкопальный состояние"
        },
        {
            "label": "side_e",
            "weight": 5,
            "id": "нарушение слух"
        },
        {
            "label": "side_e",
            "weight": 5,
            "id": "гипопротеинемия"
        },
        {
            "label": "side_e",
            "weight": 5,
            "id": "глухота"
        },
        {
            "label": "side_e",
            "weight": 5,
            "id": "шум в ухо"
        },
        {
            "label": "side_e",
            "weight": 5,
            "id": "васкулит"
        },
        {
            "label": "side_e",
            "weight": 5,
            "id": "рвота"
        },
        {
            "label": "side_e",
            "weight": 5,
            "id": "диарея"
        },
        {
            "label": "side_e",
            "weight": 5,
            "id": "острый панкреатит"
        },
        {
            "label": "side_e",
            "weight": 5,
            "id": "холестаз"
        },
        {
            "label": "side_e",
            "weight": 5,
            "id": "увеличение активность «печёночный» трансаминаза"
        },
        {
            "label": "side_e",
            "weight": 5,
            "id": "кожный зуд"
        },
        {
            "label": "side_e",
            "weight": 5,
            "id": "крапивница"
        },
        {
            "label": "side_e",
            "weight": 5,
            "id": "сыпь"
        },
        {
            "label": "side_e",
            "weight": 5,
            "id": "буллезный дерматит"
        },
        {
            "label": "side_e",
            "weight": 5,
            "id": "многоформный эритема"
        },
        {
            "label": "side_e",
            "weight": 5,
            "id": "пемфигоид"
        },
        {
            "label": "side_e",
            "weight": 5,
            "id": "эксфолиативный дерматит"
        },
        {
            "label": "side_e",
            "weight": 5,
            "id": "пурпур"
        },
        {
            "label": "side_e",
            "weight": 5,
            "id": "реакция фотосенсибилизация"
        },
        {
            "label": "side_e",
            "weight": 5,
            "id": "синдром стивенс-джонсон"
        },
        {
            "label": "side_e",
            "weight": 5,
            "id": "токсический эпидермальный некролиз"
        },
        {
            "label": "side_e",
            "weight": 5,
            "id": "острый генерализовать экзантематозный пустулезть"
        },
        {
            "label": "side_e",
            "weight": 5,
            "id": "dress-синдром"
        },
        {
            "label": "side_e",
            "weight": 5,
            "id": "лекарственный сыпь с эозинофилия"
        },
        {
            "label": "side_e",
            "weight": 5,
            "id": "системный симптом"
        },
        {
            "label": "side_e",
            "weight": 5,
            "id": "лихеноидный реакция"
        },
        {
            "label": "side_e",
            "weight": 5,
            "id": "рабдомиолиз"
        },
        {
            "label": "side_e",
            "weight": 5,
            "id": "тубулоинтерстициальный нефрит"
        },
        {
            "label": "side_e",
            "weight": 5,
            "id": "увеличение содержание натрий и хлорид в моча"
        },
        {
            "label": "side_e",
            "weight": 5,
            "id": "задержка моча"
        },
        {
            "label": "side_e",
            "weight": 5,
            "id": "нефрокальциноз/нефролитиаз"
        },
        {
            "label": "side_e",
            "weight": 5,
            "id": "почечный недостаточность"
        },
        {
            "label": "side_e",
            "weight": 5,
            "id": "лихорадка"
        },
        {
            "label": "side_e",
            "weight": 5,
            "id": "местный реакция в вид боль"
        },
        {
            "label": "side_e",
            "weight": 5,
            "id": "изменение картина периферический кровь"
        },
        {
            "label": "side_e",
            "weight": 5,
            "id": "тяжёлый кожный аллергический реакция"
        },
        {
            "label": "side_e",
            "weight": 5,
            "id": "гиперемия кожный"
        },
        {
            "label": "side_e",
            "weight": 5,
            "id": "обильный потоотделение"
        },
        {
            "label": "side_e",
            "weight": 5,
            "id": "беспокойство"
        },
        {
            "label": "side_e",
            "weight": 5,
            "id": "повышение артериальный"
        },
        {
            "label": "side_e",
            "weight": 5,
            "id": "необратимый нарушение с сторона орган слух"
        },
        {
            "label": "side_e",
            "weight": 5,
            "id": "нефротоксический действие"
        },
        {
            "label": "side_e",
            "weight": 5,
            "id": "чрезмерный снижение артериальный давление"
        },
        {
            "label": "side_e",
            "weight": 5,
            "id": "ухудшение функция почка"
        },
        {
            "label": "side_e",
            "weight": 5,
            "id": "острый почечный недостаточность"
        },
        {
            "label": "group",
            "weight": 5,
            "id": "соль литий"
        },
        {
            "label": "side_e",
            "weight": 5,
            "id": "токсический действие"
        },
        {
            "label": "side_e",
            "weight": 5,
            "id": "повреждать воздействие на сердце и нервный система"
        },
        {
            "label": "side_e",
            "weight": 5,
            "id": "нефротоксический"
        },
        {
            "label": "prepare",
            "weight": 5,
            "id": "инсулин"
        },
        {
            "label": "side_e",
            "weight": 5,
            "id": "подагрический артрит"
        },
        {
            "label": "side_e",
            "weight": 5,
            "id": "гиперурикемия"
        },
        {
            "label": "side_e",
            "weight": 5,
            "id": "нарушение экскреция урат почка"
        },
        {
            "label": "group",
            "weight": 5,
            "id": "рентгеноконтрастный вещество"
        },
        {
            "label": "group",
            "weight": 5,
            "id": "диуретический средство"
        },
        {
            "label": "group",
            "weight": 5,
            "id": "производный сульфонамид"
        },
        {
            "label": "mechanism",
            "weight": 5,
            "id": "угнетение реабсорбция"
        },
        {
            "label": "action",
            "weight": 5,
            "id": "увеличение выведение натрий"
        },
        {
            "label": "action",
            "weight": 5,
            "id": "увеличение количество выделять моча"
        },
        {
            "label": "action",
            "weight": 5,
            "id": "увеличение секреция калий в дистальный часть почечный каналец"
        },
        {
            "label": "action",
            "weight": 5,
            "id": "прерывать канальцево-клубочковый обратный связь в macula densa"
        },
        {
            "label": "mechanism",
            "weight": 5,
            "id": "дозозависимый стимуляция ренин ангиотензин альдостороновый система"
        },
        {
            "label": "mechanism",
            "weight": 5,
            "id": "снижение реакция гладкий мускулатура сосуд на вазоконстрикторный воздействие"
        },
        {
            "label": "mechanism",
            "weight": 5,
            "id": "натрийуретический эффект"
        },
        {
            "label": "mechanism",
            "weight": 5,
            "id": "уменьшение объём циркулировать кровь"
        },
        {
            "label": "action",
            "weight": 5,
            "id": "гипотензивный действие"
        },
        {
            "label": "mechanism",
            "weight": 5,
            "id": "снижать реакция сосуд на катехоламин"
        },
        {
            "label": "side_e",
            "weight": 5,
            "id": "нарушение функция почка"
        },
        {
            "label": "excretion",
            "weight": 5,
            "id": "почка"
        },
        {
            "label": "excretion",
            "weight": 5,
            "id": "кишечник"
        },
        {
            "label": "side_e",
            "weight": 5,
            "id": "гемоконцентрация"
        },
        {
            "label": "side_e",
            "weight": 5,
            "id": "тромбоцитопения"
        },
        {
            "label": "side_e",
            "weight": 5,
            "id": "лейкопения"
        },
        {
            "label": "side_e",
            "weight": 5,
            "id": "эозинофилия"
        },
        {
            "label": "side_e",
            "weight": 5,
            "id": "нарушение водный-электролитный баланс"
        },
        {
            "label": "side_e",
            "weight": 5,
            "id": "гипомагниемия"
        },
        {
            "label": "side_e",
            "weight": 5,
            "id": "головной боль"
        },
        {
            "label": "side_e",
            "weight": 5,
            "id": "головокружение"
        },
        {
            "label": "side_e",
            "weight": 5,
            "id": "судорога"
        },
        {
            "label": "side_e",
            "weight": 5,
            "id": "тетания"
        },
        {
            "label": "side_e",
            "weight": 5,
            "id": "мышечный слабость"
        },
        {
            "label": "side_e",
            "weight": 5,
            "id": "нарушение сердечный ритм"
        },
        {
            "label": "side_e",
            "weight": 5,
            "id": "диспепсический расстройство"
        },
        {
            "label": "side_e",
            "weight": 5,
            "id": "гипохлоремия"
        },
        {
            "label": "side_e",
            "weight": 5,
            "id": "дегидратация"
        },
        {
            "label": "side_e",
            "weight": 5,
            "id": "гиповолемия"
        },
        {
            "label": "side_e",
            "weight": 5,
            "id": "гипокалиемия"
        },
        {
            "label": "side_e",
            "weight": 5,
            "id": "приступ подагра"
        },
        {
            "label": "action",
            "weight": 5,
            "id": "снижение функция почка"
        },
        {
            "label": "side_e",
            "weight": 5,
            "id": "гипокальциемия"
        },
        {
            "label": "side_e",
            "weight": 5,
            "id": "повышение концентрация мочевина в кровь"
        },
        {
            "label": "side_e",
            "weight": 5,
            "id": "метаболический алкалоз"
        },
        {
            "label": "side_e",
            "weight": 5,
            "id": "парестезия"
        },
        {
            "label": "side_e",
            "weight": 5,
            "id": "потеря сознание"
        },
        {
            "label": "side_e",
            "weight": 5,
            "id": "снижение артериальный давление"
        },
        {
            "label": "side_e",
            "weight": 5,
            "id": "ортостатический гипотензия"
        },
        {
            "label": "side_e",
            "weight": 5,
            "id": "тахикардия"
        },
        {
            "label": "side_e",
            "weight": 5,
            "id": "тошнота"
        },
        {
            "label": "side_e",
            "weight": 5,
            "id": "увеличение объём моча"
        },
        {
            "label": "action",
            "weight": 5,
            "id": "увеличиваться выведение ион кальций"
        },
        {
            "label": "action",
            "weight": 5,
            "id": "увеличиваться выведение ион магний"
        },
        {
            "label": "mechanism",
            "weight": 5,
            "id": "связываться с белками альбумины"
        },
        {
            "label": "mechanism",
            "weight": 5,
            "id": "блокировать система транспорт ион в толстой сегмент восходить колено петля генль сl-"
        },
        {
            "label": "mechanism",
            "weight": 5,
            "id": "блокировать система транспорт ион в толстой сегмент восходить колено петля генль k+"
        },
        {
            "label": "mechanism",
            "weight": 5,
            "id": "блокировать система транспорт ион в толстой сегмент восходить колено петля генль na+"
        }
    ],
    "links": [
        {
            "source": "фуросемид",
            "target": "ототоксический действие"
        },
        {
            "source": "фуросемид",
            "target": "агранулоцитоз"
        },
        {
            "source": "фуросемид",
            "target": "апластический анемия"
        },
        {
            "source": "фуросемид",
            "target": "гемолитический анемия"
        },
        {
            "source": "фуросемид",
            "target": "тяжёлый анафилактический"
        },
        {
            "source": "фуросемид",
            "target": "анафилактоидный реакция"
        },
        {
            "source": "фуросемид",
            "target": "анафилактический шок"
        },
        {
            "source": "фуросемид",
            "target": "обострение системный красный волчанка"
        },
        {
            "source": "фуросемид",
            "target": "развитие нарушение водный-электролитный баланс"
        },
        {
            "source": "фуросемид",
            "target": "тромбоз"
        },
        {
            "source": "фуросемид",
            "target": "повышение концентрация креатинин в кровь"
        },
        {
            "source": "фуросемид",
            "target": "повышение концентрация триглицерид в сыворотка кровь"
        },
        {
            "source": "фуросемид",
            "target": "гипонатриемия"
        },
        {
            "source": "фуросемид",
            "target": "повышение концентрация холестерин в кровь"
        },
        {
            "source": "фуросемид",
            "target": "развитие"
        },
        {
            "source": "фуросемид",
            "target": "снижение толерантность к глюкоза"
        },
        {
            "source": "фуросемид",
            "target": "псевдосиндром барттер"
        },
        {
            "source": "фуросемид",
            "target": "печёночный энцефалопатия"
        },
        {
            "source": "фуросемид",
            "target": "синкопальный состояние"
        },
        {
            "source": "фуросемид",
            "target": "нарушение слух"
        },
        {
            "source": "фуросемид",
            "target": "гипопротеинемия"
        },
        {
            "source": "фуросемид",
            "target": "глухота"
        },
        {
            "source": "фуросемид",
            "target": "шум в ухо"
        },
        {
            "source": "фуросемид",
            "target": "васкулит"
        },
        {
            "source": "фуросемид",
            "target": "рвота"
        },
        {
            "source": "фуросемид",
            "target": "диарея"
        },
        {
            "source": "фуросемид",
            "target": "острый панкреатит"
        },
        {
            "source": "фуросемид",
            "target": "холестаз"
        },
        {
            "source": "фуросемид",
            "target": "увеличение активность «печёночный» трансаминаза"
        },
        {
            "source": "фуросемид",
            "target": "кожный зуд"
        },
        {
            "source": "фуросемид",
            "target": "крапивница"
        },
        {
            "source": "фуросемид",
            "target": "сыпь"
        },
        {
            "source": "фуросемид",
            "target": "буллезный дерматит"
        },
        {
            "source": "фуросемид",
            "target": "многоформный эритема"
        },
        {
            "source": "фуросемид",
            "target": "пемфигоид"
        },
        {
            "source": "фуросемид",
            "target": "эксфолиативный дерматит"
        },
        {
            "source": "фуросемид",
            "target": "пурпур"
        },
        {
            "source": "фуросемид",
            "target": "реакция фотосенсибилизация"
        },
        {
            "source": "фуросемид",
            "target": "синдром стивенс-джонсон"
        },
        {
            "source": "фуросемид",
            "target": "токсический эпидермальный некролиз"
        },
        {
            "source": "фуросемид",
            "target": "острый генерализовать экзантематозный пустулезть"
        },
        {
            "source": "фуросемид",
            "target": "dress-синдром"
        },
        {
            "source": "фуросемид",
            "target": "лекарственный сыпь с эозинофилия"
        },
        {
            "source": "фуросемид",
            "target": "системный симптом"
        },
        {
            "source": "фуросемид",
            "target": "лихеноидный реакция"
        },
        {
            "source": "фуросемид",
            "target": "рабдомиолиз"
        },
        {
            "source": "фуросемид",
            "target": "тубулоинтерстициальный нефрит"
        },
        {
            "source": "фуросемид",
            "target": "увеличение содержание натрий и хлорид в моча"
        },
        {
            "source": "фуросемид",
            "target": "задержка моча"
        },
        {
            "source": "фуросемид",
            "target": "нефрокальциноз/нефролитиаз"
        },
        {
            "source": "фуросемид",
            "target": "почечный недостаточность"
        },
        {
            "source": "фуросемид",
            "target": "лихорадка"
        },
        {
            "source": "фуросемид",
            "target": "местный реакция в вид боль"
        },
        {
            "source": "фуросемид",
            "target": "изменение картина периферический кровь"
        },
        {
            "source": "фуросемид",
            "target": "тяжёлый кожный аллергический реакция"
        },
        {
            "source": "фуросемид",
            "target": "гиперемия кожный"
        },
        {
            "source": "фуросемид",
            "target": "обильный потоотделение"
        },
        {
            "source": "фуросемид",
            "target": "беспокойство"
        },
        {
            "source": "фуросемид",
            "target": "повышение артериальный"
        },
        {
            "source": "фуросемид",
            "target": "необратимый нарушение с сторона орган слух"
        },
        {
            "source": "фуросемид",
            "target": "нефротоксический действие"
        },
        {
            "source": "фуросемид",
            "target": "чрезмерный снижение артериальный давление"
        },
        {
            "source": "фуросемид",
            "target": "ухудшение функция почка"
        },
        {
            "source": "фуросемид",
            "target": "острый почечный недостаточность"
        },
        {
            "source": "фуросемид",
            "target": "токсический действие"
        },
        {
            "source": "фуросемид",
            "target": "повреждать воздействие на сердце и нервный система"
        },
        {
            "source": "фуросемид",
            "target": "нефротоксический"
        },
        {
            "source": "фуросемид",
            "target": "подагрический артрит"
        },
        {
            "source": "фуросемид",
            "target": "гиперурикемия"
        },
        {
            "source": "фуросемид",
            "target": "нарушение экскреция урат почка"
        },
        {
            "source": "фуросемид",
            "target": "диспепсический расстройство"
        },
        {
            "source": "фуросемид",
            "target": "метаболический алкалоз"
        },
        {
            "source": "фуросемид",
            "target": "парестезия"
        },
        {
            "source": "фуросемид",
            "target": "дозозависимый стимуляция ренин ангиотензин альдостороновый система"
        },
        {
            "source": "фуросемид",
            "target": "почка"
        },
        {
            "source": "фуросемид",
            "target": "кишечник"
        },
        {
            "source": "фуросемид",
            "target": "связываться с белками альбумины"
        },
        {
            "source": "фуросемид",
            "target": "блокировать система транспорт ион в толстой сегмент восходить колено петля генль сl-"
        },
        {
            "source": "фуросемид",
            "target": "блокировать система транспорт ион в толстой сегмент восходить колено петля генль k+"
        },
        {
            "source": "фуросемид",
            "target": "блокировать система транспорт ион в толстой сегмент восходить колено петля генль na+"
        },
        {
            "source": "увеличение концентрация мочевой кислота в кровь",
            "target": "приступ подагра"
        },
        {
            "source": "диуретический средство",
            "target": "производный сульфонамид"
        },
        {
            "source": "производный сульфонамид",
            "target": "фуросемид"
        },
        {
            "source": "угнетение реабсорбция",
            "target": "увеличение выведение натрий"
        },
        {
            "source": "увеличение выведение натрий",
            "target": "увеличение количество выделять моча"
        },
        {
            "source": "увеличение выведение натрий",
            "target": "увеличение секреция калий в дистальный часть почечный каналец"
        },
        {
            "source": "увеличение выведение натрий",
            "target": "снижать реакция сосуд на катехоламин"
        },
        {
            "source": "увеличение количество выделять моча",
            "target": "уменьшение объём циркулировать кровь"
        },
        {
            "source": "увеличение количество выделять моча",
            "target": "нарушение водный-электролитный баланс"
        },
        {
            "source": "увеличение количество выделять моча",
            "target": "дегидратация"
        },
        {
            "source": "увеличение количество выделять моча",
            "target": "повышение концентрация мочевина в кровь"
        },
        {
            "source": "увеличение количество выделять моча",
            "target": "увеличение концентрация мочевой кислота в кровь"
        },
        {
            "source": "увеличение количество выделять моча",
            "target": "увеличение объём моча"
        },
        {
            "source": "увеличение секреция калий в дистальный часть почечный каналец",
            "target": "увеличиваться выведение ион кальций"
        },
        {
            "source": "увеличение секреция калий в дистальный часть почечный каналец",
            "target": "увеличиваться выведение ион магний"
        },
        {
            "source": "снижение реакция гладкий мускулатура сосуд на вазоконстрикторный воздействие",
            "target": "натрийуретический эффект"
        },
        {
            "source": "уменьшение объём циркулировать кровь",
            "target": "гипотензивный действие"
        },
        {
            "source": "уменьшение объём циркулировать кровь",
            "target": "гемоконцентрация"
        },
        {
            "source": "уменьшение объём циркулировать кровь",
            "target": "тромбоцитопения"
        },
        {
            "source": "уменьшение объём циркулировать кровь",
            "target": "лейкопения"
        },
        {
            "source": "уменьшение объём циркулировать кровь",
            "target": "эозинофилия"
        },
        {
            "source": "уменьшение объём циркулировать кровь",
            "target": "гиповолемия"
        },
        {
            "source": "гипотензивный действие",
            "target": "снижение реакция гладкий мускулатура сосуд на вазоконстрикторный воздействие"
        },
        {
            "source": "гипотензивный действие",
            "target": "снижение артериальный давление"
        },
        {
            "source": "гипотензивный действие",
            "target": "ортостатический гипотензия"
        },
        {
            "source": "почка",
            "target": "нарушение функция почка"
        },
        {
            "source": "почка",
            "target": "снижение функция почка"
        },
        {
            "source": "нарушение водный-электролитный баланс",
            "target": "гипомагниемия"
        },
        {
            "source": "нарушение водный-электролитный баланс",
            "target": "головокружение"
        },
        {
            "source": "нарушение водный-электролитный баланс",
            "target": "головной боль"
        },
        {
            "source": "нарушение водный-электролитный баланс",
            "target": "судорога"
        },
        {
            "source": "нарушение водный-электролитный баланс",
            "target": "мышечный слабость"
        },
        {
            "source": "нарушение водный-электролитный баланс",
            "target": "тетания"
        },
        {
            "source": "нарушение водный-электролитный баланс",
            "target": "нарушение сердечный ритм"
        },
        {
            "source": "нарушение водный-электролитный баланс",
            "target": "гипохлоремия"
        },
        {
            "source": "нарушение водный-электролитный баланс",
            "target": "гипокалиемия"
        },
        {
            "source": "нарушение водный-электролитный баланс",
            "target": "гипокальциемия"
        },
        {
            "source": "нарушение водный-электролитный баланс",
            "target": "потеря сознание"
        },
        {
            "source": "нарушение водный-электролитный баланс",
            "target": "тошнота"
        },
        {
            "source": "снижение артериальный давление",
            "target": "тахикардия"
        },
        {
            "source": "блокировать система транспорт ион в толстой сегмент восходить колено петля генль сl-",
            "target": "угнетение реабсорбция"
        },
        {
            "source": "блокировать система транспорт ион в толстой сегмент восходить колено петля генль na+",
            "target": "угнетение реабсорбция"
        }
    ],
    "name": [
        "фуросемид"
    ]
}