{
    "directed": true,
    "multigraph": false,
    "graph": {},
    "nodes": [
        {
            "label": "prepare",
            "weight": 5,
            "id": "карведилол"
        },
        {
            "label": "mechanism",
            "weight": 5,
            "id": "блокатор α 1 -, β 1-и β 2 -адренорецептор"
        },
        {
            "label": "action",
            "weight": 5,
            "id": "оказывать вазодилатировать"
        },
        {
            "label": "action",
            "weight": 5,
            "id": "антиангинальный"
        },
        {
            "label": "action",
            "weight": 5,
            "id": "антиаритмический действие"
        },
        {
            "label": "mechanism",
            "weight": 5,
            "id": "обладать одинаковый α-адреноблокируть свойство"
        },
        {
            "label": "mechanism",
            "weight": 5,
            "id": "β-адреноблокировать действие"
        },
        {
            "label": "mechanism",
            "weight": 5,
            "id": "неселективный характер"
        },
        {
            "label": "mechanism",
            "weight": 5,
            "id": "с блокада α 1 -адренорецептор"
        },
        {
            "label": "action",
            "weight": 5,
            "id": "вазодилатировать эффект"
        },
        {
            "label": "noun",
            "weight": 5,
            "id": "вазодилатация"
        },
        {
            "label": "action",
            "weight": 5,
            "id": "снижать общий периферический сосудистый сопротивление (опсс"
        },
        {
            "label": "action",
            "weight": 5,
            "id": "сочетание вазодилатация"
        },
        {
            "label": "mechanism",
            "weight": 5,
            "id": "блокада β-адренорецептор"
        },
        {
            "label": "action",
            "weight": 5,
            "id": "уменьшать резистентность почечный сосуд"
        },
        {
            "label": "action",
            "weight": 5,
            "id": "не происходить существенный изменение скорость клубочковый фильтрации, почечный плазмоток или экскреция электролит"
        },
        {
            "label": "noun",
            "weight": 5,
            "id": "частота сердечный сокращение (чсс"
        },
        {
            "label": "action",
            "weight": 5,
            "id": "снижаться незначительно"
        },
        {
            "label": "mechanism",
            "weight": 5,
            "id": "сочетать блокада βи α 1 -адренорецептор"
        },
        {
            "label": "action",
            "weight": 5,
            "id": "снижать артериальный давление (ад"
        },
        {
            "label": "noun",
            "weight": 5,
            "id": "снижение ад"
        },
        {
            "label": "action",
            "weight": 5,
            "id": "не сопровождаться одновременный увеличение опсс"
        },
        {
            "label": "noun",
            "weight": 5,
            "id": "почечный кровоток"
        },
        {
            "label": "action",
            "weight": 5,
            "id": "сохраняться"
        },
        {
            "label": "noun",
            "weight": 5,
            "id": "функция почка"
        },
        {
            "label": "action",
            "weight": 5,
            "id": "не изменять ударный объём кровь"
        },
        {
            "label": "action",
            "weight": 5,
            "id": "уменьшать опсс"
        },
        {
            "label": "action",
            "weight": 5,
            "id": "не нарушать кровоснабжение орган и периферический кровоток, в тот число в скелетный мускулатуре, предплечьях, нижний конечностях, кожный покров головной мозг и сонный артерия"
        },
        {
            "label": "noun",
            "weight": 5,
            "id": "похолодание конечность"
        },
        {
            "label": "action",
            "weight": 5,
            "id": "отмечаться редко"
        },
        {
            "label": "noun",
            "weight": 5,
            "id": "повышенный утомляемость в время физический нагрузка"
        },
        {
            "label": "action",
            "weight": 5,
            "id": "антигипертензивный эффект"
        },
        {
            "label": "action",
            "weight": 5,
            "id": "сохраняться в течение длительный время"
        },
        {
            "label": "action",
            "weight": 5,
            "id": "являться"
        },
        {
            "label": "noun",
            "weight": 5,
            "id": "эффективный средство для лечение пациент с реноваскулярный артериальный гипертензия"
        },
        {
            "label": "noun",
            "weight": 5,
            "id": "а также у пациентов, находиться на гемодиализ или перенести пересадка почка"
        },
        {
            "label": "action",
            "weight": 5,
            "id": "вызывать постепенный снижение ад"
        },
        {
            "label": "action",
            "weight": 5,
            "id": "он антигипертензивный эффект сопоставимый с таковой у пациент с нормальный функция почка"
        },
        {
            "label": "action",
            "weight": 5,
            "id": "являться более эффективный"
        },
        {
            "label": "action",
            "weight": 5,
            "id": "обладать хороший переносимость"
        },
        {
            "label": "action",
            "weight": 5,
            "id": "по сравнение с блокатор «медленных» кальциевый канал (бмкк"
        },
        {
            "label": "action",
            "weight": 5,
            "id": "снижать заболеваемость и смертность среди пациент с кардиомиопатия"
        },
        {
            "label": "action",
            "weight": 5,
            "id": "оказывать противоишемический"
        },
        {
            "label": "action",
            "weight": 5,
            "id": "антиангинальный действие"
        },
        {
            "label": "action",
            "weight": 5,
            "id": "достоверно снижать"
        },
        {
            "label": "noun",
            "weight": 5,
            "id": "потребность миокард в кислород"
        },
        {
            "label": "noun",
            "weight": 5,
            "id": "активность симпатоадреналов система"
        },
        {
            "label": "action",
            "weight": 5,
            "id": "снижать показатель смертность"
        },
        {
            "label": "action",
            "weight": 5,
            "id": "уменьшать частота госпитализация"
        },
        {
            "label": "action",
            "weight": 5,
            "id": "уменьшать симптоматика"
        },
        {
            "label": "action",
            "weight": 5,
            "id": "улучшать функция левый желудочек у пациент с хсн ишемический и неишемический генез"
        },
        {
            "label": "action",
            "weight": 5,
            "id": "подвергаться пресистемный метаболизм"
        },
        {
            "label": "noun",
            "weight": 5,
            "id": "биодоступность у здоровый доброволец мужской пол составлять около 25%"
        },
        {
            "label": "noun",
            "weight": 5,
            "id": "s стереоизомер метаболизироваться быстрее, чем r стереоизомер"
        },
        {
            "label": "action",
            "weight": 5,
            "id": "являться субстрат белок-переносчик гликопротеин р"
        },
        {
            "label": "action",
            "weight": 5,
            "id": "обладать высокий липофильность"
        },
        {
            "label": "prot_link",
            "weight": 5,
            "id": "с белок плазма кровь связываться около 95%"
        },
        {
            "label": "metabol",
            "weight": 5,
            "id": "подвергаться биотрансформация в печень путём окисление и конъюгация с образование ряд метаболитов, который выводиться с жёлчь"
        },
        {
            "label": "action",
            "weight": 5,
            "id": "интенсивность почечный кровоток сохраняться"
        },
        {
            "label": "action",
            "weight": 5,
            "id": "скорость клубочковый фильтрация не изменяться"
        },
        {
            "label": "mechanism",
            "weight": 5,
            "id": "наличие у препарат β-адреноблокировать свойство"
        },
        {
            "label": "action",
            "weight": 5,
            "id": "не исключать возможность"
        },
        {
            "label": "side_e",
            "weight": 5,
            "id": "манифестация латентно протекать сахарный диабет"
        },
        {
            "label": "side_e",
            "weight": 5,
            "id": "декомпенсация уже иметься сахарный диабет"
        },
        {
            "label": "side_e",
            "weight": 5,
            "id": "угнетение контринсулярный система"
        },
        {
            "label": "side_e",
            "weight": 5,
            "id": "алопеция"
        },
        {
            "label": "side_e",
            "weight": 5,
            "id": "серьёзный кожный"
        },
        {
            "label": "side_e",
            "weight": 5,
            "id": "токсический эпидермальный некролиз"
        },
        {
            "label": "side_e",
            "weight": 5,
            "id": "синдром стивенс-джонсон"
        },
        {
            "label": "noun",
            "weight": 5,
            "id": "субстрат"
        },
        {
            "label": "noun",
            "weight": 5,
            "id": "ингибитор гликопротеин р"
        },
        {
            "label": "noun",
            "weight": 5,
            "id": "одновременный приём с препарат"
        },
        {
            "label": "noun",
            "weight": 5,
            "id": "транспортировать гликопротеин р"
        },
        {
            "label": "noun",
            "weight": 5,
            "id": "биодоступность последний"
        },
        {
            "label": "action",
            "weight": 5,
            "id": "мочь увеличиваться"
        },
        {
            "label": "action",
            "weight": 5,
            "id": "мочь меняться"
        },
        {
            "label": "noun",
            "weight": 5,
            "id": "под действие индуктор или ингибитор гликопротеин р"
        },
        {
            "label": "prepare",
            "weight": 5,
            "id": "дигоксина"
        },
        {
            "label": "action",
            "weight": 5,
            "id": "отмечаться увеличение"
        },
        {
            "label": "noun",
            "weight": 5,
            "id": "экспозиция"
        },
        {
            "label": "action",
            "weight": 5,
            "id": "не оказывать"
        },
        {
            "label": "noun",
            "weight": 5,
            "id": "влияние на фармакокинетика внутривенно вводить"
        },
        {
            "label": "prepare",
            "weight": 5,
            "id": "циклоспорин"
        },
        {
            "label": "action",
            "weight": 5,
            "id": "отмечаться повышение"
        },
        {
            "label": "noun",
            "weight": 5,
            "id": "концентрация"
        },
        {
            "label": "action",
            "weight": 5,
            "id": "увеличивать"
        },
        {
            "label": "noun",
            "weight": 5,
            "id": "в плазма кровь"
        },
        {
            "label": "action",
            "weight": 5,
            "id": "ингибирование"
        },
        {
            "label": "noun",
            "weight": 5,
            "id": "активность гликопротеин р в кишечник"
        },
        {
            "label": "group",
            "weight": 5,
            "id": "ингибитор и индуктор изофермент сyр2d6 и сyр2с9"
        },
        {
            "label": "action",
            "weight": 5,
            "id": "мочь стереоселективный изменять"
        },
        {
            "label": "noun",
            "weight": 5,
            "id": "системный и/ить пресистемный метаболизм"
        },
        {
            "label": "action",
            "weight": 5,
            "id": "приводить к увеличение или снижение"
        },
        {
            "label": "noun",
            "weight": 5,
            "id": "концентрация r и s стереоизомер"
        },
        {
            "label": "action",
            "weight": 5,
            "id": "снижаться"
        },
        {
            "label": "prepare",
            "weight": 5,
            "id": "рифампицин"
        },
        {
            "label": "mechanism",
            "weight": 5,
            "id": "индукция гликопротеин р"
        },
        {
            "label": "recomendation",
            "weight": 5,
            "id": "рекомендоваться тщательный наблюдение за β-адреноблокировать активность"
        },
        {
            "label": "prepare",
            "weight": 5,
            "id": "амиодарон"
        },
        {
            "label": "action",
            "weight": 5,
            "id": "ингибировать"
        },
        {
            "label": "prepare",
            "weight": 5,
            "id": "дезэтиламиодарон"
        },
        {
            "label": "noun",
            "weight": 5,
            "id": "окисление r и s стереоизомер"
        },
        {
            "label": "prepare",
            "weight": 5,
            "id": "флуоксетина"
        },
        {
            "label": "group",
            "weight": 5,
            "id": "ингибитор изофермент cyp2d6"
        },
        {
            "label": "action",
            "weight": 5,
            "id": "приводить к стереоселективный подавление"
        },
        {
            "label": "noun",
            "weight": 5,
            "id": "метаболизм"
        },
        {
            "label": "action",
            "weight": 5,
            "id": "к повышение среднее показатель auc для r(+) на 77% и к нестатический повышение среднее показатель auc для s(-) на 35%"
        },
        {
            "label": "prepare",
            "weight": 5,
            "id": "флуоксетин"
        },
        {
            "label": "prepare",
            "weight": 5,
            "id": "пароксетин в"
        },
        {
            "label": "prepare",
            "weight": 5,
            "id": "пароксетина"
        },
        {
            "label": "group",
            "weight": 5,
            "id": "мощный ингибитор изофермент cyp2d6"
        },
        {
            "label": "action",
            "weight": 5,
            "id": "значительный уменьшение экспозиция r и s стереоизомер"
        },
        {
            "label": "noun",
            "weight": 5,
            "id": "клинический значение оно не иметь"
        },
        {
            "label": "group",
            "weight": 5,
            "id": "препарат с β-адреноблокируть свойство"
        },
        {
            "label": "action",
            "weight": 5,
            "id": "усиливать"
        },
        {
            "label": "noun",
            "weight": 5,
            "id": "гипогликемический действие"
        },
        {
            "label": "prepare",
            "weight": 5,
            "id": "инсулин"
        },
        {
            "label": "group",
            "weight": 5,
            "id": "гипогликемический средство"
        },
        {
            "label": "side_e",
            "weight": 5,
            "id": "гипогликемия"
        },
        {
            "label": "side_e",
            "weight": 5,
            "id": "тахикардия"
        },
        {
            "label": "group",
            "weight": 5,
            "id": "средство с β-адреноблокируть свойство"
        },
        {
            "label": "side_e",
            "weight": 5,
            "id": "артериальный гипотензия"
        },
        {
            "label": "side_e",
            "weight": 5,
            "id": "выраженный брадикардия"
        },
        {
            "label": "group",
            "weight": 5,
            "id": "средства, снижать концентрация катехоламин"
        },
        {
            "label": "prepare",
            "weight": 5,
            "id": "резерпин"
        },
        {
            "label": "group",
            "weight": 5,
            "id": "ингибитор моноаминоксидаза"
        },
        {
            "label": "side_e",
            "weight": 5,
            "id": "замедление атриовентрикулярный проводимость"
        },
        {
            "label": "group",
            "weight": 5,
            "id": "недигидропиридиновый блокатор «медленных» кальциевый канал (нбмкк"
        },
        {
            "label": "group",
            "weight": 5,
            "id": "антиаритмический средство"
        },
        {
            "label": "noun",
            "weight": 5,
            "id": "мочь повысить"
        },
        {
            "label": "side_e",
            "weight": 5,
            "id": "нарушение атриовентрикулярный проводимость"
        },
        {
            "label": "prepare",
            "weight": 5,
            "id": "дилтиазем"
        },
        {
            "label": "action",
            "weight": 5,
            "id": "отмечаться отдельный случай"
        },
        {
            "label": "side_e",
            "weight": 5,
            "id": "нарушение проводимость"
        },
        {
            "label": "side_e",
            "weight": 5,
            "id": "с нарушение показатель гемодинамика"
        },
        {
            "label": "group",
            "weight": 5,
            "id": "нбмкк"
        },
        {
            "label": "prepare",
            "weight": 5,
            "id": "верапамил"
        },
        {
            "label": "group",
            "weight": 5,
            "id": "антиаритмический препарат"
        },
        {
            "label": "prepare",
            "weight": 5,
            "id": "клонидина"
        },
        {
            "label": "side_e",
            "weight": 5,
            "id": "потенцировать антигипертензивный и брадикардический эффект"
        },
        {
            "label": "prepare",
            "weight": 5,
            "id": "клонидин"
        },
        {
            "label": "group",
            "weight": 5,
            "id": "β-адреноблокатор"
        },
        {
            "label": "group",
            "weight": 5,
            "id": "гипотензивный средство"
        },
        {
            "label": "group",
            "weight": 5,
            "id": "препаратов, который вызывать артериальный гипотензия"
        },
        {
            "label": "group",
            "weight": 5,
            "id": "α 1 -адреноблокатор"
        },
        {
            "label": "side_e",
            "weight": 5,
            "id": "синергичный отрицательный инотропный действие"
        },
        {
            "label": "group",
            "weight": 5,
            "id": "средство для общий анестезия"
        },
        {
            "label": "group",
            "weight": 5,
            "id": "нпвп"
        },
        {
            "label": "side_e",
            "weight": 5,
            "id": "повышение ад"
        },
        {
            "label": "side_e",
            "weight": 5,
            "id": "ухудшение контроль за ад"
        },
        {
            "label": "group",
            "weight": 5,
            "id": "некардиоселективный β-адреноблокатор"
        },
        {
            "label": "group",
            "weight": 5,
            "id": "бронходилататоров, являться стимулятор β-адренорецептор"
        },
        {
            "label": "action",
            "weight": 5,
            "id": "препятствовать бронхолитируть эффект"
        }
    ],
    "links": [
        {
            "source": "карведилол",
            "target": "блокатор α 1 -, β 1-и β 2 -адренорецептор"
        },
        {
            "source": "карведилол",
            "target": "обладать одинаковый α-адреноблокируть свойство"
        },
        {
            "source": "карведилол",
            "target": "β-адреноблокировать действие"
        },
        {
            "source": "карведилол",
            "target": "сочетание вазодилатация"
        },
        {
            "source": "карведилол",
            "target": "блокада β-адренорецептор"
        },
        {
            "source": "карведилол",
            "target": "сочетать блокада βи α 1 -адренорецептор"
        },
        {
            "source": "карведилол",
            "target": "не изменять ударный объём кровь"
        },
        {
            "source": "карведилол",
            "target": "уменьшать опсс"
        },
        {
            "source": "карведилол",
            "target": "не нарушать кровоснабжение орган и периферический кровоток, в тот число в скелетный мускулатуре, предплечьях, нижний конечностях, кожный покров головной мозг и сонный артерия"
        },
        {
            "source": "карведилол",
            "target": "антигипертензивный эффект"
        },
        {
            "source": "карведилол",
            "target": "являться"
        },
        {
            "source": "карведилол",
            "target": "вызывать постепенный снижение ад"
        },
        {
            "source": "карведилол",
            "target": "он антигипертензивный эффект сопоставимый с таковой у пациент с нормальный функция почка"
        },
        {
            "source": "карведилол",
            "target": "являться более эффективный"
        },
        {
            "source": "карведилол",
            "target": "обладать хороший переносимость"
        },
        {
            "source": "карведилол",
            "target": "снижать заболеваемость и смертность среди пациент с кардиомиопатия"
        },
        {
            "source": "карведилол",
            "target": "оказывать противоишемический"
        },
        {
            "source": "карведилол",
            "target": "антиангинальный действие"
        },
        {
            "source": "карведилол",
            "target": "достоверно снижать"
        },
        {
            "source": "карведилол",
            "target": "снижать показатель смертность"
        },
        {
            "source": "карведилол",
            "target": "уменьшать частота госпитализация"
        },
        {
            "source": "карведилол",
            "target": "уменьшать симптоматика"
        },
        {
            "source": "карведилол",
            "target": "улучшать функция левый желудочек у пациент с хсн ишемический и неишемический генез"
        },
        {
            "source": "карведилол",
            "target": "подвергаться пресистемный метаболизм"
        },
        {
            "source": "карведилол",
            "target": "s стереоизомер метаболизироваться быстрее, чем r стереоизомер"
        },
        {
            "source": "карведилол",
            "target": "являться субстрат белок-переносчик гликопротеин р"
        },
        {
            "source": "карведилол",
            "target": "обладать высокий липофильность"
        },
        {
            "source": "карведилол",
            "target": "с белок плазма кровь связываться около 95%"
        },
        {
            "source": "карведилол",
            "target": "подвергаться биотрансформация в печень путём окисление и конъюгация с образование ряд метаболитов, который выводиться с жёлчь"
        },
        {
            "source": "карведилол",
            "target": "интенсивность почечный кровоток сохраняться"
        },
        {
            "source": "карведилол",
            "target": "скорость клубочковый фильтрация не изменяться"
        },
        {
            "source": "карведилол",
            "target": "наличие у препарат β-адреноблокировать свойство"
        },
        {
            "source": "карведилол",
            "target": "субстрат"
        },
        {
            "source": "карведилол",
            "target": "ингибитор гликопротеин р"
        },
        {
            "source": "карведилол",
            "target": "одновременный приём с препарат"
        },
        {
            "source": "карведилол",
            "target": "мочь меняться"
        },
        {
            "source": "карведилол",
            "target": "не оказывать"
        },
        {
            "source": "карведилол",
            "target": "циклоспорин"
        },
        {
            "source": "карведилол",
            "target": "увеличивать"
        },
        {
            "source": "карведилол",
            "target": "ингибирование"
        },
        {
            "source": "карведилол",
            "target": "приводить к увеличение или снижение"
        },
        {
            "source": "карведилол",
            "target": "экспозиция"
        },
        {
            "source": "карведилол",
            "target": "рекомендоваться тщательный наблюдение за β-адреноблокировать активность"
        },
        {
            "source": "карведилол",
            "target": "рифампицин"
        },
        {
            "source": "карведилол",
            "target": "амиодарон"
        },
        {
            "source": "карведилол",
            "target": "клинический значение оно не иметь"
        },
        {
            "source": "карведилол",
            "target": "мочь повысить"
        },
        {
            "source": "карведилол",
            "target": "дилтиазем"
        },
        {
            "source": "карведилол",
            "target": "синергичный отрицательный инотропный действие"
        },
        {
            "source": "блокатор α 1 -, β 1-и β 2 -адренорецептор",
            "target": "оказывать вазодилатировать"
        },
        {
            "source": "блокатор α 1 -, β 1-и β 2 -адренорецептор",
            "target": "антиангинальный"
        },
        {
            "source": "блокатор α 1 -, β 1-и β 2 -адренорецептор",
            "target": "антиаритмический действие"
        },
        {
            "source": "неселективный характер",
            "target": "β-адреноблокировать действие"
        },
        {
            "source": "с блокада α 1 -адренорецептор",
            "target": "вазодилатировать эффект"
        },
        {
            "source": "вазодилатация",
            "target": "снижать общий периферический сосудистый сопротивление (опсс"
        },
        {
            "source": "сочетание вазодилатация",
            "target": "блокада β-адренорецептор"
        },
        {
            "source": "блокада β-адренорецептор",
            "target": "уменьшать резистентность почечный сосуд"
        },
        {
            "source": "блокада β-адренорецептор",
            "target": "не происходить существенный изменение скорость клубочковый фильтрации, почечный плазмоток или экскреция электролит"
        },
        {
            "source": "частота сердечный сокращение (чсс",
            "target": "снижаться незначительно"
        },
        {
            "source": "сочетать блокада βи α 1 -адренорецептор",
            "target": "снижать артериальный давление (ад"
        },
        {
            "source": "снижение ад",
            "target": "не сопровождаться одновременный увеличение опсс"
        },
        {
            "source": "почечный кровоток",
            "target": "сохраняться"
        },
        {
            "source": "функция почка",
            "target": "сохраняться"
        },
        {
            "source": "похолодание конечность",
            "target": "отмечаться редко"
        },
        {
            "source": "повышенный утомляемость в время физический нагрузка",
            "target": "отмечаться редко"
        },
        {
            "source": "антигипертензивный эффект",
            "target": "сохраняться в течение длительный время"
        },
        {
            "source": "являться",
            "target": "эффективный средство для лечение пациент с реноваскулярный артериальный гипертензия"
        },
        {
            "source": "эффективный средство для лечение пациент с реноваскулярный артериальный гипертензия",
            "target": "а также у пациентов, находиться на гемодиализ или перенести пересадка почка"
        },
        {
            "source": "обладать хороший переносимость",
            "target": "по сравнение с блокатор «медленных» кальциевый канал (бмкк"
        },
        {
            "source": "достоверно снижать",
            "target": "потребность миокард в кислород"
        },
        {
            "source": "достоверно снижать",
            "target": "активность симпатоадреналов система"
        },
        {
            "source": "подвергаться пресистемный метаболизм",
            "target": "биодоступность у здоровый доброволец мужской пол составлять около 25%"
        },
        {
            "source": "наличие у препарат β-адреноблокировать свойство",
            "target": "не исключать возможность"
        },
        {
            "source": "не исключать возможность",
            "target": "манифестация латентно протекать сахарный диабет"
        },
        {
            "source": "не исключать возможность",
            "target": "декомпенсация уже иметься сахарный диабет"
        },
        {
            "source": "не исключать возможность",
            "target": "угнетение контринсулярный система"
        },
        {
            "source": "не исключать возможность",
            "target": "алопеция"
        },
        {
            "source": "не исключать возможность",
            "target": "серьёзный кожный"
        },
        {
            "source": "серьёзный кожный",
            "target": "токсический эпидермальный некролиз"
        },
        {
            "source": "серьёзный кожный",
            "target": "синдром стивенс-джонсон"
        },
        {
            "source": "одновременный приём с препарат",
            "target": "транспортировать гликопротеин р"
        },
        {
            "source": "транспортировать гликопротеин р",
            "target": "биодоступность последний"
        },
        {
            "source": "биодоступность последний",
            "target": "мочь увеличиваться"
        },
        {
            "source": "мочь меняться",
            "target": "под действие индуктор или ингибитор гликопротеин р"
        },
        {
            "source": "дигоксина",
            "target": "отмечаться увеличение"
        },
        {
            "source": "дигоксина",
            "target": "замедление атриовентрикулярный проводимость"
        },
        {
            "source": "отмечаться увеличение",
            "target": "экспозиция"
        },
        {
            "source": "экспозиция",
            "target": "снижаться"
        },
        {
            "source": "не оказывать",
            "target": "влияние на фармакокинетика внутривенно вводить"
        },
        {
            "source": "влияние на фармакокинетика внутривенно вводить",
            "target": "дигоксина"
        },
        {
            "source": "циклоспорин",
            "target": "отмечаться повышение"
        },
        {
            "source": "циклоспорин",
            "target": "в плазма кровь"
        },
        {
            "source": "отмечаться повышение",
            "target": "концентрация"
        },
        {
            "source": "концентрация",
            "target": "циклоспорин"
        },
        {
            "source": "увеличивать",
            "target": "циклоспорин"
        },
        {
            "source": "ингибирование",
            "target": "активность гликопротеин р в кишечник"
        },
        {
            "source": "ингибитор и индуктор изофермент сyр2d6 и сyр2с9",
            "target": "мочь стереоселективный изменять"
        },
        {
            "source": "мочь стереоселективный изменять",
            "target": "системный и/ить пресистемный метаболизм"
        },
        {
            "source": "системный и/ить пресистемный метаболизм",
            "target": "карведилол"
        },
        {
            "source": "приводить к увеличение или снижение",
            "target": "концентрация r и s стереоизомер"
        },
        {
            "source": "концентрация r и s стереоизомер",
            "target": "карведилол"
        },
        {
            "source": "рифампицин",
            "target": "экспозиция"
        },
        {
            "source": "индукция гликопротеин р",
            "target": "рифампицин"
        },
        {
            "source": "амиодарон",
            "target": "ингибировать"
        },
        {
            "source": "амиодарон",
            "target": "карведилол"
        },
        {
            "source": "ингибировать",
            "target": "окисление r и s стереоизомер"
        },
        {
            "source": "дезэтиламиодарон",
            "target": "ингибировать"
        },
        {
            "source": "окисление r и s стереоизомер",
            "target": "карведилол"
        },
        {
            "source": "флуоксетина",
            "target": "ингибитор изофермент cyp2d6"
        },
        {
            "source": "флуоксетина",
            "target": "приводить к стереоселективный подавление"
        },
        {
            "source": "приводить к стереоселективный подавление",
            "target": "метаболизм"
        },
        {
            "source": "приводить к стереоселективный подавление",
            "target": "к повышение среднее показатель auc для r(+) на 77% и к нестатический повышение среднее показатель auc для s(-) на 35%"
        },
        {
            "source": "метаболизм",
            "target": "карведилол"
        },
        {
            "source": "флуоксетин",
            "target": "пароксетин в"
        },
        {
            "source": "пароксетина",
            "target": "мощный ингибитор изофермент cyp2d6"
        },
        {
            "source": "значительный уменьшение экспозиция r и s стереоизомер",
            "target": "карведилол"
        },
        {
            "source": "препарат с β-адреноблокируть свойство",
            "target": "усиливать"
        },
        {
            "source": "препарат с β-адреноблокируть свойство",
            "target": "потенцировать антигипертензивный и брадикардический эффект"
        },
        {
            "source": "препарат с β-адреноблокируть свойство",
            "target": "клонидин"
        },
        {
            "source": "усиливать",
            "target": "гипогликемический действие"
        },
        {
            "source": "гипогликемический действие",
            "target": "инсулин"
        },
        {
            "source": "гипогликемический действие",
            "target": "гипогликемический средство"
        },
        {
            "source": "инсулин",
            "target": "гипогликемический средство"
        },
        {
            "source": "гипогликемия",
            "target": "тахикардия"
        },
        {
            "source": "средство с β-адреноблокируть свойство",
            "target": "артериальный гипотензия"
        },
        {
            "source": "средство с β-адреноблокируть свойство",
            "target": "выраженный брадикардия"
        },
        {
            "source": "средство с β-адреноблокируть свойство",
            "target": "дигоксина"
        },
        {
            "source": "артериальный гипотензия",
            "target": "выраженный брадикардия"
        },
        {
            "source": "средства, снижать концентрация катехоламин",
            "target": "резерпин"
        },
        {
            "source": "средства, снижать концентрация катехоламин",
            "target": "ингибитор моноаминоксидаза"
        },
        {
            "source": "недигидропиридиновый блокатор «медленных» кальциевый канал (нбмкк",
            "target": "карведилол"
        },
        {
            "source": "антиаритмический средство",
            "target": "карведилол"
        },
        {
            "source": "мочь повысить",
            "target": "нарушение атриовентрикулярный проводимость"
        },
        {
            "source": "дилтиазем",
            "target": "отмечаться отдельный случай"
        },
        {
            "source": "отмечаться отдельный случай",
            "target": "нарушение проводимость"
        },
        {
            "source": "нарушение проводимость",
            "target": "с нарушение показатель гемодинамика"
        },
        {
            "source": "нбмкк",
            "target": "верапамил"
        },
        {
            "source": "нбмкк",
            "target": "дилтиазем"
        },
        {
            "source": "нбмкк",
            "target": "амиодарон"
        },
        {
            "source": "антиаритмический препарат",
            "target": "нбмкк"
        },
        {
            "source": "клонидина",
            "target": "препарат с β-адреноблокируть свойство"
        },
        {
            "source": "β-адреноблокатор",
            "target": "клонидина"
        },
        {
            "source": "β-адреноблокатор",
            "target": "повышение ад"
        },
        {
            "source": "β-адреноблокатор",
            "target": "ухудшение контроль за ад"
        },
        {
            "source": "гипотензивный средство",
            "target": "препаратов, который вызывать артериальный гипотензия"
        },
        {
            "source": "α 1 -адреноблокатор",
            "target": "препаратов, который вызывать артериальный гипотензия"
        },
        {
            "source": "средство для общий анестезия",
            "target": "синергичный отрицательный инотропный действие"
        },
        {
            "source": "средство для общий анестезия",
            "target": "карведилол"
        },
        {
            "source": "нпвп",
            "target": "β-адреноблокатор"
        },
        {
            "source": "некардиоселективный β-адреноблокатор",
            "target": "бронходилататоров, являться стимулятор β-адренорецептор"
        },
        {
            "source": "некардиоселективный β-адреноблокатор",
            "target": "препятствовать бронхолитируть эффект"
        },
        {
            "source": "препятствовать бронхолитируть эффект",
            "target": "бронходилататоров, являться стимулятор β-адренорецептор"
        }
    ]
}