{
    "directed": true,
    "multigraph": false,
    "graph": {},
    "nodes": [
        {
            "label": "group",
            "weight": 5,
            "id": "средства, действовать на ренин-ангиотензиновый система"
        },
        {
            "label": "group",
            "weight": 5,
            "id": "ингибитор ангиотензинпревращать фермент (апф"
        },
        {
            "label": "group",
            "weight": 5,
            "id": "ингибитор апф"
        },
        {
            "label": "mechanism",
            "weight": 5,
            "id": "уменьшать образование ангиотензин ii из ангиотензин i"
        },
        {
            "label": "mechanism",
            "weight": 5,
            "id": "снижение содержание ангиотензин ii вести к прямой уменьшение выделение альдостерон"
        },
        {
            "label": "action",
            "weight": 5,
            "id": "удлинять продолжительность жизнь у пациент"
        },
        {
            "label": "illness",
            "weight": 5,
            "id": "хсн"
        },
        {
            "label": "prepare",
            "weight": 5,
            "id": "лизиноприть"
        },
        {
            "label": "absorbtion",
            "weight": 5,
            "id": "всасываться из желудочно-кишечный тракт (жкт) в среднее на 25%, но абсорбция мочь варьировать от 6 до 60%"
        },
        {
            "label": "distribution",
            "weight": 5,
            "id": "незначительно связываться с белок плазма кровь"
        },
        {
            "label": "metabol",
            "weight": 5,
            "id": "не биотрансформироваться в организм"
        },
        {
            "label": "illness",
            "weight": 5,
            "id": "острый инфаркт миокард"
        },
        {
            "label": "illness",
            "weight": 5,
            "id": "дисфункция левый желудочек"
        },
        {
            "label": "illness",
            "weight": 5,
            "id": "сердечный недостаточность"
        },
        {
            "label": "illness",
            "weight": 5,
            "id": "диабетический нефропатия"
        },
        {
            "label": "illness",
            "weight": 5,
            "id": "сахарный диабет 1 тип"
        },
        {
            "label": "illness",
            "weight": 5,
            "id": "сахарный диабет 2"
        },
        {
            "label": "illness",
            "weight": 5,
            "id": "артериальный гипертензия"
        },
        {
            "label": "noun",
            "weight": 5,
            "id": "одновременный терапия"
        },
        {
            "label": "group",
            "weight": 5,
            "id": "антагонист рецептор ангиотензин ii (ар ii"
        },
        {
            "label": "side_e",
            "weight": 5,
            "id": "артериальный гипотензия"
        },
        {
            "label": "side_e",
            "weight": 5,
            "id": "обморок"
        },
        {
            "label": "side_e",
            "weight": 5,
            "id": "гиперкалиемия"
        },
        {
            "label": "side_e",
            "weight": 5,
            "id": "ухудшение функция почка"
        },
        {
            "label": "side_e",
            "weight": 5,
            "id": "острый почечный недостаточность"
        },
        {
            "label": "noun",
            "weight": 5,
            "id": "двойной блокада"
        },
        {
            "label": "group",
            "weight": 5,
            "id": "при сочетание ингибитор апф с ара ii"
        },
        {
            "label": "recomendation",
            "weight": 5,
            "id": "должный быть ограничить отдельный случай"
        },
        {
            "label": "recomendation",
            "weight": 5,
            "id": "с тщательный мониторинг"
        },
        {
            "label": "noun",
            "weight": 5,
            "id": "функция почка"
        },
        {
            "label": "noun",
            "weight": 5,
            "id": "содержание калий"
        },
        {
            "label": "noun",
            "weight": 5,
            "id": "регулярный контроль ад"
        },
        {
            "label": "noun",
            "weight": 5,
            "id": "одновременный применение"
        },
        {
            "label": "group",
            "weight": 5,
            "id": "лекарственный средствами, содержать алискирена"
        },
        {
            "label": "banned",
            "weight": 5,
            "id": "противопоказанный"
        },
        {
            "label": "illness",
            "weight": 5,
            "id": "у пациент с сахарный диабет"
        },
        {
            "label": "illness",
            "weight": 5,
            "id": "и/ить с умеренный или тяжёлый почечный недостаточность (скф менее 60 мл/мин/1,73 м 2 площадь поверхность тело"
        },
        {
            "label": "banned",
            "weight": 5,
            "id": "противопоказанный у пациент с диабетический нефропатия"
        },
        {
            "label": "recomendation",
            "weight": 5,
            "id": "не рекомендоваться у другой пациент"
        },
        {
            "label": "noun",
            "weight": 5,
            "id": "при одновременный применение"
        },
        {
            "label": "group",
            "weight": 5,
            "id": "с калийсберегающий диуретик"
        },
        {
            "label": "prepare",
            "weight": 5,
            "id": "спиронолактон"
        },
        {
            "label": "prepare",
            "weight": 5,
            "id": "триамтерен"
        },
        {
            "label": "prepare",
            "weight": 5,
            "id": "амилорида"
        },
        {
            "label": "prepare",
            "weight": 5,
            "id": "эплеренон"
        },
        {
            "label": "group",
            "weight": 5,
            "id": "препарат калий"
        },
        {
            "label": "group",
            "weight": 5,
            "id": "калийсодержать заменитель пищевой поваренный соль"
        },
        {
            "label": "side_e",
            "weight": 5,
            "id": "другой лекарственный препаратами, способный увеличивать содержание калий"
        },
        {
            "label": "group",
            "weight": 5,
            "id": "антагонист рецептор к ангиотензин ii"
        },
        {
            "label": "prepare",
            "weight": 5,
            "id": "гепарин"
        },
        {
            "label": "prepare",
            "weight": 5,
            "id": "такролимус"
        },
        {
            "label": "prepare",
            "weight": 5,
            "id": "циклоспорин"
        },
        {
            "label": "group",
            "weight": 5,
            "id": "препараты, содержать ко-тримоксазол"
        },
        {
            "label": "prepare",
            "weight": 5,
            "id": "триметоприма + сульфаметоксазол"
        },
        {
            "label": "condition",
            "weight": 5,
            "id": "у пожилой пациент и пациент"
        },
        {
            "label": "condition",
            "weight": 5,
            "id": "с нарушение функция почка"
        },
        {
            "label": "noun",
            "weight": 5,
            "id": "одновременный приём"
        },
        {
            "label": "prepare",
            "weight": 5,
            "id": "сульфаметоксазолом/триметоприм"
        },
        {
            "label": "action",
            "weight": 5,
            "id": "быть вызвать"
        },
        {
            "label": "prepare",
            "weight": 5,
            "id": "триметоприм"
        },
        {
            "label": "recomendation",
            "weight": 5,
            "id": "следовать применять с осторожность с препаратами, содержать триметоприма"
        },
        {
            "label": "recomendation",
            "weight": 5,
            "id": "регулярно контролировать содержание калий"
        },
        {
            "label": "group",
            "weight": 5,
            "id": "калийнесберегать диуретик"
        },
        {
            "label": "side_e",
            "weight": 5,
            "id": "гипокалиемия"
        },
        {
            "label": "group",
            "weight": 5,
            "id": "вазодилататор"
        },
        {
            "label": "group",
            "weight": 5,
            "id": "бета-адреноблокатор"
        },
        {
            "label": "group",
            "weight": 5,
            "id": "блокатор «медленных» кальциевый канал"
        },
        {
            "label": "group",
            "weight": 5,
            "id": "диуретик"
        },
        {
            "label": "group",
            "weight": 5,
            "id": "другой гипотензивный лекарственный средство"
        },
        {
            "label": "group",
            "weight": 5,
            "id": "препарат литий"
        },
        {
            "label": "action",
            "weight": 5,
            "id": "выведение литий из организм замедляться"
        },
        {
            "label": "side_e",
            "weight": 5,
            "id": "кардиотоксический и нейротоксический действие"
        },
        {
            "label": "banned",
            "weight": 5,
            "id": "не рекомендоваться"
        },
        {
            "label": "group",
            "weight": 5,
            "id": "нестероидный противовоспалительный препарат (нпвп"
        },
        {
            "label": "group",
            "weight": 5,
            "id": "селективный ингибитор циклооксигеназы-2 (цог-2"
        },
        {
            "label": "group",
            "weight": 5,
            "id": "ацетилсалициловый кислота (≥3 г/сутки"
        },
        {
            "label": "group",
            "weight": 5,
            "id": "нестероидный противовоспалительный препарат"
        },
        {
            "label": "group",
            "weight": 5,
            "id": "селективный ингибитор цог-2"
        },
        {
            "label": "prepare",
            "weight": 5,
            "id": "ацетилсалициловый кислота"
        },
        {
            "label": "action",
            "weight": 5,
            "id": "снижать антигипертензивный эффект"
        },
        {
            "label": "condition",
            "weight": 5,
            "id": "получать терапия нпвп"
        },
        {
            "label": "condition",
            "weight": 5,
            "id": "у пожилой пациент или пациент с обезвоживанием, в тот число принимать диуретик"
        },
        {
            "label": "group",
            "weight": 5,
            "id": "дальнейший ухудшение функция почка"
        },
        {
            "label": "group",
            "weight": 5,
            "id": "нпвп"
        },
        {
            "label": "recomendation",
            "weight": 5,
            "id": "должный проводиться с осторожность (особенно у пожилой пациент и у пациент с нарушить функция почка"
        },
        {
            "label": "noun",
            "weight": 5,
            "id": "в комбинация"
        },
        {
            "label": "condition",
            "weight": 5,
            "id": "в качество антиагрегантный средство"
        },
        {
            "label": "prepare",
            "weight": 5,
            "id": "инсулин"
        },
        {
            "label": "group",
            "weight": 5,
            "id": "пероральный гипогликемический средство"
        },
        {
            "label": "side_e",
            "weight": 5,
            "id": "гипогликемия"
        },
        {
            "label": "action",
            "weight": 5,
            "id": "усиление антигипертензивный действие"
        },
        {
            "label": "group",
            "weight": 5,
            "id": "трициклический антидепрессант"
        },
        {
            "label": "group",
            "weight": 5,
            "id": "нейролептик"
        },
        {
            "label": "group",
            "weight": 5,
            "id": "средство для общий анестезия"
        },
        {
            "label": "group",
            "weight": 5,
            "id": "барбитурат миорелаксант"
        },
        {
            "label": "group",
            "weight": 5,
            "id": "альфай бета-адреномиметик"
        },
        {
            "label": "prepare",
            "weight": 5,
            "id": "эпинефрина"
        },
        {
            "label": "prepare",
            "weight": 5,
            "id": "адреналин"
        },
        {
            "label": "prepare",
            "weight": 5,
            "id": "изопротеренол"
        },
        {
            "label": "prepare",
            "weight": 5,
            "id": "допамин"
        },
        {
            "label": "action",
            "weight": 5,
            "id": "мочь снижать антигипертензивный эффект"
        },
        {
            "label": "prepare",
            "weight": 5,
            "id": "баклофен"
        },
        {
            "label": "action",
            "weight": 5,
            "id": "усиливать антигипертензивный эффект"
        },
        {
            "label": "prepare",
            "weight": 5,
            "id": "этанол"
        },
        {
            "label": "group",
            "weight": 5,
            "id": "эстроген"
        },
        {
            "label": "action",
            "weight": 5,
            "id": "ослаблять антигипертензивный эффект"
        },
        {
            "label": "mechanism",
            "weight": 5,
            "id": "вследствие задержка жидкость"
        },
        {
            "label": "group",
            "weight": 5,
            "id": "иммунодепрессант"
        },
        {
            "label": "prepare",
            "weight": 5,
            "id": "аллопуринол"
        },
        {
            "label": "prepare",
            "weight": 5,
            "id": "прокаинамид"
        },
        {
            "label": "group",
            "weight": 5,
            "id": "глюкокортикостероид"
        },
        {
            "label": "noun",
            "weight": 5,
            "id": "при системный применение"
        },
        {
            "label": "noun",
            "weight": 5,
            "id": "совместный применение"
        },
        {
            "label": "prepare",
            "weight": 5,
            "id": "цитостатик"
        },
        {
            "label": "action",
            "weight": 5,
            "id": "увеличивать риск развитие"
        },
        {
            "label": "side_e",
            "weight": 5,
            "id": "нейтропение"
        },
        {
            "label": "side_e",
            "weight": 5,
            "id": "агранулоцитоз"
        },
        {
            "label": "group",
            "weight": 5,
            "id": "препарат золото"
        },
        {
            "label": "prepare",
            "weight": 5,
            "id": "натрий ауротиомалат"
        },
        {
            "label": "side_e",
            "weight": 5,
            "id": "гиперемия лицо"
        },
        {
            "label": "side_e",
            "weight": 5,
            "id": "тошнота"
        },
        {
            "label": "side_e",
            "weight": 5,
            "id": "рвота"
        },
        {
            "label": "side_e",
            "weight": 5,
            "id": "снижение ад"
        },
        {
            "label": "group",
            "weight": 5,
            "id": "селективный ингибитор обратный захват серотонин"
        },
        {
            "label": "side_e",
            "weight": 5,
            "id": "гипонатриемия"
        },
        {
            "label": "group",
            "weight": 5,
            "id": "ингибитор mtor"
        },
        {
            "label": "prepare",
            "weight": 5,
            "id": "темсиpолимус"
        },
        {
            "label": "prepare",
            "weight": 5,
            "id": "сиролимус"
        },
        {
            "label": "prepare",
            "weight": 5,
            "id": "эверолимус"
        },
        {
            "label": "prepare",
            "weight": 5,
            "id": "темсиролимус"
        },
        {
            "label": "noun",
            "weight": 5,
            "id": "одновременно"
        },
        {
            "label": "side_e",
            "weight": 5,
            "id": "ангионевротический отёк"
        },
        {
            "label": "group",
            "weight": 5,
            "id": "ингибитор дипептидилпептидаза iv тип (дпп-iv) (глиптина"
        },
        {
            "label": "prepare",
            "weight": 5,
            "id": "ситаглиптина"
        },
        {
            "label": "prepare",
            "weight": 5,
            "id": "саксаглиптина"
        },
        {
            "label": "prepare",
            "weight": 5,
            "id": "вилдаглиптина"
        },
        {
            "label": "prepare",
            "weight": 5,
            "id": "линаглиптина"
        },
        {
            "label": "group",
            "weight": 5,
            "id": "иингибитор дипептидилпептидаза iv тип (глиптина"
        },
        {
            "label": "prepare",
            "weight": 5,
            "id": "эстрамустин"
        },
        {
            "label": "prepare",
            "weight": 5,
            "id": "рацекадотрить"
        },
        {
            "label": "group",
            "weight": 5,
            "id": "ингибитор энкефалиназа"
        },
        {
            "label": "prepare",
            "weight": 5,
            "id": "сакубитрил"
        },
        {
            "label": "group",
            "weight": 5,
            "id": "ингибитор неприлизин"
        },
        {
            "label": "recomendation",
            "weight": 5,
            "id": "следовать назначать не ранее, чем через 36 час после отмена препаратов, содержать"
        },
        {
            "label": "prepare",
            "weight": 5,
            "id": "алтеплаз"
        },
        {
            "label": "group",
            "weight": 5,
            "id": "антацида"
        },
        {
            "label": "prepare",
            "weight": 5,
            "id": "колестирамин"
        },
        {
            "label": "action",
            "weight": 5,
            "id": "снижать всасывание"
        }
    ],
    "links": [
        {
            "source": "средства, действовать на ренин-ангиотензиновый система",
            "target": "ингибитор ангиотензинпревращать фермент (апф"
        },
        {
            "source": "ингибитор апф",
            "target": "уменьшать образование ангиотензин ii из ангиотензин i"
        },
        {
            "source": "ингибитор апф",
            "target": "удлинять продолжительность жизнь у пациент"
        },
        {
            "source": "ингибитор апф",
            "target": "антагонист рецептор ангиотензин ii (ар ii"
        },
        {
            "source": "ингибитор апф",
            "target": "лекарственный средствами, содержать алискирена"
        },
        {
            "source": "ингибитор апф",
            "target": "баклофен"
        },
        {
            "source": "ингибитор апф",
            "target": "совместный применение"
        },
        {
            "source": "ингибитор апф",
            "target": "темсиролимус"
        },
        {
            "source": "ингибитор апф",
            "target": "сиролимус"
        },
        {
            "source": "ингибитор апф",
            "target": "эверолимус"
        },
        {
            "source": "ингибитор апф",
            "target": "одновременно"
        },
        {
            "source": "ингибитор апф",
            "target": "одновременный применение"
        },
        {
            "source": "ингибитор апф",
            "target": "следовать назначать не ранее, чем через 36 час после отмена препаратов, содержать"
        },
        {
            "source": "ингибитор апф",
            "target": "сакубитрил"
        },
        {
            "source": "ингибитор апф",
            "target": "ангионевротический отёк"
        },
        {
            "source": "уменьшать образование ангиотензин ii из ангиотензин i",
            "target": "снижение содержание ангиотензин ii вести к прямой уменьшение выделение альдостерон"
        },
        {
            "source": "удлинять продолжительность жизнь у пациент",
            "target": "хсн"
        },
        {
            "source": "лизиноприть",
            "target": "всасываться из желудочно-кишечный тракт (жкт) в среднее на 25%, но абсорбция мочь варьировать от 6 до 60%"
        },
        {
            "source": "лизиноприть",
            "target": "незначительно связываться с белок плазма кровь"
        },
        {
            "source": "лизиноприть",
            "target": "не биотрансформироваться в организм"
        },
        {
            "source": "лизиноприть",
            "target": "с калийсберегающий диуретик"
        },
        {
            "source": "лизиноприть",
            "target": "спиронолактон"
        },
        {
            "source": "лизиноприть",
            "target": "триамтерен"
        },
        {
            "source": "лизиноприть",
            "target": "амилорида"
        },
        {
            "source": "лизиноприть",
            "target": "эплеренон"
        },
        {
            "source": "лизиноприть",
            "target": "препарат калий"
        },
        {
            "source": "лизиноприть",
            "target": "калийсодержать заменитель пищевой поваренный соль"
        },
        {
            "source": "лизиноприть",
            "target": "другой лекарственный препаратами, способный увеличивать содержание калий"
        },
        {
            "source": "лизиноприть",
            "target": "антагонист рецептор к ангиотензин ii"
        },
        {
            "source": "лизиноприть",
            "target": "препараты, содержать ко-тримоксазол"
        },
        {
            "source": "лизиноприть",
            "target": "следовать применять с осторожность с препаратами, содержать триметоприма"
        },
        {
            "source": "лизиноприть",
            "target": "вазодилататор"
        },
        {
            "source": "лизиноприть",
            "target": "бета-адреноблокатор"
        },
        {
            "source": "лизиноприть",
            "target": "блокатор «медленных» кальциевый канал"
        },
        {
            "source": "лизиноприть",
            "target": "диуретик"
        },
        {
            "source": "лизиноприть",
            "target": "другой гипотензивный лекарственный средство"
        },
        {
            "source": "лизиноприть",
            "target": "препарат литий"
        },
        {
            "source": "лизиноприть",
            "target": "при одновременный применение"
        },
        {
            "source": "лизиноприть",
            "target": "одновременный применение"
        },
        {
            "source": "лизиноприть",
            "target": "совместный применение"
        },
        {
            "source": "острый инфаркт миокард",
            "target": "дисфункция левый желудочек"
        },
        {
            "source": "острый инфаркт миокард",
            "target": "сердечный недостаточность"
        },
        {
            "source": "диабетический нефропатия",
            "target": "сахарный диабет 1 тип"
        },
        {
            "source": "диабетический нефропатия",
            "target": "сахарный диабет 2"
        },
        {
            "source": "сахарный диабет 2",
            "target": "артериальный гипертензия"
        },
        {
            "source": "одновременный терапия",
            "target": "ингибитор апф"
        },
        {
            "source": "одновременный терапия",
            "target": "артериальный гипотензия"
        },
        {
            "source": "обморок",
            "target": "одновременный терапия"
        },
        {
            "source": "гиперкалиемия",
            "target": "одновременный терапия"
        },
        {
            "source": "гиперкалиемия",
            "target": "быть вызвать"
        },
        {
            "source": "ухудшение функция почка",
            "target": "одновременный терапия"
        },
        {
            "source": "острый почечный недостаточность",
            "target": "одновременный терапия"
        },
        {
            "source": "двойной блокада",
            "target": "при сочетание ингибитор апф с ара ii"
        },
        {
            "source": "двойной блокада",
            "target": "должный быть ограничить отдельный случай"
        },
        {
            "source": "должный быть ограничить отдельный случай",
            "target": "с тщательный мониторинг"
        },
        {
            "source": "с тщательный мониторинг",
            "target": "функция почка"
        },
        {
            "source": "с тщательный мониторинг",
            "target": "содержание калий"
        },
        {
            "source": "с тщательный мониторинг",
            "target": "регулярный контроль ад"
        },
        {
            "source": "одновременный применение",
            "target": "ингибитор апф"
        },
        {
            "source": "одновременный применение",
            "target": "лекарственный средствами, содержать алискирена"
        },
        {
            "source": "одновременный применение",
            "target": "противопоказанный"
        },
        {
            "source": "одновременный применение",
            "target": "антагонист рецептор ангиотензин ii (ар ii"
        },
        {
            "source": "одновременный применение",
            "target": "противопоказанный у пациент с диабетический нефропатия"
        },
        {
            "source": "одновременный применение",
            "target": "не рекомендоваться у другой пациент"
        },
        {
            "source": "одновременный применение",
            "target": "не рекомендоваться"
        },
        {
            "source": "одновременный применение",
            "target": "получать терапия нпвп"
        },
        {
            "source": "одновременный применение",
            "target": "у пожилой пациент или пациент с обезвоживанием, в тот число принимать диуретик"
        },
        {
            "source": "одновременный применение",
            "target": "дальнейший ухудшение функция почка"
        },
        {
            "source": "одновременный применение",
            "target": "нпвп"
        },
        {
            "source": "одновременный применение",
            "target": "должный проводиться с осторожность (особенно у пожилой пациент и у пациент с нарушить функция почка"
        },
        {
            "source": "одновременный применение",
            "target": "ангионевротический отёк"
        },
        {
            "source": "одновременный применение",
            "target": "эстрамустин"
        },
        {
            "source": "у пациент с сахарный диабет",
            "target": "противопоказанный"
        },
        {
            "source": "и/ить с умеренный или тяжёлый почечный недостаточность (скф менее 60 мл/мин/1,73 м 2 площадь поверхность тело",
            "target": "противопоказанный"
        },
        {
            "source": "при одновременный применение",
            "target": "лизиноприть"
        },
        {
            "source": "при одновременный применение",
            "target": "с калийсберегающий диуретик"
        },
        {
            "source": "при одновременный применение",
            "target": "препарат калий"
        },
        {
            "source": "при одновременный применение",
            "target": "калийсодержать заменитель пищевой поваренный соль"
        },
        {
            "source": "при одновременный применение",
            "target": "другой лекарственный препаратами, способный увеличивать содержание калий"
        },
        {
            "source": "при одновременный применение",
            "target": "антагонист рецептор к ангиотензин ii"
        },
        {
            "source": "при одновременный применение",
            "target": "гиперкалиемия"
        },
        {
            "source": "при одновременный применение",
            "target": "калийнесберегать диуретик"
        },
        {
            "source": "при одновременный применение",
            "target": "гипокалиемия"
        },
        {
            "source": "при одновременный применение",
            "target": "выведение литий из организм замедляться"
        },
        {
            "source": "при одновременный применение",
            "target": "усиление антигипертензивный действие"
        },
        {
            "source": "при одновременный применение",
            "target": "гиперемия лицо"
        },
        {
            "source": "при одновременный применение",
            "target": "тошнота"
        },
        {
            "source": "при одновременный применение",
            "target": "рвота"
        },
        {
            "source": "при одновременный применение",
            "target": "снижение ад"
        },
        {
            "source": "с калийсберегающий диуретик",
            "target": "спиронолактон"
        },
        {
            "source": "с калийсберегающий диуретик",
            "target": "триамтерен"
        },
        {
            "source": "с калийсберегающий диуретик",
            "target": "амилорида"
        },
        {
            "source": "с калийсберегающий диуретик",
            "target": "эплеренон"
        },
        {
            "source": "антагонист рецептор к ангиотензин ii",
            "target": "гепарин"
        },
        {
            "source": "антагонист рецептор к ангиотензин ii",
            "target": "такролимус"
        },
        {
            "source": "антагонист рецептор к ангиотензин ii",
            "target": "циклоспорин"
        },
        {
            "source": "препараты, содержать ко-тримоксазол",
            "target": "триметоприма + сульфаметоксазол"
        },
        {
            "source": "у пожилой пациент и пациент",
            "target": "с нарушение функция почка"
        },
        {
            "source": "у пожилой пациент и пациент",
            "target": "одновременный приём"
        },
        {
            "source": "одновременный приём",
            "target": "ингибитор апф"
        },
        {
            "source": "одновременный приём",
            "target": "сульфаметоксазолом/триметоприм"
        },
        {
            "source": "одновременный приём",
            "target": "гиперкалиемия"
        },
        {
            "source": "одновременный приём",
            "target": "лизиноприть"
        },
        {
            "source": "одновременный приём",
            "target": "инсулин"
        },
        {
            "source": "одновременный приём",
            "target": "пероральный гипогликемический средство"
        },
        {
            "source": "одновременный приём",
            "target": "гипогликемия"
        },
        {
            "source": "быть вызвать",
            "target": "триметоприм"
        },
        {
            "source": "следовать применять с осторожность с препаратами, содержать триметоприма",
            "target": "регулярно контролировать содержание калий"
        },
        {
            "source": "препарат литий",
            "target": "при одновременный применение"
        },
        {
            "source": "препарат литий",
            "target": "одновременный применение"
        },
        {
            "source": "выведение литий из организм замедляться",
            "target": "кардиотоксический и нейротоксический действие"
        },
        {
            "source": "нестероидный противовоспалительный препарат (нпвп",
            "target": "селективный ингибитор циклооксигеназы-2 (цог-2"
        },
        {
            "source": "нестероидный противовоспалительный препарат (нпвп",
            "target": "ацетилсалициловый кислота (≥3 г/сутки"
        },
        {
            "source": "нестероидный противовоспалительный препарат",
            "target": "селективный ингибитор цог-2"
        },
        {
            "source": "нестероидный противовоспалительный препарат",
            "target": "снижать антигипертензивный эффект"
        },
        {
            "source": "нестероидный противовоспалительный препарат",
            "target": "ацетилсалициловый кислота"
        },
        {
            "source": "селективный ингибитор цог-2",
            "target": "ацетилсалициловый кислота"
        },
        {
            "source": "снижать антигипертензивный эффект",
            "target": "лизиноприть"
        },
        {
            "source": "получать терапия нпвп",
            "target": "селективный ингибитор цог-2"
        },
        {
            "source": "дальнейший ухудшение функция почка",
            "target": "острый почечный недостаточность"
        },
        {
            "source": "дальнейший ухудшение функция почка",
            "target": "гиперкалиемия"
        },
        {
            "source": "в комбинация",
            "target": "лизиноприть"
        },
        {
            "source": "в комбинация",
            "target": "ацетилсалициловый кислота"
        },
        {
            "source": "в комбинация",
            "target": "в качество антиагрегантный средство"
        },
        {
            "source": "усиление антигипертензивный действие",
            "target": "лизиноприть"
        },
        {
            "source": "трициклический антидепрессант",
            "target": "при одновременный применение"
        },
        {
            "source": "нейролептик",
            "target": "при одновременный применение"
        },
        {
            "source": "средство для общий анестезия",
            "target": "при одновременный применение"
        },
        {
            "source": "барбитурат миорелаксант",
            "target": "при одновременный применение"
        },
        {
            "source": "альфай бета-адреномиметик",
            "target": "эпинефрина"
        },
        {
            "source": "альфай бета-адреномиметик",
            "target": "адреналин"
        },
        {
            "source": "альфай бета-адреномиметик",
            "target": "изопротеренол"
        },
        {
            "source": "альфай бета-адреномиметик",
            "target": "допамин"
        },
        {
            "source": "альфай бета-адреномиметик",
            "target": "мочь снижать антигипертензивный эффект"
        },
        {
            "source": "мочь снижать антигипертензивный эффект",
            "target": "лизиноприть"
        },
        {
            "source": "баклофен",
            "target": "усиливать антигипертензивный эффект"
        },
        {
            "source": "этанол",
            "target": "одновременный применение"
        },
        {
            "source": "эстроген",
            "target": "ослаблять антигипертензивный эффект"
        },
        {
            "source": "ослаблять антигипертензивный эффект",
            "target": "вследствие задержка жидкость"
        },
        {
            "source": "вследствие задержка жидкость",
            "target": "лизиноприть"
        },
        {
            "source": "иммунодепрессант",
            "target": "аллопуринол"
        },
        {
            "source": "иммунодепрессант",
            "target": "прокаинамид"
        },
        {
            "source": "аллопуринол",
            "target": "совместный применение"
        },
        {
            "source": "прокаинамид",
            "target": "совместный применение"
        },
        {
            "source": "глюкокортикостероид",
            "target": "при системный применение"
        },
        {
            "source": "совместный применение",
            "target": "увеличивать риск развитие"
        },
        {
            "source": "совместный применение",
            "target": "гипонатриемия"
        },
        {
            "source": "цитостатик",
            "target": "совместный применение"
        },
        {
            "source": "увеличивать риск развитие",
            "target": "нейтропение"
        },
        {
            "source": "увеличивать риск развитие",
            "target": "агранулоцитоз"
        },
        {
            "source": "препарат золото",
            "target": "при одновременный применение"
        },
        {
            "source": "натрий ауротиомалат",
            "target": "при одновременный применение"
        },
        {
            "source": "селективный ингибитор обратный захват серотонин",
            "target": "совместный применение"
        },
        {
            "source": "ингибитор mtor",
            "target": "темсиpолимус"
        },
        {
            "source": "ингибитор mtor",
            "target": "сиролимус"
        },
        {
            "source": "ингибитор mtor",
            "target": "эверолимус"
        },
        {
            "source": "ингибитор mtor",
            "target": "одновременно"
        },
        {
            "source": "одновременно",
            "target": "ангионевротический отёк"
        },
        {
            "source": "ингибитор дипептидилпептидаза iv тип (дпп-iv) (глиптина",
            "target": "ситаглиптина"
        },
        {
            "source": "ингибитор дипептидилпептидаза iv тип (дпп-iv) (глиптина",
            "target": "саксаглиптина"
        },
        {
            "source": "ингибитор дипептидилпептидаза iv тип (дпп-iv) (глиптина",
            "target": "вилдаглиптина"
        },
        {
            "source": "ингибитор дипептидилпептидаза iv тип (дпп-iv) (глиптина",
            "target": "линаглиптина"
        },
        {
            "source": "иингибитор дипептидилпептидаза iv тип (глиптина",
            "target": "одновременно"
        },
        {
            "source": "рацекадотрить",
            "target": "одновременный применение"
        },
        {
            "source": "рацекадотрить",
            "target": "ингибитор энкефалиназа"
        },
        {
            "source": "сакубитрил",
            "target": "ингибитор неприлизин"
        },
        {
            "source": "сакубитрил",
            "target": "противопоказанный"
        },
        {
            "source": "следовать назначать не ранее, чем через 36 час после отмена препаратов, содержать",
            "target": "сакубитрил"
        },
        {
            "source": "алтеплаз",
            "target": "ингибитор апф"
        },
        {
            "source": "антацида",
            "target": "лизиноприть"
        },
        {
            "source": "антацида",
            "target": "снижать всасывание"
        },
        {
            "source": "колестирамин",
            "target": "лизиноприть"
        },
        {
            "source": "колестирамин",
            "target": "снижать всасывание"
        }
    ]
}