{
    "directed": true,
    "multigraph": false,
    "graph": {},
    "nodes": [
        {
            "label": "group",
            "weight": 5,
            "id": "сердечный гликозид"
        },
        {
            "label": "group",
            "weight": 5,
            "id": "гликозид"
        },
        {
            "label": "prepare",
            "weight": 5,
            "id": "норэпинефрина"
        },
        {
            "label": "noun",
            "weight": 5,
            "id": "симпатомиметический биогенный амин"
        },
        {
            "label": "action",
            "weight": 5,
            "id": "вызывать периферический вазоконстрикция 2 (α-адреномиметический действие"
        },
        {
            "label": "action",
            "weight": 5,
            "id": "положительный инотропный действие"
        },
        {
            "label": "action",
            "weight": 5,
            "id": "расширение коронарный артерия"
        },
        {
            "label": "mechanism",
            "weight": 5,
            "id": "-адреномиметический действие"
        },
        {
            "label": "action",
            "weight": 5,
            "id": "способствовать повышение артериальный давление до оптимальный уровень"
        },
        {
            "label": "action",
            "weight": 5,
            "id": "обеспечение более адекватный кровообращение"
        },
        {
            "label": "action",
            "weight": 5,
            "id": "повышать давление в аорта"
        },
        {
            "label": "illness",
            "weight": 5,
            "id": "инфаркт миокард"
        },
        {
            "label": "illness",
            "weight": 5,
            "id": "артериальный гипотензия"
        },
        {
            "label": "action",
            "weight": 5,
            "id": "расширять коронарный артерия"
        },
        {
            "label": "action",
            "weight": 5,
            "id": "увеличивать коронарный кровоток"
        },
        {
            "label": "action",
            "weight": 5,
            "id": "улучшать оксигенация миокард"
        },
        {
            "label": "action",
            "weight": 5,
            "id": "способствовать ограничение область ишемия и инфаркт миокард"
        },
        {
            "label": "noun",
            "weight": 5,
            "id": "венозный возврат"
        },
        {
            "label": "action",
            "weight": 5,
            "id": "увеличиваться"
        },
        {
            "label": "action",
            "weight": 5,
            "id": "способствовать нормализация сердечный ритм и частота сердечный сокращение"
        },
        {
            "label": "noun",
            "weight": 5,
            "id": "повышение артериальный давление"
        },
        {
            "label": "action",
            "weight": 5,
            "id": "мочь вызвать"
        },
        {
            "label": "action",
            "weight": 5,
            "id": "рефлекторный снижение частота сердечный сокращение"
        },
        {
            "label": "side_e",
            "weight": 5,
            "id": "вазоконстрикция"
        },
        {
            "label": "action",
            "weight": 5,
            "id": "мочь привести"
        },
        {
            "label": "action",
            "weight": 5,
            "id": "к снижение кровоток в почках, печени, кожа и гладкий мышца"
        },
        {
            "label": "noun",
            "weight": 5,
            "id": "локальный вазоконстрикция"
        },
        {
            "label": "side_e",
            "weight": 5,
            "id": "гемостаз"
        },
        {
            "label": "side_e",
            "weight": 5,
            "id": "некроз ткань"
        },
        {
            "label": "prepare",
            "weight": 5,
            "id": "норэпинефрино"
        },
        {
            "label": "absorbtion",
            "weight": 5,
            "id": "внутривенный введение эффект"
        },
        {
            "label": "distribution",
            "weight": 5,
            "id": "выводиться из плазма путём обратный захват"
        },
        {
            "label": "excretion",
            "weight": 5,
            "id": "выводиться вместе с моча"
        },
        {
            "label": "prepare",
            "weight": 5,
            "id": "хинидин"
        },
        {
            "label": "group",
            "weight": 5,
            "id": "трициклический антидепрессант"
        },
        {
            "label": "action",
            "weight": 5,
            "id": "возрастать риск развитие"
        },
        {
            "label": "side_e",
            "weight": 5,
            "id": "аритмия"
        },
        {
            "label": "group",
            "weight": 5,
            "id": "альфа-адреноблокатор"
        },
        {
            "label": "group",
            "weight": 5,
            "id": "лекарственный средства, обладать альф-адреноблокирующая активность"
        },
        {
            "label": "prepare",
            "weight": 5,
            "id": "доксазозина"
        },
        {
            "label": "prepare",
            "weight": 5,
            "id": "лабеталол"
        },
        {
            "label": "prepare",
            "weight": 5,
            "id": "феноксибензамин"
        },
        {
            "label": "prepare",
            "weight": 5,
            "id": "фентоламин"
        },
        {
            "label": "prepare",
            "weight": 5,
            "id": "празозин"
        },
        {
            "label": "prepare",
            "weight": 5,
            "id": "теразозин"
        },
        {
            "label": "prepare",
            "weight": 5,
            "id": "галоперидол"
        },
        {
            "label": "prepare",
            "weight": 5,
            "id": "талазозин"
        },
        {
            "label": "prepare",
            "weight": 5,
            "id": "локсапин"
        },
        {
            "label": "prepare",
            "weight": 5,
            "id": "фенотиазин"
        },
        {
            "label": "prepare",
            "weight": 5,
            "id": "тиоксанесть"
        },
        {
            "label": "action",
            "weight": 5,
            "id": "противодействовать сосудосуживающий действие"
        },
        {
            "label": "prepare",
            "weight": 5,
            "id": "хлороформ"
        },
        {
            "label": "group",
            "weight": 5,
            "id": "средство для ингаляционный общий анестезия"
        },
        {
            "label": "prepare",
            "weight": 5,
            "id": "энфлуран"
        },
        {
            "label": "prepare",
            "weight": 5,
            "id": "галотан"
        },
        {
            "label": "prepare",
            "weight": 5,
            "id": "циклопропан"
        },
        {
            "label": "prepare",
            "weight": 5,
            "id": "изофлуран"
        },
        {
            "label": "prepare",
            "weight": 5,
            "id": "метоксифлуран"
        },
        {
            "label": "side_e",
            "weight": 5,
            "id": "желудочковый аритмия"
        },
        {
            "label": "action",
            "weight": 5,
            "id": "увеличивать автономный возбудимость сердце"
        },
        {
            "label": "action",
            "weight": 5,
            "id": "мочь повышать чувствительность миокард к воздействие"
        },
        {
            "label": "condition",
            "weight": 5,
            "id": "общий анестезия"
        },
        {
            "label": "side_e",
            "weight": 5,
            "id": "желудочковый тахикардия"
        },
        {
            "label": "side_e",
            "weight": 5,
            "id": "фибрилляция желудочек"
        },
        {
            "label": "side_e",
            "weight": 5,
            "id": "усиление сердечнососудистый эффект"
        },
        {
            "label": "side_e",
            "weight": 5,
            "id": "тахикардия"
        },
        {
            "label": "action",
            "weight": 5,
            "id": "снижение эффект от действие"
        },
        {
            "label": "group",
            "weight": 5,
            "id": "гипотензивный лекарственный средство"
        },
        {
            "label": "group",
            "weight": 5,
            "id": "диуретик"
        },
        {
            "label": "group",
            "weight": 5,
            "id": "бета-адреноблокатор"
        },
        {
            "label": "prepare",
            "weight": 5,
            "id": "норэпинефрин"
        },
        {
            "label": "side_e",
            "weight": 5,
            "id": "брадикардия"
        },
        {
            "label": "side_e",
            "weight": 5,
            "id": "выраженный артериальный гипертензия"
        },
        {
            "label": "prepare",
            "weight": 5,
            "id": "доксапр"
        },
        {
            "label": "action",
            "weight": 5,
            "id": "усиление гипертензивный действие"
        },
        {
            "label": "prepare",
            "weight": 5,
            "id": "кокаин"
        },
        {
            "label": "group",
            "weight": 5,
            "id": "ингибитор моноаминоксидаза (мао"
        },
        {
            "label": "action",
            "weight": 5,
            "id": "усиление прессорный эффект"
        },
        {
            "label": "group",
            "weight": 5,
            "id": "нитрат"
        },
        {
            "label": "action",
            "weight": 5,
            "id": "ослабление антиангинальный действие"
        },
        {
            "label": "group",
            "weight": 5,
            "id": "алкалоид спорынья"
        },
        {
            "label": "action",
            "weight": 5,
            "id": "мочь усиливать вазопрессорный и сосудосуживающий эффект"
        },
        {
            "label": "group",
            "weight": 5,
            "id": "гормон щитовидный железа"
        },
        {
            "label": "side_e",
            "weight": 5,
            "id": "коронарный недостаточность"
        }
    ],
    "links": [
        {
            "source": "сердечный гликозид",
            "target": "гликозид"
        },
        {
            "source": "норэпинефрина",
            "target": "симпатомиметический биогенный амин"
        },
        {
            "source": "норэпинефрина",
            "target": "вызывать периферический вазоконстрикция 2 (α-адреномиметический действие"
        },
        {
            "source": "норэпинефрина",
            "target": "положительный инотропный действие"
        },
        {
            "source": "норэпинефрина",
            "target": "расширение коронарный артерия"
        },
        {
            "source": "норэпинефрина",
            "target": "-адреномиметический действие"
        },
        {
            "source": "норэпинефрина",
            "target": "способствовать повышение артериальный давление до оптимальный уровень"
        },
        {
            "source": "норэпинефрина",
            "target": "обеспечение более адекватный кровообращение"
        },
        {
            "source": "норэпинефрина",
            "target": "повышать давление в аорта"
        },
        {
            "source": "норэпинефрина",
            "target": "инфаркт миокард"
        },
        {
            "source": "норэпинефрина",
            "target": "артериальный гипотензия"
        },
        {
            "source": "норэпинефрина",
            "target": "расширять коронарный артерия"
        },
        {
            "source": "норэпинефрина",
            "target": "увеличивать коронарный кровоток"
        },
        {
            "source": "норэпинефрина",
            "target": "улучшать оксигенация миокард"
        },
        {
            "source": "норэпинефрина",
            "target": "способствовать ограничение область ишемия и инфаркт миокард"
        },
        {
            "source": "норэпинефрина",
            "target": "выводиться из плазма путём обратный захват"
        },
        {
            "source": "венозный возврат",
            "target": "увеличиваться"
        },
        {
            "source": "увеличиваться",
            "target": "способствовать нормализация сердечный ритм и частота сердечный сокращение"
        },
        {
            "source": "повышение артериальный давление",
            "target": "мочь вызвать"
        },
        {
            "source": "мочь вызвать",
            "target": "рефлекторный снижение частота сердечный сокращение"
        },
        {
            "source": "мочь вызвать",
            "target": "гемостаз"
        },
        {
            "source": "мочь вызвать",
            "target": "некроз ткань"
        },
        {
            "source": "вазоконстрикция",
            "target": "мочь привести"
        },
        {
            "source": "мочь привести",
            "target": "к снижение кровоток в почках, печени, кожа и гладкий мышца"
        },
        {
            "source": "локальный вазоконстрикция",
            "target": "мочь вызвать"
        },
        {
            "source": "норэпинефрино",
            "target": "внутривенный введение эффект"
        },
        {
            "source": "норэпинефрино",
            "target": "выводиться вместе с моча"
        },
        {
            "source": "норэпинефрино",
            "target": "сердечный гликозид"
        },
        {
            "source": "норэпинефрино",
            "target": "хинидин"
        },
        {
            "source": "норэпинефрино",
            "target": "трициклический антидепрессант"
        },
        {
            "source": "норэпинефрино",
            "target": "возрастать риск развитие"
        },
        {
            "source": "трициклический антидепрессант",
            "target": "усиление сердечнососудистый эффект"
        },
        {
            "source": "возрастать риск развитие",
            "target": "аритмия"
        },
        {
            "source": "аритмия",
            "target": "трициклический антидепрессант"
        },
        {
            "source": "альфа-адреноблокатор",
            "target": "лекарственный средства, обладать альф-адреноблокирующая активность"
        },
        {
            "source": "лекарственный средства, обладать альф-адреноблокирующая активность",
            "target": "противодействовать сосудосуживающий действие"
        },
        {
            "source": "доксазозина",
            "target": "альфа-адреноблокатор"
        },
        {
            "source": "лабеталол",
            "target": "альфа-адреноблокатор"
        },
        {
            "source": "феноксибензамин",
            "target": "альфа-адреноблокатор"
        },
        {
            "source": "фентоламин",
            "target": "альфа-адреноблокатор"
        },
        {
            "source": "празозин",
            "target": "альфа-адреноблокатор"
        },
        {
            "source": "теразозин",
            "target": "альфа-адреноблокатор"
        },
        {
            "source": "галоперидол",
            "target": "лекарственный средства, обладать альф-адреноблокирующая активность"
        },
        {
            "source": "талазозин",
            "target": "альфа-адреноблокатор"
        },
        {
            "source": "локсапин",
            "target": "лекарственный средства, обладать альф-адреноблокирующая активность"
        },
        {
            "source": "фенотиазин",
            "target": "лекарственный средства, обладать альф-адреноблокирующая активность"
        },
        {
            "source": "тиоксанесть",
            "target": "лекарственный средства, обладать альф-адреноблокирующая активность"
        },
        {
            "source": "хлороформ",
            "target": "средство для ингаляционный общий анестезия"
        },
        {
            "source": "средство для ингаляционный общий анестезия",
            "target": "желудочковый аритмия"
        },
        {
            "source": "энфлуран",
            "target": "средство для ингаляционный общий анестезия"
        },
        {
            "source": "галотан",
            "target": "средство для ингаляционный общий анестезия"
        },
        {
            "source": "галотан",
            "target": "увеличивать автономный возбудимость сердце"
        },
        {
            "source": "галотан",
            "target": "общий анестезия"
        },
        {
            "source": "циклопропан",
            "target": "средство для ингаляционный общий анестезия"
        },
        {
            "source": "циклопропан",
            "target": "увеличивать автономный возбудимость сердце"
        },
        {
            "source": "циклопропан",
            "target": "общий анестезия"
        },
        {
            "source": "изофлуран",
            "target": "средство для ингаляционный общий анестезия"
        },
        {
            "source": "метоксифлуран",
            "target": "средство для ингаляционный общий анестезия"
        },
        {
            "source": "увеличивать автономный возбудимость сердце",
            "target": "мочь повышать чувствительность миокард к воздействие"
        },
        {
            "source": "общий анестезия",
            "target": "желудочковый тахикардия"
        },
        {
            "source": "общий анестезия",
            "target": "фибрилляция желудочек"
        },
        {
            "source": "тахикардия",
            "target": "трициклический антидепрессант"
        },
        {
            "source": "снижение эффект от действие",
            "target": "норэпинефрино"
        },
        {
            "source": "гипотензивный лекарственный средство",
            "target": "снижение эффект от действие"
        },
        {
            "source": "диуретик",
            "target": "снижение эффект от действие"
        },
        {
            "source": "бета-адреноблокатор",
            "target": "норэпинефрин"
        },
        {
            "source": "норэпинефрин",
            "target": "брадикардия"
        },
        {
            "source": "норэпинефрин",
            "target": "выраженный артериальный гипертензия"
        },
        {
            "source": "доксапр",
            "target": "усиление гипертензивный действие"
        },
        {
            "source": "кокаин",
            "target": "усиление гипертензивный действие"
        },
        {
            "source": "ингибитор моноаминоксидаза (мао",
            "target": "усиление прессорный эффект"
        },
        {
            "source": "нитрат",
            "target": "ослабление антиангинальный действие"
        },
        {
            "source": "алкалоид спорынья",
            "target": "мочь усиливать вазопрессорный и сосудосуживающий эффект"
        },
        {
            "source": "гормон щитовидный железа",
            "target": "коронарный недостаточность"
        }
    ]
}