{
    "directed": true,
    "multigraph": false,
    "graph": {},
    "nodes": [
        {
            "label": "prepare",
            "weight": 5,
            "id": "морфин"
        },
        {
            "label": "group",
            "weight": 5,
            "id": "фенантренов алкалоид опийный мак"
        },
        {
            "label": "group",
            "weight": 5,
            "id": "агонист опиоидный рецептор"
        },
        {
            "label": "action",
            "weight": 5,
            "id": "центральный действие"
        },
        {
            "label": "action",
            "weight": 5,
            "id": "анальгезирующий"
        },
        {
            "label": "mechanism",
            "weight": 5,
            "id": "противокашлевой"
        },
        {
            "label": "group",
            "weight": 5,
            "id": "седативный"
        },
        {
            "label": "action",
            "weight": 5,
            "id": "транквилизировать"
        },
        {
            "label": "action",
            "weight": 5,
            "id": "миотический"
        },
        {
            "label": "side_e",
            "weight": 5,
            "id": "угнетать дыхание"
        },
        {
            "label": "action",
            "weight": 5,
            "id": "антидиуретический"
        },
        {
            "label": "action",
            "weight": 5,
            "id": "рвотное"
        },
        {
            "label": "action",
            "weight": 5,
            "id": "противорвотный (поздний действие"
        },
        {
            "label": "action",
            "weight": 5,
            "id": "гипотензивный"
        },
        {
            "label": "action",
            "weight": 5,
            "id": "замедлять сердечный ритм"
        },
        {
            "label": "action",
            "weight": 5,
            "id": "периферический действие"
        },
        {
            "label": "side_e",
            "weight": 5,
            "id": "запор"
        },
        {
            "label": "side_e",
            "weight": 5,
            "id": "сокращение сфинктер желчевыводить путь"
        },
        {
            "label": "side_e",
            "weight": 5,
            "id": "повышение тонус мышца мочевой пузырь и сфинктер мочевой пузырь"
        },
        {
            "label": "side_e",
            "weight": 5,
            "id": "замедление опорожнение желудок за счёт сокращение привратник"
        },
        {
            "label": "side_e",
            "weight": 5,
            "id": "эритема"
        },
        {
            "label": "side_e",
            "weight": 5,
            "id": "крапивница"
        },
        {
            "label": "side_e",
            "weight": 5,
            "id": "зуд"
        },
        {
            "label": "side_e",
            "weight": 5,
            "id": "астматический бронхоспазм"
        },
        {
            "label": "mechanism",
            "weight": 5,
            "id": "обусловить высвобождение гистамин"
        },
        {
            "label": "action",
            "weight": 5,
            "id": "нарушение действие или продукция"
        },
        {
            "label": "group",
            "weight": 5,
            "id": "кортикостероид"
        },
        {
            "label": "hormone",
            "weight": 5,
            "id": "пролактин"
        },
        {
            "label": "action",
            "weight": 5,
            "id": "также влияние на гипоталамогипофизарный ось"
        },
        {
            "label": "hormone",
            "weight": 5,
            "id": "антидиуретический гормон"
        },
        {
            "label": "group",
            "weight": 5,
            "id": "опиоид"
        },
        {
            "label": "prot_link",
            "weight": 5,
            "id": "связываться на 20-35% с белок плазма крови, преимущественно с альбуминовый фракция"
        },
        {
            "label": "metabol",
            "weight": 5,
            "id": "метаболизироваться преимущественно в печени, а также в эпителий кишечник"
        },
        {
            "label": "side_e",
            "weight": 5,
            "id": "вызывать различный степень седации от небольшой слабость до сильный оглушение"
        },
        {
            "label": "side_e",
            "weight": 5,
            "id": "некардиогенный отечь лёгкий"
        },
        {
            "label": "condition",
            "weight": 5,
            "id": "у пациентов, находиться в палата интенсивный терапия"
        },
        {
            "label": "side_e",
            "weight": 5,
            "id": "поражение зуб"
        },
        {
            "label": "noun",
            "weight": 5,
            "id": "причинно-следственный связь с применение морфин не установить"
        },
        {
            "label": "action",
            "weight": 5,
            "id": "приводить к разнообразный психический нежелательный реакция"
        },
        {
            "label": "condition",
            "weight": 5,
            "id": "интенсивность и характер проявление который индивидуальный"
        },
        {
            "label": "group",
            "weight": 5,
            "id": "средствами, угнетать цнс"
        },
        {
            "label": "group",
            "weight": 5,
            "id": "снотворный средство"
        },
        {
            "label": "group",
            "weight": 5,
            "id": "средство для общий анестезия"
        },
        {
            "label": "group",
            "weight": 5,
            "id": "фенотиазин"
        },
        {
            "label": "group",
            "weight": 5,
            "id": "транквилизатор"
        },
        {
            "label": "group",
            "weight": 5,
            "id": "антигистаминный препараты, обладать седативный эффект"
        },
        {
            "label": "group",
            "weight": 5,
            "id": "бензодиазепина"
        },
        {
            "label": "attention",
            "weight": 5,
            "id": "одновременный применение"
        },
        {
            "label": "action",
            "weight": 5,
            "id": "мочь привести к"
        },
        {
            "label": "side_e",
            "weight": 5,
            "id": "глубокий седативный эффект"
        },
        {
            "label": "side_e",
            "weight": 5,
            "id": "угнетение дыхание"
        },
        {
            "label": "illness",
            "weight": 5,
            "id": "кома"
        },
        {
            "label": "side_e",
            "weight": 5,
            "id": "смерть"
        },
        {
            "label": "group",
            "weight": 5,
            "id": "опиоидный анальгетик"
        },
        {
            "label": "prepare",
            "weight": 5,
            "id": "бензодиазепин"
        },
        {
            "label": "group",
            "weight": 5,
            "id": "препарат угнетать цнс"
        },
        {
            "label": "recomendation",
            "weight": 5,
            "id": "в случай крайний необходимость у пациентов, для который альтернативный вариант лечение не применимый"
        },
        {
            "label": "recomendation",
            "weight": 5,
            "id": "следовать использовать малый эффективный доза оба препаратов, а продолжительность совместный применение должный быть как можно маленький"
        },
        {
            "label": "prepare",
            "weight": 5,
            "id": "буторфанол"
        },
        {
            "label": "action",
            "weight": 5,
            "id": "мочь спровоцировать"
        },
        {
            "label": "prepare",
            "weight": 5,
            "id": "налбуфин"
        },
        {
            "label": "prepare",
            "weight": 5,
            "id": "пентазоцин"
        },
        {
            "label": "noun",
            "weight": 5,
            "id": "синдром «отмена"
        },
        {
            "label": "noun",
            "weight": 5,
            "id": "который недавно использовать чистый агонист"
        },
        {
            "label": "noun",
            "weight": 5,
            "id": "действие на желудочно-кишечный тракт"
        },
        {
            "label": "action",
            "weight": 5,
            "id": "мочь приводить к уменьшение всасывание"
        },
        {
            "label": "prepare",
            "weight": 5,
            "id": "мексилетина"
        },
        {
            "label": "noun",
            "weight": 5,
            "id": "снижение эффект"
        },
        {
            "label": "prepare",
            "weight": 5,
            "id": "метоклопрамид"
        },
        {
            "label": "prepare",
            "weight": 5,
            "id": "домперидон"
        },
        {
            "label": "prepare",
            "weight": 5,
            "id": "фенобарбитал"
        },
        {
            "label": "group",
            "weight": 5,
            "id": "барбитурат"
        },
        {
            "label": "action",
            "weight": 5,
            "id": "уменьшение"
        },
        {
            "label": "noun",
            "weight": 5,
            "id": "выраженность анальгезирующий действие"
        },
        {
            "label": "group",
            "weight": 5,
            "id": "наркотический анальгетик"
        },
        {
            "label": "action",
            "weight": 5,
            "id": "стимулировать"
        },
        {
            "label": "side_e",
            "weight": 5,
            "id": "развитие перекрёстный толерантность"
        },
        {
            "label": "group",
            "weight": 5,
            "id": "лекарственный препарат с м-холиноблокирующая активность"
        },
        {
            "label": "group",
            "weight": 5,
            "id": "психотропный препарат"
        },
        {
            "label": "group",
            "weight": 5,
            "id": "антигистаминный средство"
        },
        {
            "label": "group",
            "weight": 5,
            "id": "противорвотный средство"
        },
        {
            "label": "group",
            "weight": 5,
            "id": "противопаркинсонический средство"
        },
        {
            "label": "action",
            "weight": 5,
            "id": "мочь усиливать"
        },
        {
            "label": "side_e",
            "weight": 5,
            "id": "м-холиноблокирующий нежелательный реакция"
        },
        {
            "label": "side_e",
            "weight": 5,
            "id": "сухость в рот"
        },
        {
            "label": "side_e",
            "weight": 5,
            "id": "нарушение мочеиспускание"
        },
        {
            "label": "prepare",
            "weight": 5,
            "id": "циметидина"
        },
        {
            "label": "group",
            "weight": 5,
            "id": "ингибитор микросомальный фермент печень"
        },
        {
            "label": "action",
            "weight": 5,
            "id": "мочь повышать"
        },
        {
            "label": "noun",
            "weight": 5,
            "id": "плазменный концентрация"
        },
        {
            "label": "mechanism",
            "weight": 5,
            "id": "миорелаксировать действие"
        },
        {
            "label": "group",
            "weight": 5,
            "id": "миорелаксант"
        },
        {
            "label": "action",
            "weight": 5,
            "id": "конкурентный ингибировать"
        },
        {
            "label": "noun",
            "weight": 5,
            "id": "печёночный метаболизм"
        },
        {
            "label": "prepare",
            "weight": 5,
            "id": "зидовудин"
        },
        {
            "label": "action",
            "weight": 5,
            "id": "снижать он клиренс"
        },
        {
            "label": "side_e",
            "weight": 5,
            "id": "повышаться риск они обоюдный интоксикация"
        },
        {
            "label": "prepare",
            "weight": 5,
            "id": "рифампицин"
        },
        {
            "label": "action",
            "weight": 5,
            "id": "мочь приводить к ослабление"
        },
        {
            "label": "noun",
            "weight": 5,
            "id": "действие"
        },
        {
            "label": "recomendation",
            "weight": 5,
            "id": "следовать избегать"
        },
        {
            "label": "noun",
            "weight": 5,
            "id": "системный введение"
        },
        {
            "label": "recomendation",
            "weight": 5,
            "id": "за исключение случай экстренный купирование боль"
        },
        {
            "label": "prepare",
            "weight": 5,
            "id": "налоксон"
        },
        {
            "label": "action",
            "weight": 5,
            "id": "снижать эффект"
        },
        {
            "label": "side_e",
            "weight": 5,
            "id": "угнетение дыхание и цнс"
        },
        {
            "label": "recomendation",
            "weight": 5,
            "id": "мочь потребоваться больший доза для нивелирование эффект"
        },
        {
            "label": "prepare",
            "weight": 5,
            "id": "налтрексон"
        },
        {
            "label": "action",
            "weight": 5,
            "id": "ускорять"
        },
        {
            "label": "noun",
            "weight": 5,
            "id": "появление симптом"
        },
        {
            "label": "illness",
            "weight": 5,
            "id": "наркотический зависимость"
        },
        {
            "label": "mechanism",
            "weight": 5,
            "id": "анальгетический"
        },
        {
            "label": "mechanism",
            "weight": 5,
            "id": "противодиарейный"
        },
        {
            "label": "group",
            "weight": 5,
            "id": "лекарственный средств, снижать артериальный давление"
        },
        {
            "label": "mechanism",
            "weight": 5,
            "id": "гипотензивный эффект"
        },
        {
            "label": "action",
            "weight": 5,
            "id": "усиливать"
        },
        {
            "label": "action",
            "weight": 5,
            "id": "мочь снизить"
        },
        {
            "label": "noun",
            "weight": 5,
            "id": "эффективность"
        },
        {
            "label": "group",
            "weight": 5,
            "id": "диуретик"
        },
        {
            "label": "prepare",
            "weight": 5,
            "id": "хинидин"
        },
        {
            "label": "noun",
            "weight": 5,
            "id": "повышать"
        },
        {
            "label": "recomendation",
            "weight": 5,
            "id": "не следовать смешивать с другой раствор перед введение"
        },
        {
            "label": "prepare",
            "weight": 5,
            "id": "суматриптан"
        },
        {
            "label": "group",
            "weight": 5,
            "id": "противомигренозный лекарственный средство"
        },
        {
            "label": "prepare",
            "weight": 5,
            "id": "золмитриптан"
        },
        {
            "label": "prepare",
            "weight": 5,
            "id": "элетриптан"
        },
        {
            "label": "group",
            "weight": 5,
            "id": "антидепрессант"
        },
        {
            "label": "side_e",
            "weight": 5,
            "id": "серотониновый синдром"
        },
        {
            "label": "illness",
            "weight": 5,
            "id": "изменение психический состояние"
        },
        {
            "label": "illness",
            "weight": 5,
            "id": "возбуждение"
        },
        {
            "label": "illness",
            "weight": 5,
            "id": "галлюцинация"
        },
        {
            "label": "illness",
            "weight": 5,
            "id": "расстройство вегетативный нервный система"
        },
        {
            "label": "illness",
            "weight": 5,
            "id": "тахикардия"
        },
        {
            "label": "illness",
            "weight": 5,
            "id": "лабильный артериальный давление"
        },
        {
            "label": "illness",
            "weight": 5,
            "id": "гипертермия"
        },
        {
            "label": "illness",
            "weight": 5,
            "id": "нервно-мышечный патология"
        },
        {
            "label": "illness",
            "weight": 5,
            "id": "гиперрефлексия"
        },
        {
            "label": "illness",
            "weight": 5,
            "id": "нарушение координация"
        },
        {
            "label": "illness",
            "weight": 5,
            "id": "ригидность мышца"
        },
        {
            "label": "illness",
            "weight": 5,
            "id": "симптом с сторона желудочно-кишечный тракт"
        },
        {
            "label": "illness",
            "weight": 5,
            "id": "тошнота"
        },
        {
            "label": "illness",
            "weight": 5,
            "id": "рвота"
        },
        {
            "label": "illness",
            "weight": 5,
            "id": "диарея"
        }
    ],
    "links": [
        {
            "source": "морфин",
            "target": "фенантренов алкалоид опийный мак"
        },
        {
            "source": "морфин",
            "target": "агонист опиоидный рецептор"
        },
        {
            "source": "морфин",
            "target": "центральный действие"
        },
        {
            "source": "морфин",
            "target": "анальгезирующий"
        },
        {
            "source": "морфин",
            "target": "противокашлевой"
        },
        {
            "source": "морфин",
            "target": "седативный"
        },
        {
            "source": "морфин",
            "target": "транквилизировать"
        },
        {
            "source": "морфин",
            "target": "миотический"
        },
        {
            "source": "морфин",
            "target": "угнетать дыхание"
        },
        {
            "source": "морфин",
            "target": "антидиуретический"
        },
        {
            "source": "морфин",
            "target": "рвотное"
        },
        {
            "source": "морфин",
            "target": "противорвотный (поздний действие"
        },
        {
            "source": "морфин",
            "target": "гипотензивный"
        },
        {
            "source": "морфин",
            "target": "замедлять сердечный ритм"
        },
        {
            "source": "морфин",
            "target": "связываться на 20-35% с белок плазма крови, преимущественно с альбуминовый фракция"
        },
        {
            "source": "морфин",
            "target": "метаболизироваться преимущественно в печени, а также в эпителий кишечник"
        },
        {
            "source": "морфин",
            "target": "вызывать различный степень седации от небольшой слабость до сильный оглушение"
        },
        {
            "source": "морфин",
            "target": "приводить к разнообразный психический нежелательный реакция"
        },
        {
            "source": "морфин",
            "target": "средствами, угнетать цнс"
        },
        {
            "source": "морфин",
            "target": "мочь усиливать"
        },
        {
            "source": "морфин",
            "target": "следовать избегать"
        },
        {
            "source": "морфин",
            "target": "не следовать смешивать с другой раствор перед введение"
        },
        {
            "source": "седативный",
            "target": "средствами, угнетать цнс"
        },
        {
            "source": "периферический действие",
            "target": "запор"
        },
        {
            "source": "периферический действие",
            "target": "сокращение сфинктер желчевыводить путь"
        },
        {
            "source": "периферический действие",
            "target": "повышение тонус мышца мочевой пузырь и сфинктер мочевой пузырь"
        },
        {
            "source": "периферический действие",
            "target": "замедление опорожнение желудок за счёт сокращение привратник"
        },
        {
            "source": "периферический действие",
            "target": "эритема"
        },
        {
            "source": "периферический действие",
            "target": "крапивница"
        },
        {
            "source": "периферический действие",
            "target": "зуд"
        },
        {
            "source": "периферический действие",
            "target": "астматический бронхоспазм"
        },
        {
            "source": "запор",
            "target": "м-холиноблокирующий нежелательный реакция"
        },
        {
            "source": "астматический бронхоспазм",
            "target": "обусловить высвобождение гистамин"
        },
        {
            "source": "нарушение действие или продукция",
            "target": "кортикостероид"
        },
        {
            "source": "нарушение действие или продукция",
            "target": "пролактин"
        },
        {
            "source": "нарушение действие или продукция",
            "target": "антидиуретический гормон"
        },
        {
            "source": "также влияние на гипоталамогипофизарный ось",
            "target": "нарушение действие или продукция"
        },
        {
            "source": "опиоид",
            "target": "морфин"
        },
        {
            "source": "опиоид",
            "target": "средствами, угнетать цнс"
        },
        {
            "source": "опиоид",
            "target": "бензодиазепина"
        },
        {
            "source": "опиоид",
            "target": "за исключение случай экстренный купирование боль"
        },
        {
            "source": "опиоид",
            "target": "мочь снизить"
        },
        {
            "source": "некардиогенный отечь лёгкий",
            "target": "у пациентов, находиться в палата интенсивный терапия"
        },
        {
            "source": "поражение зуб",
            "target": "причинно-следственный связь с применение морфин не установить"
        },
        {
            "source": "приводить к разнообразный психический нежелательный реакция",
            "target": "интенсивность и характер проявление который индивидуальный"
        },
        {
            "source": "средствами, угнетать цнс",
            "target": "мочь привести к"
        },
        {
            "source": "средствами, угнетать цнс",
            "target": "следовать использовать малый эффективный доза оба препаратов, а продолжительность совместный применение должный быть как можно маленький"
        },
        {
            "source": "снотворный средство",
            "target": "средствами, угнетать цнс"
        },
        {
            "source": "средство для общий анестезия",
            "target": "средствами, угнетать цнс"
        },
        {
            "source": "фенотиазин",
            "target": "средствами, угнетать цнс"
        },
        {
            "source": "транквилизатор",
            "target": "средствами, угнетать цнс"
        },
        {
            "source": "антигистаминный препараты, обладать седативный эффект",
            "target": "средствами, угнетать цнс"
        },
        {
            "source": "бензодиазепина",
            "target": "средствами, угнетать цнс"
        },
        {
            "source": "одновременный применение",
            "target": "опиоид"
        },
        {
            "source": "мочь привести к",
            "target": "глубокий седативный эффект"
        },
        {
            "source": "мочь привести к",
            "target": "угнетение дыхание"
        },
        {
            "source": "мочь привести к",
            "target": "кома"
        },
        {
            "source": "мочь привести к",
            "target": "смерть"
        },
        {
            "source": "кома",
            "target": "изменение психический состояние"
        },
        {
            "source": "опиоидный анальгетик",
            "target": "бензодиазепин"
        },
        {
            "source": "опиоидный анальгетик",
            "target": "угнетение дыхание и цнс"
        },
        {
            "source": "опиоидный анальгетик",
            "target": "анальгетический"
        },
        {
            "source": "опиоидный анальгетик",
            "target": "противодиарейный"
        },
        {
            "source": "опиоидный анальгетик",
            "target": "противокашлевой"
        },
        {
            "source": "бензодиазепин",
            "target": "препарат угнетать цнс"
        },
        {
            "source": "препарат угнетать цнс",
            "target": "в случай крайний необходимость у пациентов, для который альтернативный вариант лечение не применимый"
        },
        {
            "source": "буторфанол",
            "target": "мочь спровоцировать"
        },
        {
            "source": "мочь спровоцировать",
            "target": "синдром «отмена"
        },
        {
            "source": "налбуфин",
            "target": "мочь спровоцировать"
        },
        {
            "source": "пентазоцин",
            "target": "мочь спровоцировать"
        },
        {
            "source": "синдром «отмена",
            "target": "который недавно использовать чистый агонист"
        },
        {
            "source": "синдром «отмена",
            "target": "наркотический зависимость"
        },
        {
            "source": "который недавно использовать чистый агонист",
            "target": "морфин"
        },
        {
            "source": "действие на желудочно-кишечный тракт",
            "target": "мочь приводить к уменьшение всасывание"
        },
        {
            "source": "действие на желудочно-кишечный тракт",
            "target": "снижение эффект"
        },
        {
            "source": "мочь приводить к уменьшение всасывание",
            "target": "мексилетина"
        },
        {
            "source": "снижение эффект",
            "target": "метоклопрамид"
        },
        {
            "source": "снижение эффект",
            "target": "домперидон"
        },
        {
            "source": "фенобарбитал",
            "target": "барбитурат"
        },
        {
            "source": "барбитурат",
            "target": "уменьшение"
        },
        {
            "source": "барбитурат",
            "target": "стимулировать"
        },
        {
            "source": "уменьшение",
            "target": "выраженность анальгезирующий действие"
        },
        {
            "source": "выраженность анальгезирующий действие",
            "target": "наркотический анальгетик"
        },
        {
            "source": "стимулировать",
            "target": "развитие перекрёстный толерантность"
        },
        {
            "source": "лекарственный препарат с м-холиноблокирующая активность",
            "target": "психотропный препарат"
        },
        {
            "source": "лекарственный препарат с м-холиноблокирующая активность",
            "target": "антигистаминный средство"
        },
        {
            "source": "лекарственный препарат с м-холиноблокирующая активность",
            "target": "противорвотный средство"
        },
        {
            "source": "лекарственный препарат с м-холиноблокирующая активность",
            "target": "противопаркинсонический средство"
        },
        {
            "source": "лекарственный препарат с м-холиноблокирующая активность",
            "target": "мочь усиливать"
        },
        {
            "source": "мочь усиливать",
            "target": "м-холиноблокирующий нежелательный реакция"
        },
        {
            "source": "мочь усиливать",
            "target": "миорелаксировать действие"
        },
        {
            "source": "м-холиноблокирующий нежелательный реакция",
            "target": "опиоид"
        },
        {
            "source": "сухость в рот",
            "target": "м-холиноблокирующий нежелательный реакция"
        },
        {
            "source": "нарушение мочеиспускание",
            "target": "м-холиноблокирующий нежелательный реакция"
        },
        {
            "source": "циметидина",
            "target": "ингибитор микросомальный фермент печень"
        },
        {
            "source": "ингибитор микросомальный фермент печень",
            "target": "мочь повышать"
        },
        {
            "source": "мочь повышать",
            "target": "плазменный концентрация"
        },
        {
            "source": "плазменный концентрация",
            "target": "морфин"
        },
        {
            "source": "миорелаксировать действие",
            "target": "миорелаксант"
        },
        {
            "source": "конкурентный ингибировать",
            "target": "печёночный метаболизм"
        },
        {
            "source": "печёночный метаболизм",
            "target": "зидовудин"
        },
        {
            "source": "снижать он клиренс",
            "target": "зидовудин"
        },
        {
            "source": "снижать он клиренс",
            "target": "повышаться риск они обоюдный интоксикация"
        },
        {
            "source": "рифампицин",
            "target": "мочь приводить к ослабление"
        },
        {
            "source": "мочь приводить к ослабление",
            "target": "действие"
        },
        {
            "source": "действие",
            "target": "морфин"
        },
        {
            "source": "следовать избегать",
            "target": "системный введение"
        },
        {
            "source": "системный введение",
            "target": "опиоид"
        },
        {
            "source": "налоксон",
            "target": "снижать эффект"
        },
        {
            "source": "налоксон",
            "target": "мочь потребоваться больший доза для нивелирование эффект"
        },
        {
            "source": "снижать эффект",
            "target": "опиоидный анальгетик"
        },
        {
            "source": "налтрексон",
            "target": "ускорять"
        },
        {
            "source": "ускорять",
            "target": "появление симптом"
        },
        {
            "source": "появление симптом",
            "target": "синдром «отмена"
        },
        {
            "source": "лекарственный средств, снижать артериальный давление",
            "target": "гипотензивный эффект"
        },
        {
            "source": "усиливать",
            "target": "лекарственный средств, снижать артериальный давление"
        },
        {
            "source": "мочь снизить",
            "target": "эффективность"
        },
        {
            "source": "эффективность",
            "target": "диуретик"
        },
        {
            "source": "хинидин",
            "target": "повышать"
        },
        {
            "source": "повышать",
            "target": "плазменный концентрация"
        },
        {
            "source": "суматриптан",
            "target": "противомигренозный лекарственный средство"
        },
        {
            "source": "золмитриптан",
            "target": "противомигренозный лекарственный средство"
        },
        {
            "source": "элетриптан",
            "target": "противомигренозный лекарственный средство"
        },
        {
            "source": "антидепрессант",
            "target": "серотониновый синдром"
        },
        {
            "source": "серотониновый синдром",
            "target": "изменение психический состояние"
        },
        {
            "source": "серотониновый синдром",
            "target": "расстройство вегетативный нервный система"
        },
        {
            "source": "серотониновый синдром",
            "target": "нервно-мышечный патология"
        },
        {
            "source": "серотониновый синдром",
            "target": "симптом с сторона желудочно-кишечный тракт"
        },
        {
            "source": "возбуждение",
            "target": "изменение психический состояние"
        },
        {
            "source": "галлюцинация",
            "target": "изменение психический состояние"
        },
        {
            "source": "тахикардия",
            "target": "расстройство вегетативный нервный система"
        },
        {
            "source": "лабильный артериальный давление",
            "target": "расстройство вегетативный нервный система"
        },
        {
            "source": "гипертермия",
            "target": "расстройство вегетативный нервный система"
        },
        {
            "source": "гиперрефлексия",
            "target": "нервно-мышечный патология"
        },
        {
            "source": "нарушение координация",
            "target": "нервно-мышечный патология"
        },
        {
            "source": "ригидность мышца",
            "target": "нервно-мышечный патология"
        },
        {
            "source": "тошнота",
            "target": "симптом с сторона желудочно-кишечный тракт"
        },
        {
            "source": "рвота",
            "target": "симптом с сторона желудочно-кишечный тракт"
        },
        {
            "source": "диарея",
            "target": "симптом с сторона желудочно-кишечный тракт"
        }
    ]
}