{
    "directed": true,
    "multigraph": false,
    "graph": {},
    "nodes": [
        {
            "label": "group",
            "weight": 5,
            "id": "бета-адреноблокатор"
        },
        {
            "label": "group",
            "weight": 5,
            "id": "селективный бетаадреноблокатор"
        },
        {
            "label": "noun",
            "weight": 5,
            "id": "внутривенный введение"
        },
        {
            "label": "prepare",
            "weight": 5,
            "id": "метопролоть"
        },
        {
            "label": "action",
            "weight": 5,
            "id": "уменьшать боль в грудь"
        },
        {
            "label": "action",
            "weight": 5,
            "id": "снижать риск развитие фибрилляция и трепетание предсердие"
        },
        {
            "label": "illness",
            "weight": 5,
            "id": "с инфаркт миокард"
        },
        {
            "label": "action",
            "weight": 5,
            "id": "в течение 24 час после появление первый симптомов) снижать риск развитие инфаркт миокард"
        },
        {
            "label": "prepare",
            "weight": 5,
            "id": "метопролол"
        },
        {
            "label": "action",
            "weight": 5,
            "id": "приводить к улучшение дальнейший прогноз лечение инфаркт миокард"
        },
        {
            "label": "action",
            "weight": 5,
            "id": "уменьшение частота сердечный сокращение (чсс"
        },
        {
            "label": "condition",
            "weight": 5,
            "id": "при пароксизмальный тахикардия и фибрилляция (трепетании) предсердие"
        },
        {
            "label": "mechanism",
            "weight": 5,
            "id": "β 1 -адреноблокатор"
        },
        {
            "label": "action",
            "weight": 5,
            "id": "обладать незначительный мембраностабилизировать действие"
        },
        {
            "label": "action",
            "weight": 5,
            "id": "не проявлять активность частичный агонист"
        },
        {
            "label": "mechanism",
            "weight": 5,
            "id": "снижать или ингибировать агонистический действие, который оказывать на сердечный деятельность катехоламины, образоваться при нервный и физический стресс"
        },
        {
            "label": "group",
            "weight": 5,
            "id": "обладать способность препятствовать увеличение"
        },
        {
            "label": "noun",
            "weight": 5,
            "id": "частота сердечный сокращение"
        },
        {
            "label": "condition",
            "weight": 5,
            "id": "вызывать резкий выброс катехоламин"
        },
        {
            "label": "noun",
            "weight": 5,
            "id": "пациент"
        },
        {
            "label": "condition",
            "weight": 5,
            "id": "с симптом обструктивный заболевание лёгкий"
        },
        {
            "label": "recomendation",
            "weight": 5,
            "id": "можно назначать метопролоть в сочетание с β 2 -адреномиметик"
        },
        {
            "label": "group",
            "weight": 5,
            "id": "β 2 -адреномиметик"
        },
        {
            "label": "noun",
            "weight": 5,
            "id": "при совместный применение"
        },
        {
            "label": "action",
            "weight": 5,
            "id": "в малый степень влиять на вызывать β 2 -адреномиметик бронходилатацию, чем неселективный β-адреноблокатор"
        },
        {
            "label": "action",
            "weight": 5,
            "id": "в малый степени, чем неселективный β-адреноблокаторы, влиять на продукция инсулин и углеводный обмен"
        },
        {
            "label": "noun",
            "weight": 5,
            "id": "на реакция сердечно-сосудистый система (ссс"
        },
        {
            "label": "condition",
            "weight": 5,
            "id": "в условие гипогликемия"
        },
        {
            "label": "noun",
            "weight": 5,
            "id": "влияние"
        },
        {
            "label": "action",
            "weight": 5,
            "id": "значительно менее выразить по сравнение с неселективный β-адреноблокатор"
        },
        {
            "label": "group",
            "weight": 5,
            "id": "улучшение качество жизнь при лечение"
        },
        {
            "label": "condition",
            "weight": 5,
            "id": "после инфаркт миокард"
        },
        {
            "label": "metabol",
            "weight": 5,
            "id": "подвергаться окислительный метаболизм в печень"
        }
    ],
    "links": [
        {
            "source": "бета-адреноблокатор",
            "target": "селективный бетаадреноблокатор"
        },
        {
            "source": "внутривенный введение",
            "target": "метопролоть"
        },
        {
            "source": "внутривенный введение",
            "target": "уменьшать боль в грудь"
        },
        {
            "source": "внутривенный введение",
            "target": "снижать риск развитие фибрилляция и трепетание предсердие"
        },
        {
            "source": "внутривенный введение",
            "target": "в течение 24 час после появление первый симптомов) снижать риск развитие инфаркт миокард"
        },
        {
            "source": "метопролоть",
            "target": "β 1 -адреноблокатор"
        },
        {
            "source": "метопролоть",
            "target": "обладать незначительный мембраностабилизировать действие"
        },
        {
            "source": "метопролоть",
            "target": "не проявлять активность частичный агонист"
        },
        {
            "source": "метопролоть",
            "target": "снижать или ингибировать агонистический действие, который оказывать на сердечный деятельность катехоламины, образоваться при нервный и физический стресс"
        },
        {
            "source": "метопролоть",
            "target": "обладать способность препятствовать увеличение"
        },
        {
            "source": "метопролоть",
            "target": "при совместный применение"
        },
        {
            "source": "метопролоть",
            "target": "в малый степени, чем неселективный β-адреноблокаторы, влиять на продукция инсулин и углеводный обмен"
        },
        {
            "source": "метопролоть",
            "target": "на реакция сердечно-сосудистый система (ссс"
        },
        {
            "source": "метопролоть",
            "target": "влияние"
        },
        {
            "source": "метопролоть",
            "target": "улучшение качество жизнь при лечение"
        },
        {
            "source": "метопролоть",
            "target": "подвергаться окислительный метаболизм в печень"
        },
        {
            "source": "снижать риск развитие фибрилляция и трепетание предсердие",
            "target": "с инфаркт миокард"
        },
        {
            "source": "метопролол",
            "target": "приводить к улучшение дальнейший прогноз лечение инфаркт миокард"
        },
        {
            "source": "уменьшение частота сердечный сокращение (чсс",
            "target": "при пароксизмальный тахикардия и фибрилляция (трепетании) предсердие"
        },
        {
            "source": "обладать способность препятствовать увеличение",
            "target": "частота сердечный сокращение"
        },
        {
            "source": "частота сердечный сокращение",
            "target": "вызывать резкий выброс катехоламин"
        },
        {
            "source": "пациент",
            "target": "с симптом обструктивный заболевание лёгкий"
        },
        {
            "source": "пациент",
            "target": "можно назначать метопролоть в сочетание с β 2 -адреномиметик"
        },
        {
            "source": "β 2 -адреномиметик",
            "target": "при совместный применение"
        },
        {
            "source": "при совместный применение",
            "target": "в малый степень влиять на вызывать β 2 -адреномиметик бронходилатацию, чем неселективный β-адреноблокатор"
        },
        {
            "source": "на реакция сердечно-сосудистый система (ссс",
            "target": "в условие гипогликемия"
        },
        {
            "source": "влияние",
            "target": "значительно менее выразить по сравнение с неселективный β-адреноблокатор"
        },
        {
            "source": "улучшение качество жизнь при лечение",
            "target": "после инфаркт миокард"
        }
    ]
}