{
    "directed": true,
    "multigraph": false,
    "graph": {},
    "nodes": [
        {
            "label": "prepare",
            "weight": 5,
            "id": "эсциталопра"
        },
        {
            "label": "mechanism",
            "weight": 5,
            "id": "селективный ингибитор обратный захват серотонин (5-нт) с высокий аффинность к первичный активный центр"
        },
        {
            "label": "action",
            "weight": 5,
            "id": "не иметь или иметь низкий аффинность к ряд рецептор"
        },
        {
            "label": "noun",
            "weight": 5,
            "id": "5ht 1a, 5-нт 2, da d 1 и d 2 α 1 -, α 2 -, β-адренорецепторы, гистамин h 1, холинергический мускарин, бензодиазепин и опиоидный рецептор"
        },
        {
            "label": "prepare",
            "weight": 5,
            "id": "эсциталопрам"
        },
        {
            "label": "mechanism",
            "weight": 5,
            "id": "ингибирование обратный захват 5-нт"
        },
        {
            "label": "mechanism",
            "weight": 5,
            "id": "ингибирование обратный захват серотонин"
        },
        {
            "label": "metabol",
            "weight": 5,
            "id": "в печень"
        },
        {
            "label": "excretion",
            "weight": 5,
            "id": "печень"
        },
        {
            "label": "excretion",
            "weight": 5,
            "id": "почка"
        },
        {
            "label": "group",
            "weight": 5,
            "id": "сиозс"
        },
        {
            "label": "group",
            "weight": 5,
            "id": "необратимый неселективный ингибитор мао"
        },
        {
            "label": "recomendation",
            "weight": 5,
            "id": "мочь быть назначить через 14 день после прекращение лечение необратимый неселективный ингибитор мао"
        },
        {
            "label": "group",
            "weight": 5,
            "id": "обратимый селективный ингибитор мао тип а"
        },
        {
            "label": "prepare",
            "weight": 5,
            "id": "моклобемида"
        },
        {
            "label": "noun",
            "weight": 5,
            "id": "применение"
        },
        {
            "label": "group",
            "weight": 5,
            "id": "с обратимый селективный ингибитор мао"
        },
        {
            "label": "banned",
            "weight": 5,
            "id": "противопоказанный"
        },
        {
            "label": "group",
            "weight": 5,
            "id": "обратимый неселективный ингибитор мао"
        },
        {
            "label": "prepare",
            "weight": 5,
            "id": "линезолида"
        },
        {
            "label": "group",
            "weight": 5,
            "id": "антибиотик"
        },
        {
            "label": "mechanism",
            "weight": 5,
            "id": "являться обратимый неселективный ингибитор мао"
        },
        {
            "label": "banned",
            "weight": 5,
            "id": "не должный применяться у пациентов, получать терапия эсциталопрам"
        },
        {
            "label": "group",
            "weight": 5,
            "id": "необратимый селективный ингибитор мао тип в"
        },
        {
            "label": "prepare",
            "weight": 5,
            "id": "селегилин"
        },
        {
            "label": "action",
            "weight": 5,
            "id": "в случай совместный применение"
        },
        {
            "label": "recomendation",
            "weight": 5,
            "id": "необходимый осторожность"
        },
        {
            "label": "side_e",
            "weight": 5,
            "id": "риск развитие серотониновый синдром"
        },
        {
            "label": "group",
            "weight": 5,
            "id": "лекарственный препаратов, удлинять интервал qt"
        },
        {
            "label": "group",
            "weight": 5,
            "id": "антиаритмический препарат класс ia и iii"
        },
        {
            "label": "group",
            "weight": 5,
            "id": "нейролептик"
        },
        {
            "label": "group",
            "weight": 5,
            "id": "производный фенотиазин"
        },
        {
            "label": "prepare",
            "weight": 5,
            "id": "пимозид"
        },
        {
            "label": "prepare",
            "weight": 5,
            "id": "галоперидол"
        },
        {
            "label": "group",
            "weight": 5,
            "id": "трициклический и тетрациклический антидепрессант"
        },
        {
            "label": "prepare",
            "weight": 5,
            "id": "амитриптилин"
        },
        {
            "label": "prepare",
            "weight": 5,
            "id": "имипрамин"
        },
        {
            "label": "prepare",
            "weight": 5,
            "id": "мапротилин"
        },
        {
            "label": "group",
            "weight": 5,
            "id": "противомикробный препарат"
        },
        {
            "label": "group",
            "weight": 5,
            "id": "макролидный антибиотик"
        },
        {
            "label": "prepare",
            "weight": 5,
            "id": "эритромицин"
        },
        {
            "label": "prepare",
            "weight": 5,
            "id": "кларитромицин"
        },
        {
            "label": "group",
            "weight": 5,
            "id": "производный хинолоно"
        },
        {
            "label": "group",
            "weight": 5,
            "id": "фторхинолон"
        },
        {
            "label": "prepare",
            "weight": 5,
            "id": "спарфлоксацин"
        },
        {
            "label": "prepare",
            "weight": 5,
            "id": "моксифлоксацин"
        },
        {
            "label": "group",
            "weight": 5,
            "id": "противогрибковый средство азоловой ряд"
        },
        {
            "label": "prepare",
            "weight": 5,
            "id": "кетоконазол"
        },
        {
            "label": "prepare",
            "weight": 5,
            "id": "флуконазол"
        },
        {
            "label": "group",
            "weight": 5,
            "id": "препарат для лечение малярия"
        },
        {
            "label": "prepare",
            "weight": 5,
            "id": "галофантрина"
        },
        {
            "label": "action",
            "weight": 5,
            "id": "одновременный приём препарат"
        },
        {
            "label": "recomendation",
            "weight": 5,
            "id": "требовать осторожность при использование"
        },
        {
            "label": "group",
            "weight": 5,
            "id": "нейролептик-производная фенотиазин"
        },
        {
            "label": "prepare",
            "weight": 5,
            "id": "тиоксанесть"
        },
        {
            "label": "prepare",
            "weight": 5,
            "id": "бутирофенон"
        },
        {
            "label": "prepare",
            "weight": 5,
            "id": "мефлохина"
        },
        {
            "label": "prepare",
            "weight": 5,
            "id": "трамадол"
        },
        {
            "label": "action",
            "weight": 5,
            "id": "одновременный применение"
        },
        {
            "label": "group",
            "weight": 5,
            "id": "препарат литий"
        },
        {
            "label": "prepare",
            "weight": 5,
            "id": "триптофан"
        },
        {
            "label": "action",
            "weight": 5,
            "id": "усиление действие эсциталопрам"
        },
        {
            "label": "group",
            "weight": 5,
            "id": "с препарат зверобой продырявить"
        },
        {
            "label": "noun",
            "weight": 5,
            "id": "hypericum perforatum"
        },
        {
            "label": "action",
            "weight": 5,
            "id": "мочь привести к увеличение число побочный эффект"
        },
        {
            "label": "group",
            "weight": 5,
            "id": "антикоагулянт"
        },
        {
            "label": "group",
            "weight": 5,
            "id": "средства, влиять на свёртываемость кровь"
        },
        {
            "label": "action",
            "weight": 5,
            "id": "нарушение свёртываемость кровь"
        },
        {
            "label": "group",
            "weight": 5,
            "id": "лекарственный препаратами, влиять на свёртываемость кровь"
        },
        {
            "label": "group",
            "weight": 5,
            "id": "атипичный нейролептик"
        },
        {
            "label": "group",
            "weight": 5,
            "id": "трициклический антидепрессант"
        },
        {
            "label": "group",
            "weight": 5,
            "id": "ацетилсалициловый кислота"
        },
        {
            "label": "group",
            "weight": 5,
            "id": "нестероидный противовоспалительный препарат (нпвп"
        },
        {
            "label": "prepare",
            "weight": 5,
            "id": "тиклопидин"
        },
        {
            "label": "prepare",
            "weight": 5,
            "id": "дипиридамол"
        },
        {
            "label": "action",
            "weight": 5,
            "id": "одновременный приём"
        },
        {
            "label": "group",
            "weight": 5,
            "id": "нпвп"
        },
        {
            "label": "side_e",
            "weight": 5,
            "id": "увеличение число случай развитие кровотечение"
        },
        {
            "label": "group",
            "weight": 5,
            "id": "серотонинергический лекарственный препарат"
        },
        {
            "label": "prepare",
            "weight": 5,
            "id": "бупренофрина"
        },
        {
            "label": "prepare",
            "weight": 5,
            "id": "суматриптан"
        },
        {
            "label": "group",
            "weight": 5,
            "id": "триптан"
        },
        {
            "label": "group",
            "weight": 5,
            "id": "лекарственный средств, вызывающий развитие гипокалиемии/гипомагниемия"
        },
        {
            "label": "side_e",
            "weight": 5,
            "id": "риск развитие злокачественный аритмия"
        },
        {
            "label": "recomendation",
            "weight": 5,
            "id": "требоваться соблюдать осторожность"
        },
        {
            "label": "metabol",
            "weight": 5,
            "id": "осуществляться в основное при помощь фермент cyp2c19"
        },
        {
            "label": "action",
            "weight": 5,
            "id": "одновременный введение"
        },
        {
            "label": "prepare",
            "weight": 5,
            "id": "омепразол"
        },
        {
            "label": "action",
            "weight": 5,
            "id": "умеренный (приблизительно на 50%) увеличение концентрация эсциталопрам"
        },
        {
            "label": "noun",
            "weight": 5,
            "id": "общий ингибитор фермент средний сила"
        },
        {
            "label": "prepare",
            "weight": 5,
            "id": "циметидина"
        },
        {
            "label": "prepare",
            "weight": 5,
            "id": "циметидин"
        },
        {
            "label": "recomendation",
            "weight": 5,
            "id": "необходимо с осторожность комбинировать с"
        },
        {
            "label": "recomendation",
            "weight": 5,
            "id": "нужно с осторожность комбинировать с ингибитор cyp2c19"
        },
        {
            "label": "prepare",
            "weight": 5,
            "id": "эзомепразол"
        },
        {
            "label": "prepare",
            "weight": 5,
            "id": "флувоксамин"
        },
        {
            "label": "prepare",
            "weight": 5,
            "id": "лансопразол"
        },
        {
            "label": "metabol",
            "weight": 5,
            "id": "являться ингибитор фермент cyp2d6"
        },
        {
            "label": "group",
            "weight": 5,
            "id": "препаратов, воздействовать на цнс"
        },
        {
            "label": "metabol",
            "weight": 5,
            "id": "который в основное метаболизироваться cyp2d6"
        },
        {
            "label": "group",
            "weight": 5,
            "id": "антидепрессант"
        },
        {
            "label": "prepare",
            "weight": 5,
            "id": "дезипрамин"
        },
        {
            "label": "prepare",
            "weight": 5,
            "id": "кломипрамин"
        },
        {
            "label": "prepare",
            "weight": 5,
            "id": "нортриптилин"
        },
        {
            "label": "prepare",
            "weight": 5,
            "id": "метопролол"
        },
        {
            "label": "action",
            "weight": 5,
            "id": "привести к двукратный увеличение концентрация"
        },
        {
            "label": "metabol",
            "weight": 5,
            "id": "быть слабый ингибитор cyp2c19"
        }
    ],
    "links": [
        {
            "source": "эсциталопра",
            "target": "селективный ингибитор обратный захват серотонин (5-нт) с высокий аффинность к первичный активный центр"
        },
        {
            "source": "эсциталопра",
            "target": "не иметь или иметь низкий аффинность к ряд рецептор"
        },
        {
            "source": "эсциталопра",
            "target": "в печень"
        },
        {
            "source": "эсциталопра",
            "target": "печень"
        },
        {
            "source": "эсциталопра",
            "target": "почка"
        },
        {
            "source": "эсциталопра",
            "target": "мочь быть назначить через 14 день после прекращение лечение необратимый неселективный ингибитор мао"
        },
        {
            "source": "эсциталопра",
            "target": "циметидин"
        },
        {
            "source": "эсциталопра",
            "target": "необходимо с осторожность комбинировать с"
        },
        {
            "source": "эсциталопра",
            "target": "являться ингибитор фермент cyp2d6"
        },
        {
            "source": "эсциталопра",
            "target": "быть слабый ингибитор cyp2c19"
        },
        {
            "source": "не иметь или иметь низкий аффинность к ряд рецептор",
            "target": "5ht 1a, 5-нт 2, da d 1 и d 2 α 1 -, α 2 -, β-адренорецепторы, гистамин h 1, холинергический мускарин, бензодиазепин и опиоидный рецептор"
        },
        {
            "source": "эсциталопрам",
            "target": "ингибирование обратный захват 5-нт"
        },
        {
            "source": "эсциталопрам",
            "target": "ингибирование обратный захват серотонин"
        },
        {
            "source": "эсциталопрам",
            "target": "с обратимый селективный ингибитор мао"
        },
        {
            "source": "эсциталопрам",
            "target": "необратимый селективный ингибитор мао тип в"
        },
        {
            "source": "эсциталопрам",
            "target": "в случай совместный применение"
        },
        {
            "source": "эсциталопрам",
            "target": "лекарственный препаратов, удлинять интервал qt"
        },
        {
            "source": "эсциталопрам",
            "target": "антикоагулянт"
        },
        {
            "source": "эсциталопрам",
            "target": "осуществляться в основное при помощь фермент cyp2c19"
        },
        {
            "source": "эсциталопрам",
            "target": "омепразол"
        },
        {
            "source": "эсциталопрам",
            "target": "общий ингибитор фермент средний сила"
        },
        {
            "source": "сиозс",
            "target": "необратимый неселективный ингибитор мао"
        },
        {
            "source": "обратимый селективный ингибитор мао тип а",
            "target": "моклобемида"
        },
        {
            "source": "применение",
            "target": "эсциталопрам"
        },
        {
            "source": "применение",
            "target": "противопоказанный"
        },
        {
            "source": "с обратимый селективный ингибитор мао",
            "target": "моклобемида"
        },
        {
            "source": "обратимый неселективный ингибитор мао",
            "target": "линезолида"
        },
        {
            "source": "линезолида",
            "target": "являться обратимый неселективный ингибитор мао"
        },
        {
            "source": "линезолида",
            "target": "не должный применяться у пациентов, получать терапия эсциталопрам"
        },
        {
            "source": "антибиотик",
            "target": "линезолида"
        },
        {
            "source": "селегилин",
            "target": "необратимый селективный ингибитор мао тип в"
        },
        {
            "source": "в случай совместный применение",
            "target": "необходимый осторожность"
        },
        {
            "source": "необходимый осторожность",
            "target": "риск развитие серотониновый синдром"
        },
        {
            "source": "лекарственный препаратов, удлинять интервал qt",
            "target": "антиаритмический препарат класс ia и iii"
        },
        {
            "source": "лекарственный препаратов, удлинять интервал qt",
            "target": "нейролептик"
        },
        {
            "source": "лекарственный препаратов, удлинять интервал qt",
            "target": "трициклический и тетрациклический антидепрессант"
        },
        {
            "source": "лекарственный препаратов, удлинять интервал qt",
            "target": "сиозс"
        },
        {
            "source": "лекарственный препаратов, удлинять интервал qt",
            "target": "противомикробный препарат"
        },
        {
            "source": "лекарственный препаратов, удлинять интервал qt",
            "target": "противогрибковый средство азоловой ряд"
        },
        {
            "source": "нейролептик",
            "target": "производный фенотиазин"
        },
        {
            "source": "нейролептик",
            "target": "пимозид"
        },
        {
            "source": "нейролептик",
            "target": "галоперидол"
        },
        {
            "source": "трициклический и тетрациклический антидепрессант",
            "target": "амитриптилин"
        },
        {
            "source": "трициклический и тетрациклический антидепрессант",
            "target": "имипрамин"
        },
        {
            "source": "трициклический и тетрациклический антидепрессант",
            "target": "мапротилин"
        },
        {
            "source": "противомикробный препарат",
            "target": "макролидный антибиотик"
        },
        {
            "source": "противомикробный препарат",
            "target": "производный хинолоно"
        },
        {
            "source": "противомикробный препарат",
            "target": "фторхинолон"
        },
        {
            "source": "макролидный антибиотик",
            "target": "эритромицин"
        },
        {
            "source": "макролидный антибиотик",
            "target": "кларитромицин"
        },
        {
            "source": "фторхинолон",
            "target": "спарфлоксацин"
        },
        {
            "source": "фторхинолон",
            "target": "моксифлоксацин"
        },
        {
            "source": "противогрибковый средство азоловой ряд",
            "target": "кетоконазол"
        },
        {
            "source": "противогрибковый средство азоловой ряд",
            "target": "флуконазол"
        },
        {
            "source": "препарат для лечение малярия",
            "target": "галофантрина"
        },
        {
            "source": "одновременный приём препарат",
            "target": "требовать осторожность при использование"
        },
        {
            "source": "нейролептик-производная фенотиазин",
            "target": "тиоксанесть"
        },
        {
            "source": "нейролептик-производная фенотиазин",
            "target": "бутирофенон"
        },
        {
            "source": "нейролептик-производная фенотиазин",
            "target": "мефлохина"
        },
        {
            "source": "нейролептик-производная фенотиазин",
            "target": "трамадол"
        },
        {
            "source": "одновременный применение",
            "target": "препарат литий"
        },
        {
            "source": "одновременный применение",
            "target": "усиление действие эсциталопрам"
        },
        {
            "source": "одновременный применение",
            "target": "с препарат зверобой продырявить"
        },
        {
            "source": "одновременный применение",
            "target": "мочь привести к увеличение число побочный эффект"
        },
        {
            "source": "одновременный применение",
            "target": "требоваться соблюдать осторожность"
        },
        {
            "source": "препарат литий",
            "target": "триптофан"
        },
        {
            "source": "с препарат зверобой продырявить",
            "target": "hypericum perforatum"
        },
        {
            "source": "антикоагулянт",
            "target": "средства, влиять на свёртываемость кровь"
        },
        {
            "source": "антикоагулянт",
            "target": "нарушение свёртываемость кровь"
        },
        {
            "source": "лекарственный препаратами, влиять на свёртываемость кровь",
            "target": "нарушение свёртываемость кровь"
        },
        {
            "source": "лекарственный препаратами, влиять на свёртываемость кровь",
            "target": "атипичный нейролептик"
        },
        {
            "source": "лекарственный препаратами, влиять на свёртываемость кровь",
            "target": "производный фенотиазин"
        },
        {
            "source": "лекарственный препаратами, влиять на свёртываемость кровь",
            "target": "трициклический антидепрессант"
        },
        {
            "source": "лекарственный препаратами, влиять на свёртываемость кровь",
            "target": "ацетилсалициловый кислота"
        },
        {
            "source": "лекарственный препаратами, влиять на свёртываемость кровь",
            "target": "нестероидный противовоспалительный препарат (нпвп"
        },
        {
            "source": "лекарственный препаратами, влиять на свёртываемость кровь",
            "target": "тиклопидин"
        },
        {
            "source": "лекарственный препаратами, влиять на свёртываемость кровь",
            "target": "дипиридамол"
        },
        {
            "source": "одновременный приём",
            "target": "нпвп"
        },
        {
            "source": "одновременный приём",
            "target": "увеличение число случай развитие кровотечение"
        },
        {
            "source": "одновременный приём",
            "target": "дезипрамин"
        },
        {
            "source": "одновременный приём",
            "target": "привести к двукратный увеличение концентрация"
        },
        {
            "source": "серотонинергический лекарственный препарат",
            "target": "трамадол"
        },
        {
            "source": "серотонинергический лекарственный препарат",
            "target": "бупренофрина"
        },
        {
            "source": "серотонинергический лекарственный препарат",
            "target": "суматриптан"
        },
        {
            "source": "серотонинергический лекарственный препарат",
            "target": "триптан"
        },
        {
            "source": "лекарственный средств, вызывающий развитие гипокалиемии/гипомагниемия",
            "target": "риск развитие злокачественный аритмия"
        },
        {
            "source": "одновременный введение",
            "target": "эсциталопрам"
        },
        {
            "source": "одновременный введение",
            "target": "умеренный (приблизительно на 50%) увеличение концентрация эсциталопрам"
        },
        {
            "source": "циметидина",
            "target": "общий ингибитор фермент средний сила"
        },
        {
            "source": "нужно с осторожность комбинировать с ингибитор cyp2c19",
            "target": "омепразол"
        },
        {
            "source": "нужно с осторожность комбинировать с ингибитор cyp2c19",
            "target": "эзомепразол"
        },
        {
            "source": "нужно с осторожность комбинировать с ингибитор cyp2c19",
            "target": "флувоксамин"
        },
        {
            "source": "нужно с осторожность комбинировать с ингибитор cyp2c19",
            "target": "лансопразол"
        },
        {
            "source": "нужно с осторожность комбинировать с ингибитор cyp2c19",
            "target": "тиклопидин"
        },
        {
            "source": "нужно с осторожность комбинировать с ингибитор cyp2c19",
            "target": "циметидин"
        },
        {
            "source": "препаратов, воздействовать на цнс",
            "target": "который в основное метаболизироваться cyp2d6"
        },
        {
            "source": "препаратов, воздействовать на цнс",
            "target": "антидепрессант"
        },
        {
            "source": "препаратов, воздействовать на цнс",
            "target": "нейролептик"
        },
        {
            "source": "антидепрессант",
            "target": "дезипрамин"
        },
        {
            "source": "антидепрессант",
            "target": "кломипрамин"
        },
        {
            "source": "антидепрессант",
            "target": "нортриптилин"
        },
        {
            "source": "дезипрамин",
            "target": "метопролол"
        }
    ]
}