{
    "directed": true,
    "multigraph": false,
    "graph": {},
    "nodes": [
        {
            "label": "group",
            "weight": 5,
            "id": "средства, действовать на ренин-ангиотензиновый система"
        },
        {
            "label": "group",
            "weight": 5,
            "id": "ингибитор ангиотензинпревращать фермент (апф"
        },
        {
            "label": "prepare",
            "weight": 5,
            "id": "периндоприть"
        },
        {
            "label": "mechanism",
            "weight": 5,
            "id": "ингибитор апф – фермента, превращать ангиотензин i в ангиотензин ii"
        },
        {
            "label": "hormone",
            "weight": 5,
            "id": "апф (кининаза"
        },
        {
            "label": "mechanism",
            "weight": 5,
            "id": "превращение ангиотензин i в сосудосуживающий вещество ангиотензин ii"
        },
        {
            "label": "mechanism",
            "weight": 5,
            "id": "разрушение брадикинина, обладать сосудорасширяющий действием, до неактивный гептапептид"
        },
        {
            "label": "mechanism",
            "weight": 5,
            "id": "подавление апф"
        },
        {
            "label": "action",
            "weight": 5,
            "id": "приводить к снижение содержание ангиотензин ii в плазма кровь"
        },
        {
            "label": "action",
            "weight": 5,
            "id": "повышаться активность ренин в плазма кровь"
        },
        {
            "label": "action",
            "weight": 5,
            "id": "снижаться секреция альдостерон"
        },
        {
            "label": "action",
            "weight": 5,
            "id": "повышение активность как циркулирующей, так и тканевый калликреин-кининовый система"
        },
        {
            "label": "action",
            "weight": 5,
            "id": "активироваться система простагландин"
        },
        {
            "label": "action",
            "weight": 5,
            "id": "уменьшать общий периферический сосудистый сопротивление (опсс"
        },
        {
            "label": "action",
            "weight": 5,
            "id": "приводить к снижение артериальный давление (ад"
        },
        {
            "label": "action",
            "weight": 5,
            "id": "периферический кровоток ускоряться без изменение частота сердечный сокращение (чсс"
        },
        {
            "label": "noun",
            "weight": 5,
            "id": "активный метаболит"
        },
        {
            "label": "prepare",
            "weight": 5,
            "id": "периндоприлат"
        },
        {
            "label": "action",
            "weight": 5,
            "id": "эффективный в терапия"
        },
        {
            "label": "illness",
            "weight": 5,
            "id": "артериальный гипертензия"
        },
        {
            "label": "action",
            "weight": 5,
            "id": "снижение как систолического, так и диастолический ад"
        },
        {
            "label": "action",
            "weight": 5,
            "id": "увеличение почечный кровоток"
        },
        {
            "label": "action",
            "weight": 5,
            "id": "оказывать сосудорасширяющий действие"
        },
        {
            "label": "action",
            "weight": 5,
            "id": "способствовать восстановление эластичность крупный артерия и структура сосудистый стенка мелкий артерия"
        },
        {
            "label": "action",
            "weight": 5,
            "id": "уменьшать гипертрофия левый желудочек"
        },
        {
            "label": "group",
            "weight": 5,
            "id": "тиазидный диуретик"
        },
        {
            "label": "noun",
            "weight": 5,
            "id": "одновременный применение"
        },
        {
            "label": "action",
            "weight": 5,
            "id": "усиливать выраженность антигипертензивный эффект"
        },
        {
            "label": "group",
            "weight": 5,
            "id": "ингибитор апф"
        },
        {
            "label": "action",
            "weight": 5,
            "id": "приводить к снижение риск развитие"
        },
        {
            "label": "side_e",
            "weight": 5,
            "id": "гипокалиемия"
        },
        {
            "label": "action",
            "weight": 5,
            "id": "нормализовать работа сердце"
        },
        {
            "label": "action",
            "weight": 5,
            "id": "снижать преднагрузка и постнагрузка"
        },
        {
            "label": "illness",
            "weight": 5,
            "id": "хронический сердечный недостаточность"
        },
        {
            "label": "action",
            "weight": 5,
            "id": "снижение давление наполнение в левый и право желудочек сердце"
        },
        {
            "label": "action",
            "weight": 5,
            "id": "снижение опсс"
        },
        {
            "label": "action",
            "weight": 5,
            "id": "повышение сердечный выброс"
        },
        {
            "label": "action",
            "weight": 5,
            "id": "увеличение сердечный индекс"
        },
        {
            "label": "absorbtion",
            "weight": 5,
            "id": "внутрь"
        },
        {
            "label": "absorbtion",
            "weight": 5,
            "id": "всасываться в желудочно-кишечный тракт"
        },
        {
            "label": "distribution",
            "weight": 5,
            "id": "белок плазма кровь"
        },
        {
            "label": "distribution",
            "weight": 5,
            "id": "носить дозозависимый характер"
        },
        {
            "label": "excretion",
            "weight": 5,
            "id": "выводиться почка"
        },
        {
            "label": "action",
            "weight": 5,
            "id": "замедлить"
        },
        {
            "label": "condition",
            "weight": 5,
            "id": "пациент пожилое возраст"
        },
        {
            "label": "illness",
            "weight": 5,
            "id": "сердечный и почечный недостаточность"
        },
        {
            "label": "action",
            "weight": 5,
            "id": "двойной блокада раас"
        },
        {
            "label": "action",
            "weight": 5,
            "id": "приводить"
        },
        {
            "label": "group",
            "weight": 5,
            "id": "ара ii"
        },
        {
            "label": "prepare",
            "weight": 5,
            "id": "алискирена"
        },
        {
            "label": "action",
            "weight": 5,
            "id": "увеличение частота возникновение"
        },
        {
            "label": "side_e",
            "weight": 5,
            "id": "артериальный гипотензия"
        },
        {
            "label": "side_e",
            "weight": 5,
            "id": "гиперкалиемия"
        },
        {
            "label": "illness",
            "weight": 5,
            "id": "нарушение функция почка"
        },
        {
            "label": "group",
            "weight": 5,
            "id": "препараты, содержать алискирена"
        },
        {
            "label": "prepare",
            "weight": 5,
            "id": "соль калий"
        },
        {
            "label": "group",
            "weight": 5,
            "id": "калийсберегающий диуретик"
        },
        {
            "label": "group",
            "weight": 5,
            "id": "нестероидный противовоспалительный препарат"
        },
        {
            "label": "group",
            "weight": 5,
            "id": "гепарин"
        },
        {
            "label": "group",
            "weight": 5,
            "id": "иммунодепрессант"
        },
        {
            "label": "noun",
            "weight": 5,
            "id": "совместный применение"
        },
        {
            "label": "prepare",
            "weight": 5,
            "id": "валсартан"
        },
        {
            "label": "prepare",
            "weight": 5,
            "id": "сакубитрил"
        },
        {
            "label": "banned",
            "weight": 5,
            "id": "противопоказанный"
        },
        {
            "label": "action",
            "weight": 5,
            "id": "подавление неприлизин"
        },
        {
            "label": "action",
            "weight": 5,
            "id": "мочь увеличить"
        },
        {
            "label": "side_e",
            "weight": 5,
            "id": "ангионевротический отёк"
        },
        {
            "label": "illness",
            "weight": 5,
            "id": "сахарный диабет"
        },
        {
            "label": "action",
            "weight": 5,
            "id": "повысить риск развитие"
        },
        {
            "label": "action",
            "weight": 5,
            "id": "мочь привести"
        },
        {
            "label": "action",
            "weight": 5,
            "id": "снижение антигипертензивный действие"
        },
        {
            "label": "group",
            "weight": 5,
            "id": "нпвп"
        },
        {
            "label": "action",
            "weight": 5,
            "id": "мочь приводить"
        },
        {
            "label": "side_e",
            "weight": 5,
            "id": "ухудшение функция почка"
        },
        {
            "label": "side_e",
            "weight": 5,
            "id": "развитие опн"
        },
        {
            "label": "side_e",
            "weight": 5,
            "id": "увеличение содержание калий в сыворотка кровь"
        },
        {
            "label": "action",
            "weight": 5,
            "id": "мочь вызывать"
        },
        {
            "label": "prepare",
            "weight": 5,
            "id": "рацекадотрил"
        },
        {
            "label": "noun",
            "weight": 5,
            "id": "при совместный применение"
        },
        {
            "label": "group",
            "weight": 5,
            "id": "ингибитор mtor"
        },
        {
            "label": "action",
            "weight": 5,
            "id": "повышаться риск развитие"
        },
        {
            "label": "prepare",
            "weight": 5,
            "id": "алтеплаз"
        },
        {
            "label": "illness",
            "weight": 5,
            "id": "острый ишемический инсульт"
        },
        {
            "label": "mechanism",
            "weight": 5,
            "id": "антигипертензивный"
        },
        {
            "label": "action",
            "weight": 5,
            "id": "мочь усиливаться"
        },
        {
            "label": "noun",
            "weight": 5,
            "id": "при одновременный применение"
        },
        {
            "label": "group",
            "weight": 5,
            "id": "гипотензивный"
        },
        {
            "label": "group",
            "weight": 5,
            "id": "сосудорасширяющий средство"
        },
        {
            "label": "group",
            "weight": 5,
            "id": "глиптина"
        },
        {
            "label": "action",
            "weight": 5,
            "id": "повышать риск"
        },
        {
            "label": "action",
            "weight": 5,
            "id": "снижение активность"
        },
        {
            "label": "noun",
            "weight": 5,
            "id": "дипептидилпептидазы-4 (дпп-iv"
        },
        {
            "label": "group",
            "weight": 5,
            "id": "трициклический антидепрессант"
        },
        {
            "label": "group",
            "weight": 5,
            "id": "антипсихотический средство"
        },
        {
            "label": "group",
            "weight": 5,
            "id": "средство для общий анестезия"
        },
        {
            "label": "action",
            "weight": 5,
            "id": "мочь приводить к усиление антигипертензивный действие"
        },
        {
            "label": "group",
            "weight": 5,
            "id": "симпатомиметик"
        },
        {
            "label": "action",
            "weight": 5,
            "id": "уменьшать антигипертензивный эффект"
        },
        {
            "label": "group",
            "weight": 5,
            "id": "препарат золото"
        },
        {
            "label": "side_e",
            "weight": 5,
            "id": "нитритоидный реакция"
        },
        {
            "label": "side_e",
            "weight": 5,
            "id": "гиперемия кожа лицо"
        },
        {
            "label": "side_e",
            "weight": 5,
            "id": "тошнота"
        }
    ],
    "links": [
        {
            "source": "средства, действовать на ренин-ангиотензиновый система",
            "target": "ингибитор ангиотензинпревращать фермент (апф"
        },
        {
            "source": "периндоприть",
            "target": "ингибитор апф – фермента, превращать ангиотензин i в ангиотензин ii"
        },
        {
            "source": "периндоприть",
            "target": "уменьшать общий периферический сосудистый сопротивление (опсс"
        },
        {
            "source": "периндоприть",
            "target": "активный метаболит"
        },
        {
            "source": "периндоприть",
            "target": "эффективный в терапия"
        },
        {
            "source": "периндоприть",
            "target": "снижение как систолического, так и диастолический ад"
        },
        {
            "source": "периндоприть",
            "target": "увеличение почечный кровоток"
        },
        {
            "source": "периндоприть",
            "target": "оказывать сосудорасширяющий действие"
        },
        {
            "source": "периндоприть",
            "target": "способствовать восстановление эластичность крупный артерия и структура сосудистый стенка мелкий артерия"
        },
        {
            "source": "периндоприть",
            "target": "уменьшать гипертрофия левый желудочек"
        },
        {
            "source": "периндоприть",
            "target": "нормализовать работа сердце"
        },
        {
            "source": "периндоприть",
            "target": "снижение давление наполнение в левый и право желудочек сердце"
        },
        {
            "source": "периндоприть",
            "target": "снижение опсс"
        },
        {
            "source": "периндоприть",
            "target": "повышение сердечный выброс"
        },
        {
            "source": "периндоприть",
            "target": "увеличение сердечный индекс"
        },
        {
            "source": "периндоприть",
            "target": "внутрь"
        },
        {
            "source": "периндоприть",
            "target": "всасываться в желудочно-кишечный тракт"
        },
        {
            "source": "периндоприть",
            "target": "антигипертензивный"
        },
        {
            "source": "периндоприть",
            "target": "мочь усиливаться"
        },
        {
            "source": "периндоприть",
            "target": "препарат золото"
        },
        {
            "source": "апф (кининаза",
            "target": "превращение ангиотензин i в сосудосуживающий вещество ангиотензин ii"
        },
        {
            "source": "апф (кининаза",
            "target": "разрушение брадикинина, обладать сосудорасширяющий действием, до неактивный гептапептид"
        },
        {
            "source": "подавление апф",
            "target": "приводить к снижение содержание ангиотензин ii в плазма кровь"
        },
        {
            "source": "подавление апф",
            "target": "повышение активность как циркулирующей, так и тканевый калликреин-кининовый система"
        },
        {
            "source": "приводить к снижение содержание ангиотензин ii в плазма кровь",
            "target": "повышаться активность ренин в плазма кровь"
        },
        {
            "source": "приводить к снижение содержание ангиотензин ii в плазма кровь",
            "target": "снижаться секреция альдостерон"
        },
        {
            "source": "повышение активность как циркулирующей, так и тканевый калликреин-кининовый система",
            "target": "активироваться система простагландин"
        },
        {
            "source": "уменьшать общий периферический сосудистый сопротивление (опсс",
            "target": "приводить к снижение артериальный давление (ад"
        },
        {
            "source": "приводить к снижение артериальный давление (ад",
            "target": "периферический кровоток ускоряться без изменение частота сердечный сокращение (чсс"
        },
        {
            "source": "активный метаболит",
            "target": "периндоприлат"
        },
        {
            "source": "периндоприлат",
            "target": "белок плазма кровь"
        },
        {
            "source": "периндоприлат",
            "target": "носить дозозависимый характер"
        },
        {
            "source": "периндоприлат",
            "target": "выводиться почка"
        },
        {
            "source": "периндоприлат",
            "target": "замедлить"
        },
        {
            "source": "эффективный в терапия",
            "target": "артериальный гипертензия"
        },
        {
            "source": "тиазидный диуретик",
            "target": "одновременный применение"
        },
        {
            "source": "тиазидный диуретик",
            "target": "приводить к снижение риск развитие"
        },
        {
            "source": "одновременный применение",
            "target": "усиливать выраженность антигипертензивный эффект"
        },
        {
            "source": "ингибитор апф",
            "target": "тиазидный диуретик"
        },
        {
            "source": "ингибитор апф",
            "target": "двойной блокада раас"
        },
        {
            "source": "ингибитор апф",
            "target": "гиперкалиемия"
        },
        {
            "source": "ингибитор апф",
            "target": "подавление неприлизин"
        },
        {
            "source": "ингибитор апф",
            "target": "нпвп"
        },
        {
            "source": "ингибитор апф",
            "target": "мочь вызывать"
        },
        {
            "source": "ингибитор апф",
            "target": "алтеплаз"
        },
        {
            "source": "ингибитор апф",
            "target": "повышать риск"
        },
        {
            "source": "ингибитор апф",
            "target": "мочь приводить к усиление антигипертензивный действие"
        },
        {
            "source": "приводить к снижение риск развитие",
            "target": "гипокалиемия"
        },
        {
            "source": "нормализовать работа сердце",
            "target": "снижать преднагрузка и постнагрузка"
        },
        {
            "source": "хронический сердечный недостаточность",
            "target": "периндоприть"
        },
        {
            "source": "замедлить",
            "target": "пациент пожилое возраст"
        },
        {
            "source": "пациент пожилое возраст",
            "target": "сердечный и почечный недостаточность"
        },
        {
            "source": "двойной блокада раас",
            "target": "приводить"
        },
        {
            "source": "ара ii",
            "target": "двойной блокада раас"
        },
        {
            "source": "ара ii",
            "target": "гиперкалиемия"
        },
        {
            "source": "алискирена",
            "target": "двойной блокада раас"
        },
        {
            "source": "алискирена",
            "target": "гиперкалиемия"
        },
        {
            "source": "увеличение частота возникновение",
            "target": "артериальный гипотензия"
        },
        {
            "source": "увеличение частота возникновение",
            "target": "гиперкалиемия"
        },
        {
            "source": "увеличение частота возникновение",
            "target": "нарушение функция почка"
        },
        {
            "source": "артериальный гипотензия",
            "target": "нитритоидный реакция"
        },
        {
            "source": "нарушение функция почка",
            "target": "повысить риск развитие"
        },
        {
            "source": "препараты, содержать алискирена",
            "target": "гиперкалиемия"
        },
        {
            "source": "соль калий",
            "target": "гиперкалиемия"
        },
        {
            "source": "калийсберегающий диуретик",
            "target": "гиперкалиемия"
        },
        {
            "source": "нестероидный противовоспалительный препарат",
            "target": "гиперкалиемия"
        },
        {
            "source": "гепарин",
            "target": "гиперкалиемия"
        },
        {
            "source": "иммунодепрессант",
            "target": "гиперкалиемия"
        },
        {
            "source": "совместный применение",
            "target": "периндоприть"
        },
        {
            "source": "совместный применение",
            "target": "валсартан"
        },
        {
            "source": "совместный применение",
            "target": "сакубитрил"
        },
        {
            "source": "совместный применение",
            "target": "противопоказанный"
        },
        {
            "source": "противопоказанный",
            "target": "подавление неприлизин"
        },
        {
            "source": "подавление неприлизин",
            "target": "мочь увеличить"
        },
        {
            "source": "мочь увеличить",
            "target": "ангионевротический отёк"
        },
        {
            "source": "ангионевротический отёк",
            "target": "снижение активность"
        },
        {
            "source": "сахарный диабет",
            "target": "повысить риск развитие"
        },
        {
            "source": "повысить риск развитие",
            "target": "гиперкалиемия"
        },
        {
            "source": "мочь привести",
            "target": "снижение антигипертензивный действие"
        },
        {
            "source": "снижение антигипертензивный действие",
            "target": "ингибитор апф"
        },
        {
            "source": "нпвп",
            "target": "мочь привести"
        },
        {
            "source": "нпвп",
            "target": "мочь приводить"
        },
        {
            "source": "мочь приводить",
            "target": "ухудшение функция почка"
        },
        {
            "source": "развитие опн",
            "target": "ухудшение функция почка"
        },
        {
            "source": "увеличение содержание калий в сыворотка кровь",
            "target": "ухудшение функция почка"
        },
        {
            "source": "мочь вызывать",
            "target": "ангионевротический отёк"
        },
        {
            "source": "рацекадотрил",
            "target": "при совместный применение"
        },
        {
            "source": "ингибитор mtor",
            "target": "повышаться риск развитие"
        },
        {
            "source": "повышаться риск развитие",
            "target": "ангионевротический отёк"
        },
        {
            "source": "алтеплаз",
            "target": "острый ишемический инсульт"
        },
        {
            "source": "алтеплаз",
            "target": "ангионевротический отёк"
        },
        {
            "source": "мочь усиливаться",
            "target": "при одновременный применение"
        },
        {
            "source": "при одновременный применение",
            "target": "гипотензивный"
        },
        {
            "source": "при одновременный применение",
            "target": "сосудорасширяющий средство"
        },
        {
            "source": "глиптина",
            "target": "ингибитор апф"
        },
        {
            "source": "повышать риск",
            "target": "ангионевротический отёк"
        },
        {
            "source": "снижение активность",
            "target": "дипептидилпептидазы-4 (дпп-iv"
        },
        {
            "source": "трициклический антидепрессант",
            "target": "ингибитор апф"
        },
        {
            "source": "антипсихотический средство",
            "target": "ингибитор апф"
        },
        {
            "source": "средство для общий анестезия",
            "target": "ингибитор апф"
        },
        {
            "source": "симпатомиметик",
            "target": "уменьшать антигипертензивный эффект"
        },
        {
            "source": "уменьшать антигипертензивный эффект",
            "target": "ингибитор апф"
        },
        {
            "source": "препарат золото",
            "target": "нитритоидный реакция"
        },
        {
            "source": "гиперемия кожа лицо",
            "target": "нитритоидный реакция"
        },
        {
            "source": "тошнота",
            "target": "нитритоидный реакция"
        }
    ]
}