{
    "directed": true,
    "multigraph": false,
    "graph": {},
    "nodes": [
        {
            "label": "prepare",
            "weight": 5,
            "id": "фозиноприлат"
        },
        {
            "label": "mechanism",
            "weight": 5,
            "id": "вследствие ингибирование апф"
        },
        {
            "label": "mechanism",
            "weight": 5,
            "id": "препятствовать превращение ангиотензин i в ангиотензин ii, обладать сосудосуживающий действие"
        },
        {
            "label": "mechanism",
            "weight": 5,
            "id": "ингибирование апф приводить к снижение концентрация ангиотензин ii в плазма кровь"
        },
        {
            "label": "mechanism",
            "weight": 5,
            "id": "обусловливать уменьшение он вазопрессорный активность"
        },
        {
            "label": "mechanism",
            "weight": 5,
            "id": "снижение секреция альдостерон"
        },
        {
            "label": "mechanism",
            "weight": 5,
            "id": "замедлять метаболизм брадикинин"
        },
        {
            "label": "action",
            "weight": 5,
            "id": "обладать мощный вазодилатировать действие"
        },
        {
            "label": "mechanism",
            "weight": 5,
            "id": "антигипертензивный действие усиливаться"
        },
        {
            "label": "prepare",
            "weight": 5,
            "id": "фозиноприть"
        },
        {
            "label": "noun",
            "weight": 5,
            "id": "антигипертензивный эффект"
        },
        {
            "label": "group",
            "weight": 5,
            "id": "тиазидный диуретик"
        },
        {
            "label": "action",
            "weight": 5,
            "id": "дополнять друг друг"
        },
        {
            "label": "illness",
            "weight": 5,
            "id": "хронический сердечный недостаточность"
        },
        {
            "label": "prepare",
            "weight": 5,
            "id": "фозикарда"
        },
        {
            "label": "action",
            "weight": 5,
            "id": "торможение ренин-ангиотензин-альдостеронов система (раас"
        },
        {
            "label": "excretion",
            "weight": 5,
            "id": "печень"
        },
        {
            "label": "excretion",
            "weight": 5,
            "id": "почка"
        },
        {
            "label": "action",
            "weight": 5,
            "id": "двойной блокада ренин-ангиотензин-альдостеронов система"
        },
        {
            "label": "group",
            "weight": 5,
            "id": "ара ii"
        },
        {
            "label": "group",
            "weight": 5,
            "id": "ингибитор апф"
        },
        {
            "label": "prepare",
            "weight": 5,
            "id": "алискирена"
        },
        {
            "label": "side_e",
            "weight": 5,
            "id": "артериальный гипотензия"
        },
        {
            "label": "side_e",
            "weight": 5,
            "id": "обморок"
        },
        {
            "label": "side_e",
            "weight": 5,
            "id": "гиперкалиемия"
        },
        {
            "label": "side_e",
            "weight": 5,
            "id": "нарушение функция почка"
        },
        {
            "label": "illness",
            "weight": 5,
            "id": "острый почечный недостаточность"
        },
        {
            "label": "prepare",
            "weight": 5,
            "id": "алискирен"
        },
        {
            "label": "recomendation",
            "weight": 5,
            "id": "противопоказанный"
        },
        {
            "label": "illness",
            "weight": 5,
            "id": "сахарный диабет"
        },
        {
            "label": "illness",
            "weight": 5,
            "id": "почечный недостаточность"
        },
        {
            "label": "illness",
            "weight": 5,
            "id": "диабетический нефропатия"
        },
        {
            "label": "group",
            "weight": 5,
            "id": "гипотензивный препарат"
        },
        {
            "label": "action",
            "weight": 5,
            "id": "усиливать"
        },
        {
            "label": "group",
            "weight": 5,
            "id": "опиоидный анальгетик"
        },
        {
            "label": "group",
            "weight": 5,
            "id": "лекарственный средство для общий анестезия"
        },
        {
            "label": "action",
            "weight": 5,
            "id": "антигипертензивный действие"
        },
        {
            "label": "group",
            "weight": 5,
            "id": "препарат литий"
        },
        {
            "label": "action",
            "weight": 5,
            "id": "возможно повышение концентрация"
        },
        {
            "label": "prepare",
            "weight": 5,
            "id": "литий"
        },
        {
            "label": "action",
            "weight": 5,
            "id": "риск развитие"
        },
        {
            "label": "side_e",
            "weight": 5,
            "id": "интоксикация литий"
        },
        {
            "label": "group",
            "weight": 5,
            "id": "ингибитор циклооксигеназы-2 (цог-2"
        },
        {
            "label": "group",
            "weight": 5,
            "id": "нестероидный противовоспалительный препарат (нпвп"
        },
        {
            "label": "prepare",
            "weight": 5,
            "id": "индометацин"
        },
        {
            "label": "action",
            "weight": 5,
            "id": "мочь снижать антигипертензивный действие"
        },
        {
            "label": "group",
            "weight": 5,
            "id": "нпвп"
        },
        {
            "label": "action",
            "weight": 5,
            "id": "мочь приводить к"
        },
        {
            "label": "side_e",
            "weight": 5,
            "id": "ухудшение функция почка"
        },
        {
            "label": "action",
            "weight": 5,
            "id": "усиливать гипогликемический эффект"
        },
        {
            "label": "group",
            "weight": 5,
            "id": "производная сульфонилмочевина"
        },
        {
            "label": "prepare",
            "weight": 5,
            "id": "инсулин"
        },
        {
            "label": "action",
            "weight": 5,
            "id": "усиливать риск развитие"
        },
        {
            "label": "side_e",
            "weight": 5,
            "id": "лейкопения"
        },
        {
            "label": "side_e",
            "weight": 5,
            "id": "агранулоцитоз"
        },
        {
            "label": "attention",
            "weight": 5,
            "id": "при одновременный применение"
        },
        {
            "label": "prepare",
            "weight": 5,
            "id": "аллопуринол"
        },
        {
            "label": "group",
            "weight": 5,
            "id": "цитостатический средство"
        },
        {
            "label": "group",
            "weight": 5,
            "id": "иммунодепрессант"
        },
        {
            "label": "prepare",
            "weight": 5,
            "id": "прокаинамид"
        },
        {
            "label": "group",
            "weight": 5,
            "id": "эстроген"
        },
        {
            "label": "action",
            "weight": 5,
            "id": "ослаблять антигипертензивный эффект"
        },
        {
            "label": "group",
            "weight": 5,
            "id": "ингибитор mtor"
        },
        {
            "label": "side_e",
            "weight": 5,
            "id": "ангионевротический отёк"
        },
        {
            "label": "group",
            "weight": 5,
            "id": "ингибитор дипептидилпептидаза iv тип (глиптина"
        },
        {
            "label": "action",
            "weight": 5,
            "id": "наблюдаться увеличение частота развитие"
        },
        {
            "label": "action",
            "weight": 5,
            "id": "увеличение частота развитие"
        },
        {
            "label": "action",
            "weight": 5,
            "id": "повышенный риска развитие"
        },
        {
            "label": "prepare",
            "weight": 5,
            "id": "рацекадотрить"
        },
        {
            "label": "group",
            "weight": 5,
            "id": "препаратами, содержать сакубитрил"
        },
        {
            "label": "action",
            "weight": 5,
            "id": "возрастать риск развитие"
        }
    ],
    "links": [
        {
            "source": "фозиноприлат",
            "target": "вследствие ингибирование апф"
        },
        {
            "source": "фозиноприлат",
            "target": "препятствовать превращение ангиотензин i в ангиотензин ii, обладать сосудосуживающий действие"
        },
        {
            "source": "фозиноприлат",
            "target": "замедлять метаболизм брадикинин"
        },
        {
            "source": "фозиноприлат",
            "target": "печень"
        },
        {
            "source": "фозиноприлат",
            "target": "почка"
        },
        {
            "source": "ингибирование апф приводить к снижение концентрация ангиотензин ii в плазма кровь",
            "target": "обусловливать уменьшение он вазопрессорный активность"
        },
        {
            "source": "обусловливать уменьшение он вазопрессорный активность",
            "target": "снижение секреция альдостерон"
        },
        {
            "source": "замедлять метаболизм брадикинин",
            "target": "обладать мощный вазодилатировать действие"
        },
        {
            "source": "обладать мощный вазодилатировать действие",
            "target": "антигипертензивный действие усиливаться"
        },
        {
            "source": "фозиноприть",
            "target": "антигипертензивный эффект"
        },
        {
            "source": "фозиноприть",
            "target": "препарат литий"
        },
        {
            "source": "фозиноприть",
            "target": "усиливать гипогликемический эффект"
        },
        {
            "source": "фозиноприть",
            "target": "усиливать риск развитие"
        },
        {
            "source": "антигипертензивный эффект",
            "target": "дополнять друг друг"
        },
        {
            "source": "тиазидный диуретик",
            "target": "антигипертензивный эффект"
        },
        {
            "source": "хронический сердечный недостаточность",
            "target": "фозикарда"
        },
        {
            "source": "фозикарда",
            "target": "торможение ренин-ангиотензин-альдостеронов система (раас"
        },
        {
            "source": "двойной блокада ренин-ангиотензин-альдостеронов система",
            "target": "ара ii"
        },
        {
            "source": "двойной блокада ренин-ангиотензин-альдостеронов система",
            "target": "ингибитор апф"
        },
        {
            "source": "двойной блокада ренин-ангиотензин-альдостеронов система",
            "target": "алискирена"
        },
        {
            "source": "двойной блокада ренин-ангиотензин-альдостеронов система",
            "target": "артериальный гипотензия"
        },
        {
            "source": "двойной блокада ренин-ангиотензин-альдостеронов система",
            "target": "обморок"
        },
        {
            "source": "двойной блокада ренин-ангиотензин-альдостеронов система",
            "target": "гиперкалиемия"
        },
        {
            "source": "двойной блокада ренин-ангиотензин-альдостеронов система",
            "target": "нарушение функция почка"
        },
        {
            "source": "ара ii",
            "target": "противопоказанный"
        },
        {
            "source": "ингибитор апф",
            "target": "ара ii"
        },
        {
            "source": "ингибитор апф",
            "target": "алискирен"
        },
        {
            "source": "ингибитор апф",
            "target": "алискирена"
        },
        {
            "source": "ингибитор апф",
            "target": "противопоказанный"
        },
        {
            "source": "ингибитор апф",
            "target": "мочь приводить к"
        },
        {
            "source": "ингибитор апф",
            "target": "ингибитор mtor"
        },
        {
            "source": "ингибитор апф",
            "target": "ингибитор дипептидилпептидаза iv тип (глиптина"
        },
        {
            "source": "ингибитор апф",
            "target": "повышенный риска развитие"
        },
        {
            "source": "острый почечный недостаточность",
            "target": "нарушение функция почка"
        },
        {
            "source": "острый почечный недостаточность",
            "target": "ухудшение функция почка"
        },
        {
            "source": "противопоказанный",
            "target": "сахарный диабет"
        },
        {
            "source": "противопоказанный",
            "target": "диабетический нефропатия"
        },
        {
            "source": "сахарный диабет",
            "target": "почечный недостаточность"
        },
        {
            "source": "гипотензивный препарат",
            "target": "усиливать"
        },
        {
            "source": "усиливать",
            "target": "антигипертензивный действие"
        },
        {
            "source": "опиоидный анальгетик",
            "target": "усиливать"
        },
        {
            "source": "лекарственный средство для общий анестезия",
            "target": "усиливать"
        },
        {
            "source": "препарат литий",
            "target": "возможно повышение концентрация"
        },
        {
            "source": "препарат литий",
            "target": "риск развитие"
        },
        {
            "source": "возможно повышение концентрация",
            "target": "литий"
        },
        {
            "source": "риск развитие",
            "target": "интоксикация литий"
        },
        {
            "source": "ингибитор циклооксигеназы-2 (цог-2",
            "target": "нестероидный противовоспалительный препарат (нпвп"
        },
        {
            "source": "индометацин",
            "target": "мочь снижать антигипертензивный действие"
        },
        {
            "source": "мочь снижать антигипертензивный действие",
            "target": "ингибитор апф"
        },
        {
            "source": "нпвп",
            "target": "ингибитор апф"
        },
        {
            "source": "мочь приводить к",
            "target": "ухудшение функция почка"
        },
        {
            "source": "усиливать гипогликемический эффект",
            "target": "производная сульфонилмочевина"
        },
        {
            "source": "усиливать гипогликемический эффект",
            "target": "инсулин"
        },
        {
            "source": "усиливать риск развитие",
            "target": "лейкопения"
        },
        {
            "source": "усиливать риск развитие",
            "target": "агранулоцитоз"
        },
        {
            "source": "усиливать риск развитие",
            "target": "при одновременный применение"
        },
        {
            "source": "при одновременный применение",
            "target": "аллопуринол"
        },
        {
            "source": "при одновременный применение",
            "target": "цитостатический средство"
        },
        {
            "source": "при одновременный применение",
            "target": "иммунодепрессант"
        },
        {
            "source": "при одновременный применение",
            "target": "прокаинамид"
        },
        {
            "source": "при одновременный применение",
            "target": "ингибитор апф"
        },
        {
            "source": "при одновременный применение",
            "target": "препаратами, содержать сакубитрил"
        },
        {
            "source": "эстроген",
            "target": "ослаблять антигипертензивный эффект"
        },
        {
            "source": "ослаблять антигипертензивный эффект",
            "target": "фозиноприть"
        },
        {
            "source": "ингибитор mtor",
            "target": "ангионевротический отёк"
        },
        {
            "source": "ангионевротический отёк",
            "target": "ингибитор апф"
        },
        {
            "source": "ингибитор дипептидилпептидаза iv тип (глиптина",
            "target": "наблюдаться увеличение частота развитие"
        },
        {
            "source": "наблюдаться увеличение частота развитие",
            "target": "ангионевротический отёк"
        },
        {
            "source": "увеличение частота развитие",
            "target": "ангионевротический отёк"
        },
        {
            "source": "повышенный риска развитие",
            "target": "ангионевротический отёк"
        },
        {
            "source": "рацекадотрить",
            "target": "повышенный риска развитие"
        },
        {
            "source": "препаратами, содержать сакубитрил",
            "target": "возрастать риск развитие"
        },
        {
            "source": "возрастать риск развитие",
            "target": "ангионевротический отёк"
        }
    ]
}