{
    "directed": true,
    "multigraph": false,
    "graph": {},
    "nodes": [
        {
            "label": "prepare",
            "weight": 5,
            "id": "спиронолактон"
        },
        {
            "label": "group",
            "weight": 5,
            "id": "калийсберегающий диуретик"
        },
        {
            "label": "mechanism",
            "weight": 5,
            "id": "конкурентный антагонист альдостерон"
        },
        {
            "label": "noun",
            "weight": 5,
            "id": "в дистальный отдел каналец"
        },
        {
            "label": "mechanism",
            "weight": 5,
            "id": "препятствовать задержка альдостерон натрий и вода и подавлять калийвыводить эффект альдостерон"
        },
        {
            "label": "action",
            "weight": 5,
            "id": "снижать артериальный давление"
        },
        {
            "label": "action",
            "weight": 5,
            "id": "оказывать антигипертензивный действие"
        },
        {
            "label": "side_e",
            "weight": 5,
            "id": "боль в грудь"
        },
        {
            "label": "side_e",
            "weight": 5,
            "id": "гинекомастие"
        },
        {
            "label": "noun",
            "weight": 5,
            "id": "наблюдаться у 10% мужчина"
        },
        {
            "label": "absorbtion",
            "weight": 5,
            "id": "быстро и полностью всасываться из желудочнокишечный тракт"
        },
        {
            "label": "distribution",
            "weight": 5,
            "id": "проникать через плацента и в грудной молоко"
        },
        {
            "label": "metabol",
            "weight": 5,
            "id": "быстро метаболизироваться в орг анизм человек"
        },
        {
            "label": "metabol",
            "weight": 5,
            "id": "7альф-тиометилспиронолактон"
        },
        {
            "label": "metabol",
            "weight": 5,
            "id": "канренона"
        },
        {
            "label": "action",
            "weight": 5,
            "id": "конкурентный антагонизм"
        },
        {
            "label": "hormone",
            "weight": 5,
            "id": "альдостерон"
        },
        {
            "label": "action",
            "weight": 5,
            "id": "антиандрогенный эффект"
        }
    ],
    "links": [
        {
            "source": "спиронолактон",
            "target": "калийсберегающий диуретик"
        },
        {
            "source": "спиронолактон",
            "target": "конкурентный антагонист альдостерон"
        },
        {
            "source": "спиронолактон",
            "target": "препятствовать задержка альдостерон натрий и вода и подавлять калийвыводить эффект альдостерон"
        },
        {
            "source": "спиронолактон",
            "target": "снижать артериальный давление"
        },
        {
            "source": "спиронолактон",
            "target": "оказывать антигипертензивный действие"
        },
        {
            "source": "спиронолактон",
            "target": "боль в грудь"
        },
        {
            "source": "спиронолактон",
            "target": "гинекомастие"
        },
        {
            "source": "спиронолактон",
            "target": "быстро и полностью всасываться из желудочнокишечный тракт"
        },
        {
            "source": "спиронолактон",
            "target": "проникать через плацента и в грудной молоко"
        },
        {
            "source": "спиронолактон",
            "target": "быстро метаболизироваться в орг анизм человек"
        },
        {
            "source": "спиронолактон",
            "target": "7альф-тиометилспиронолактон"
        },
        {
            "source": "спиронолактон",
            "target": "канренона"
        },
        {
            "source": "спиронолактон",
            "target": "конкурентный антагонизм"
        },
        {
            "source": "спиронолактон",
            "target": "антиандрогенный эффект"
        },
        {
            "source": "в дистальный отдел каналец",
            "target": "спиронолактон"
        },
        {
            "source": "боль в грудь",
            "target": "наблюдаться у 10% мужчина"
        },
        {
            "source": "гинекомастие",
            "target": "наблюдаться у 10% мужчина"
        },
        {
            "source": "конкурентный антагонизм",
            "target": "альдостерон"
        }
    ]
}