{
    "directed": true,
    "multigraph": false,
    "graph": {},
    "nodes": [
        {
            "label": "group",
            "weight": 5,
            "id": "бета-адреноблокатор"
        },
        {
            "label": "group",
            "weight": 5,
            "id": "селективный бетаадреноблокатор"
        },
        {
            "label": "prepare",
            "weight": 5,
            "id": "небиволола"
        },
        {
            "label": "group",
            "weight": 5,
            "id": "кардиоселективный β 1 -адреноблокатор третий поколение"
        },
        {
            "label": "mechanism",
            "weight": 5,
            "id": "вазодилатируть свойство"
        },
        {
            "label": "mechanism",
            "weight": 5,
            "id": "конкурентный и избирательно блокировать синаптический и постсинаптический β 1 -адренорецепторы, делать они недоступный для катехоламин"
        },
        {
            "label": "mechanism",
            "weight": 5,
            "id": "модулировать высвобождение эндотелиальный вазодилатируть фактор оксид азот (no"
        },
        {
            "label": "prepare",
            "weight": 5,
            "id": "d-небиволола"
        },
        {
            "label": "mechanism",
            "weight": 5,
            "id": "конкурентный и высокоселективный блокатор β 1 -адренорецептор"
        },
        {
            "label": "prepare",
            "weight": 5,
            "id": "l-небиволола"
        },
        {
            "label": "mechanism",
            "weight": 5,
            "id": "оказывать сосудорасширяющий действие за счёт модуляция высвобождение вазодилатируть фактор no из эндотелий сосуд"
        },
        {
            "label": "mechanism",
            "weight": 5,
            "id": "антигипертензивный"
        },
        {
            "label": "mechanism",
            "weight": 5,
            "id": "антиангинальный"
        },
        {
            "label": "mechanism",
            "weight": 5,
            "id": "антиаритмический действие"
        },
        {
            "label": "mechanism",
            "weight": 5,
            "id": "урежаета частота сердечный сокращение (чсс"
        },
        {
            "label": "mechanism",
            "weight": 5,
            "id": "снижать артериальный давление (ад) в покой и при физический нагрузка"
        },
        {
            "label": "mechanism",
            "weight": 5,
            "id": "улучшать диастолический функция сердце"
        },
        {
            "label": "mechanism",
            "weight": 5,
            "id": "снижать общий периферический сосудистый сопротивление"
        },
        {
            "label": "mechanism",
            "weight": 5,
            "id": "увеличивать фракция выброс"
        },
        {
            "label": "mechanism",
            "weight": 5,
            "id": "снижать потребность миокард в кислород (урежение чсс, снижение преднагрузка и постнагрузка"
        },
        {
            "label": "action",
            "weight": 5,
            "id": "уменьшать"
        },
        {
            "label": "noun",
            "weight": 5,
            "id": "количество и тяжесть приступ"
        },
        {
            "label": "illness",
            "weight": 5,
            "id": "стенокардия"
        },
        {
            "label": "action",
            "weight": 5,
            "id": "улучшать"
        },
        {
            "label": "noun",
            "weight": 5,
            "id": "переносимость физический нагрузка"
        },
        {
            "label": "mechanism",
            "weight": 5,
            "id": "подавление автоматизм сердце (в тот число в патологический очаге) и замедление атриовентрикулярный проводимость"
        },
        {
            "label": "absorbtion",
            "weight": 5,
            "id": "внутрь"
        },
        {
            "label": "absorbtion",
            "weight": 5,
            "id": "быстрый всасывание оба энантиомер"
        },
        {
            "label": "recomendation",
            "weight": 5,
            "id": "можно принимать независимо от время приём пища"
        },
        {
            "label": "illness",
            "weight": 5,
            "id": "стабильный хронический сердечный недостаточность (хсна"
        },
        {
            "label": "condition",
            "weight": 5,
            "id": "лёгкий и средний степень тяжесть (в состав комбинированный терапии) у пациент старший 70 год"
        },
        {
            "label": "recomendation",
            "weight": 5,
            "id": "следовать применять с осторожность"
        },
        {
            "label": "prepare",
            "weight": 5,
            "id": "небиволол"
        },
        {
            "label": "side_e",
            "weight": 5,
            "id": "брадикардия"
        },
        {
            "label": "side_e",
            "weight": 5,
            "id": "головокружение"
        },
        {
            "label": "side_e",
            "weight": 5,
            "id": "декомпенсация хсн"
        },
        {
            "label": "side_e",
            "weight": 5,
            "id": "ортостатический гипотензия"
        },
        {
            "label": "side_e",
            "weight": 5,
            "id": "непереносимость препарат"
        },
        {
            "label": "side_e",
            "weight": 5,
            "id": "ава блокада i степень"
        },
        {
            "label": "side_e",
            "weight": 5,
            "id": "отечь нижний конечность"
        }
    ],
    "links": [
        {
            "source": "бета-адреноблокатор",
            "target": "селективный бетаадреноблокатор"
        },
        {
            "source": "небиволола",
            "target": "кардиоселективный β 1 -адреноблокатор третий поколение"
        },
        {
            "source": "небиволола",
            "target": "вазодилатируть свойство"
        },
        {
            "source": "небиволола",
            "target": "конкурентный и избирательно блокировать синаптический и постсинаптический β 1 -адренорецепторы, делать они недоступный для катехоламин"
        },
        {
            "source": "небиволола",
            "target": "модулировать высвобождение эндотелиальный вазодилатируть фактор оксид азот (no"
        },
        {
            "source": "небиволола",
            "target": "d-небиволола"
        },
        {
            "source": "небиволола",
            "target": "антигипертензивный"
        },
        {
            "source": "небиволола",
            "target": "антиангинальный"
        },
        {
            "source": "небиволола",
            "target": "антиаритмический действие"
        },
        {
            "source": "небиволола",
            "target": "урежаета частота сердечный сокращение (чсс"
        },
        {
            "source": "небиволола",
            "target": "снижать артериальный давление (ад) в покой и при физический нагрузка"
        },
        {
            "source": "небиволола",
            "target": "улучшать диастолический функция сердце"
        },
        {
            "source": "небиволола",
            "target": "снижать общий периферический сосудистый сопротивление"
        },
        {
            "source": "небиволола",
            "target": "увеличивать фракция выброс"
        },
        {
            "source": "небиволола",
            "target": "снижать потребность миокард в кислород (урежение чсс, снижение преднагрузка и постнагрузка"
        },
        {
            "source": "небиволола",
            "target": "уменьшать"
        },
        {
            "source": "небиволола",
            "target": "улучшать"
        },
        {
            "source": "небиволола",
            "target": "внутрь"
        },
        {
            "source": "небиволола",
            "target": "быстрый всасывание оба энантиомер"
        },
        {
            "source": "небиволола",
            "target": "можно принимать независимо от время приём пища"
        },
        {
            "source": "небиволола",
            "target": "следовать применять с осторожность"
        },
        {
            "source": "небиволола",
            "target": "декомпенсация хсн"
        },
        {
            "source": "небиволола",
            "target": "ортостатический гипотензия"
        },
        {
            "source": "небиволола",
            "target": "непереносимость препарат"
        },
        {
            "source": "небиволола",
            "target": "ава блокада i степень"
        },
        {
            "source": "небиволола",
            "target": "отечь нижний конечность"
        },
        {
            "source": "d-небиволола",
            "target": "конкурентный и высокоселективный блокатор β 1 -адренорецептор"
        },
        {
            "source": "l-небиволола",
            "target": "оказывать сосудорасширяющий действие за счёт модуляция высвобождение вазодилатируть фактор no из эндотелий сосуд"
        },
        {
            "source": "антиаритмический действие",
            "target": "подавление автоматизм сердце (в тот число в патологический очаге) и замедление атриовентрикулярный проводимость"
        },
        {
            "source": "уменьшать",
            "target": "количество и тяжесть приступ"
        },
        {
            "source": "количество и тяжесть приступ",
            "target": "стенокардия"
        },
        {
            "source": "улучшать",
            "target": "переносимость физический нагрузка"
        },
        {
            "source": "стабильный хронический сердечный недостаточность (хсна",
            "target": "лёгкий и средний степень тяжесть (в состав комбинированный терапии) у пациент старший 70 год"
        },
        {
            "source": "небиволол",
            "target": "брадикардия"
        },
        {
            "source": "небиволол",
            "target": "головокружение"
        }
    ]
}