{
    "directed": true,
    "multigraph": false,
    "graph": {},
    "nodes": [
        {
            "label": "group",
            "weight": 5,
            "id": "средства, действовать на ренин-ангиотензиновый система"
        },
        {
            "label": "group",
            "weight": 5,
            "id": "антагонист рецептор ангиотензин ii"
        },
        {
            "label": "noun",
            "weight": 5,
            "id": "активный специфический"
        },
        {
            "label": "prepare",
            "weight": 5,
            "id": "валсартан"
        },
        {
            "label": "mechanism",
            "weight": 5,
            "id": "избирательно блокировать рецептор подтип at 1"
        },
        {
            "label": "action",
            "weight": 5,
            "id": "ответственный за эффект ангиотензин ii"
        },
        {
            "label": "mechanism",
            "weight": 5,
            "id": "повышение плазменный концентрация ангиотензин ii"
        },
        {
            "label": "mechanism",
            "weight": 5,
            "id": "мочь стимулировать незаблокировать ата 2 -рецептор"
        },
        {
            "label": "action",
            "weight": 5,
            "id": "не ингибировать"
        },
        {
            "label": "mechanism",
            "weight": 5,
            "id": "ангиотензинпревращать фермент (апф), также известный как кининаз ii, который превращать ангиотензин i в ангиотензин ii и вызывать разрушение брадикинин"
        },
        {
            "label": "action",
            "weight": 5,
            "id": "уменьшать вероятность"
        },
        {
            "label": "side_e",
            "weight": 5,
            "id": "возникновение кашель"
        },
        {
            "label": "noun",
            "weight": 5,
            "id": "ниже"
        },
        {
            "label": "side_e",
            "weight": 5,
            "id": "сухой кашель"
        },
        {
            "label": "group",
            "weight": 5,
            "id": "ингибитор апф"
        },
        {
            "label": "group",
            "weight": 5,
            "id": "тиазидный диуретик"
        },
        {
            "label": "illness",
            "weight": 5,
            "id": "артериальный гипертензия"
        },
        {
            "label": "action",
            "weight": 5,
            "id": "снижение артериальный давление"
        },
        {
            "label": "action",
            "weight": 5,
            "id": "не сопровождаться изменение частота сердечный сокращение"
        },
        {
            "label": "action",
            "weight": 5,
            "id": "антигипертензивный действие"
        },
        {
            "label": "action",
            "weight": 5,
            "id": "снижение ад"
        },
        {
            "label": "prepare",
            "weight": 5,
            "id": "препарат"
        },
        {
            "label": "prepare",
            "weight": 5,
            "id": "гидрохлоротиазид"
        },
        {
            "label": "action",
            "weight": 5,
            "id": "не сопровождаться"
        },
        {
            "label": "side_e",
            "weight": 5,
            "id": "повышение ад"
        },
        {
            "label": "action",
            "weight": 5,
            "id": "снижение протеинурия"
        },
        {
            "label": "action",
            "weight": 5,
            "id": "снижаться"
        },
        {
            "label": "noun",
            "weight": 5,
            "id": "показатель общий смертности, сердечно-сосудистый смертность"
        },
        {
            "label": "illness",
            "weight": 5,
            "id": "перенести острый инфаркт миокард"
        },
        {
            "label": "action",
            "weight": 5,
            "id": "увеличиваться"
        },
        {
            "label": "noun",
            "weight": 5,
            "id": "время до первый госпитализация по повод обострение течение"
        },
        {
            "label": "illness",
            "weight": 5,
            "id": "хронический 3 сердечный недостаточность"
        },
        {
            "label": "illness",
            "weight": 5,
            "id": "инфаркт миокард"
        },
        {
            "label": "illness",
            "weight": 5,
            "id": "внезапный остановка сердце"
        },
        {
            "label": "illness",
            "weight": 5,
            "id": "хсн ii (62%), iii (36%) и iv (2%"
        },
        {
            "label": "action",
            "weight": 5,
            "id": "снижение"
        },
        {
            "label": "noun",
            "weight": 5,
            "id": "риск госпитализация по повод обострение течение"
        },
        {
            "label": "action",
            "weight": 5,
            "id": "не наблюдаться"
        },
        {
            "label": "noun",
            "weight": 5,
            "id": "снижение показатель общий смертность"
        },
        {
            "label": "action",
            "weight": 5,
            "id": "уменьшаться"
        },
        {
            "label": "noun",
            "weight": 5,
            "id": "показатель сердечно-сосудистый смертность"
        },
        {
            "label": "illness",
            "weight": 5,
            "id": "хсн"
        },
        {
            "label": "noun",
            "weight": 5,
            "id": "без"
        },
        {
            "label": "group",
            "weight": 5,
            "id": "бета-адреноблокатор"
        },
        {
            "label": "action",
            "weight": 5,
            "id": "приводить"
        },
        {
            "label": "noun",
            "weight": 5,
            "id": "к уменьшение число госпитализация по повод"
        },
        {
            "label": "noun",
            "weight": 5,
            "id": "замедление прогрессирование"
        },
        {
            "label": "noun",
            "weight": 5,
            "id": "улучшение функциональный класс"
        },
        {
            "label": "noun",
            "weight": 5,
            "id": "увеличение фракция выброс левый желудочек"
        },
        {
            "label": "noun",
            "weight": 5,
            "id": "уменьшение выраженность признак и симптом"
        },
        {
            "label": "illness",
            "weight": 5,
            "id": "сердечный недостаточность"
        },
        {
            "label": "noun",
            "weight": 5,
            "id": "улучшение качество жизнь"
        },
        {
            "label": "noun",
            "weight": 5,
            "id": "риск развитие"
        },
        {
            "label": "illness",
            "weight": 5,
            "id": "сахарный диабет"
        },
        {
            "label": "action",
            "weight": 5,
            "id": "не оказывать"
        },
        {
            "label": "noun",
            "weight": 5,
            "id": "влияние на частота"
        },
        {
            "label": "illness",
            "weight": 5,
            "id": "летальный исход в результат сердечнососудистый событие"
        },
        {
            "label": "illness",
            "weight": 5,
            "id": "ишемический атака без летальный исход"
        },
        {
            "label": "noun",
            "weight": 5,
            "id": "на госпитализация по причина"
        },
        {
            "label": "illness",
            "weight": 5,
            "id": "нестабильный стенокардия"
        },
        {
            "label": "illness",
            "weight": 5,
            "id": "нарушение толерантность к глюкоза"
        },
        {
            "label": "absorbtion",
            "weight": 5,
            "id": "внутрь"
        },
        {
            "label": "absorbtion",
            "weight": 5,
            "id": "внутривенный введение"
        },
        {
            "label": "noun",
            "weight": 5,
            "id": "отсутствие"
        },
        {
            "label": "distribution",
            "weight": 5,
            "id": "распределение валсартан в ткань"
        },
        {
            "label": "distribution",
            "weight": 5,
            "id": "связываться с белок сыворотка кровь"
        },
        {
            "label": "noun",
            "weight": 5,
            "id": "альбумин"
        },
        {
            "label": "action",
            "weight": 5,
            "id": "не подвергаться"
        },
        {
            "label": "metabol",
            "weight": 5,
            "id": "выраженный метаболизм"
        },
        {
            "label": "metabol",
            "weight": 5,
            "id": "около 20% принять внутрь доза определяться в вид метаболит"
        },
        {
            "label": "metabol",
            "weight": 5,
            "id": "метаболит"
        },
        {
            "label": "metabol",
            "weight": 5,
            "id": "низкий концентрация"
        },
        {
            "label": "noun",
            "weight": 5,
            "id": "фармакологически неактивный"
        },
        {
            "label": "excretion",
            "weight": 5,
            "id": "выводиться двухфазный"
        },
        {
            "label": "excretion",
            "weight": 5,
            "id": "α-фаза с период полувыведение (t1/2α) менее 1 час"
        },
        {
            "label": "excretion",
            "weight": 5,
            "id": "βфаза с t1/2β – около 9 час"
        },
        {
            "label": "noun",
            "weight": 5,
            "id": "в основное в неизменённый вид через"
        },
        {
            "label": "excretion",
            "weight": 5,
            "id": "кишечник"
        },
        {
            "label": "excretion",
            "weight": 5,
            "id": "около 83%"
        },
        {
            "label": "excretion",
            "weight": 5,
            "id": "и почка"
        },
        {
            "label": "excretion",
            "weight": 5,
            "id": "около 13%"
        },
        {
            "label": "illness",
            "weight": 5,
            "id": "острый инфаркт миокард"
        },
        {
            "label": "side_e",
            "weight": 5,
            "id": "сывороточный болезнь"
        },
        {
            "label": "side_e",
            "weight": 5,
            "id": "гиперкалиемия"
        },
        {
            "label": "side_e",
            "weight": 5,
            "id": "головокружение"
        },
        {
            "label": "side_e",
            "weight": 5,
            "id": "постуральной головокружение"
        },
        {
            "label": "side_e",
            "weight": 5,
            "id": "обморок"
        },
        {
            "label": "side_e",
            "weight": 5,
            "id": "головной боль"
        },
        {
            "label": "side_e",
            "weight": 5,
            "id": "вертиго"
        },
        {
            "label": "side_e",
            "weight": 5,
            "id": "усиление симптом хронический сердечный недостаточность"
        },
        {
            "label": "side_e",
            "weight": 5,
            "id": "выраженный снижение ад"
        },
        {
            "label": "side_e",
            "weight": 5,
            "id": "ортостатический гипотензия"
        },
        {
            "label": "side_e",
            "weight": 5,
            "id": "васкулит"
        },
        {
            "label": "side_e",
            "weight": 5,
            "id": "кашель"
        },
        {
            "label": "side_e",
            "weight": 5,
            "id": "тошнота"
        },
        {
            "label": "side_e",
            "weight": 5,
            "id": "диарея"
        },
        {
            "label": "side_e",
            "weight": 5,
            "id": "повышение активность «печеночных» фермент"
        },
        {
            "label": "side_e",
            "weight": 5,
            "id": "ангионевротический отечь"
        },
        {
            "label": "side_e",
            "weight": 5,
            "id": "буллезный дерматит"
        },
        {
            "label": "side_e",
            "weight": 5,
            "id": "кожный сыпь"
        },
        {
            "label": "action",
            "weight": 5,
            "id": "отсутствовать клинически значимый взаимодействие"
        },
        {
            "label": "prepare",
            "weight": 5,
            "id": "циметидин"
        },
        {
            "label": "prepare",
            "weight": 5,
            "id": "варфарин"
        },
        {
            "label": "prepare",
            "weight": 5,
            "id": "фуросемид"
        },
        {
            "label": "prepare",
            "weight": 5,
            "id": "дигоксин"
        },
        {
            "label": "prepare",
            "weight": 5,
            "id": "атенолол"
        },
        {
            "label": "prepare",
            "weight": 5,
            "id": "индометацин"
        },
        {
            "label": "prepare",
            "weight": 5,
            "id": "амлодипин"
        },
        {
            "label": "prepare",
            "weight": 5,
            "id": "глибенкламид"
        },
        {
            "label": "action",
            "weight": 5,
            "id": "двойной блокада раас"
        },
        {
            "label": "prepare",
            "weight": 5,
            "id": "алискирена"
        },
        {
            "label": "action",
            "weight": 5,
            "id": "связать с"
        },
        {
            "label": "side_e",
            "weight": 5,
            "id": "развитие артериальный гипотензия"
        },
        {
            "label": "side_e",
            "weight": 5,
            "id": "изменение функция почка"
        },
        {
            "label": "prepare",
            "weight": 5,
            "id": "нпвп"
        },
        {
            "label": "group",
            "weight": 5,
            "id": "включая селективный ингибитор циклооксигеназы-2"
        },
        {
            "label": "action",
            "weight": 5,
            "id": "уменьшение он антигипертензивный действие"
        },
        {
            "label": "side_e",
            "weight": 5,
            "id": "ухудшение функция почка"
        },
        {
            "label": "side_e",
            "weight": 5,
            "id": "увеличение содержание калий"
        },
        {
            "label": "recomendation",
            "weight": 5,
            "id": "провести оценка функция почка"
        },
        {
            "label": "action",
            "weight": 5,
            "id": "одновременный применение"
        },
        {
            "label": "group",
            "weight": 5,
            "id": "ингибитор белок-переносчик оатр1в1"
        },
        {
            "label": "prepare",
            "weight": 5,
            "id": "рифампицин"
        },
        {
            "label": "prepare",
            "weight": 5,
            "id": "циклоспорин"
        },
        {
            "label": "group",
            "weight": 5,
            "id": "ингибитор белок-переносчик mrp2"
        },
        {
            "label": "prepare",
            "weight": 5,
            "id": "ритонавир"
        },
        {
            "label": "action",
            "weight": 5,
            "id": "мочь увеличить системный экспозиция валсартан"
        },
        {
            "label": "group",
            "weight": 5,
            "id": "препарат литий"
        },
        {
            "label": "group",
            "weight": 5,
            "id": "ингибитор апф и ара ii"
        },
        {
            "label": "action",
            "weight": 5,
            "id": "отмечаться обратимый увеличение содержание литий"
        },
        {
            "label": "action",
            "weight": 5,
            "id": "усиление в связь с это токсический проявление"
        },
        {
            "label": "group",
            "weight": 5,
            "id": "диуретик"
        },
        {
            "label": "group",
            "weight": 5,
            "id": "калийсберегающий диуретик"
        },
        {
            "label": "prepare",
            "weight": 5,
            "id": "спиронолактон"
        },
        {
            "label": "prepare",
            "weight": 5,
            "id": "триамтерен"
        },
        {
            "label": "prepare",
            "weight": 5,
            "id": "амилорида"
        },
        {
            "label": "group",
            "weight": 5,
            "id": "препарат калий"
        },
        {
            "label": "group",
            "weight": 5,
            "id": "солей, содержать калий"
        },
        {
            "label": "group",
            "weight": 5,
            "id": "другой препаратов, способный увеличивать содержание калий"
        },
        {
            "label": "illness",
            "weight": 5,
            "id": "с сердечный недостаточность"
        },
        {
            "label": "side_e",
            "weight": 5,
            "id": "к увеличение концентрация креатинин"
        }
    ],
    "links": [
        {
            "source": "средства, действовать на ренин-ангиотензиновый система",
            "target": "антагонист рецептор ангиотензин ii"
        },
        {
            "source": "антагонист рецептор ангиотензин ii",
            "target": "активный специфический"
        },
        {
            "source": "антагонист рецептор ангиотензин ii",
            "target": "нпвп"
        },
        {
            "source": "антагонист рецептор ангиотензин ii",
            "target": "ингибитор апф"
        },
        {
            "source": "антагонист рецептор ангиотензин ii",
            "target": "двойной блокада раас"
        },
        {
            "source": "активный специфический",
            "target": "валсартан"
        },
        {
            "source": "валсартан",
            "target": "не ингибировать"
        },
        {
            "source": "валсартан",
            "target": "ниже"
        },
        {
            "source": "валсартан",
            "target": "тиазидный диуретик"
        },
        {
            "source": "валсартан",
            "target": "сухой кашель"
        },
        {
            "source": "валсартан",
            "target": "артериальный гипертензия"
        },
        {
            "source": "валсартан",
            "target": "снижение артериальный давление"
        },
        {
            "source": "валсартан",
            "target": "не сопровождаться"
        },
        {
            "source": "валсартан",
            "target": "снижение протеинурия"
        },
        {
            "source": "валсартан",
            "target": "хсн ii (62%), iii (36%) и iv (2%"
        },
        {
            "source": "валсартан",
            "target": "снижение"
        },
        {
            "source": "валсартан",
            "target": "не наблюдаться"
        },
        {
            "source": "валсартан",
            "target": "уменьшаться"
        },
        {
            "source": "валсартан",
            "target": "ингибитор апф"
        },
        {
            "source": "валсартан",
            "target": "приводить"
        },
        {
            "source": "валсартан",
            "target": "не оказывать"
        },
        {
            "source": "валсартан",
            "target": "снижение ад"
        },
        {
            "source": "валсартан",
            "target": "внутрь"
        },
        {
            "source": "валсартан",
            "target": "внутривенный введение"
        },
        {
            "source": "валсартан",
            "target": "связываться с белок сыворотка кровь"
        },
        {
            "source": "валсартан",
            "target": "не подвергаться"
        },
        {
            "source": "валсартан",
            "target": "выводиться двухфазный"
        },
        {
            "source": "валсартан",
            "target": "в основное в неизменённый вид через"
        },
        {
            "source": "валсартан",
            "target": "и почка"
        },
        {
            "source": "валсартан",
            "target": "сывороточный болезнь"
        },
        {
            "source": "валсартан",
            "target": "гиперкалиемия"
        },
        {
            "source": "валсартан",
            "target": "головокружение"
        },
        {
            "source": "валсартан",
            "target": "постуральной головокружение"
        },
        {
            "source": "валсартан",
            "target": "обморок"
        },
        {
            "source": "валсартан",
            "target": "головной боль"
        },
        {
            "source": "валсартан",
            "target": "вертиго"
        },
        {
            "source": "валсартан",
            "target": "усиление симптом хронический сердечный недостаточность"
        },
        {
            "source": "валсартан",
            "target": "выраженный снижение ад"
        },
        {
            "source": "валсартан",
            "target": "ортостатический гипотензия"
        },
        {
            "source": "валсартан",
            "target": "васкулит"
        },
        {
            "source": "валсартан",
            "target": "кашель"
        },
        {
            "source": "валсартан",
            "target": "тошнота"
        },
        {
            "source": "валсартан",
            "target": "диарея"
        },
        {
            "source": "валсартан",
            "target": "повышение активность «печеночных» фермент"
        },
        {
            "source": "валсартан",
            "target": "ангионевротический отечь"
        },
        {
            "source": "валсартан",
            "target": "буллезный дерматит"
        },
        {
            "source": "валсартан",
            "target": "кожный сыпь"
        },
        {
            "source": "валсартан",
            "target": "отсутствовать клинически значимый взаимодействие"
        },
        {
            "source": "валсартан",
            "target": "нпвп"
        },
        {
            "source": "валсартан",
            "target": "включая селективный ингибитор циклооксигеназы-2"
        },
        {
            "source": "валсартан",
            "target": "уменьшение он антигипертензивный действие"
        },
        {
            "source": "валсартан",
            "target": "ингибитор белок-переносчик оатр1в1"
        },
        {
            "source": "избирательно блокировать рецептор подтип at 1",
            "target": "ответственный за эффект ангиотензин ii"
        },
        {
            "source": "повышение плазменный концентрация ангиотензин ii",
            "target": "мочь стимулировать незаблокировать ата 2 -рецептор"
        },
        {
            "source": "не ингибировать",
            "target": "ангиотензинпревращать фермент (апф), также известный как кининаз ii, который превращать ангиотензин i в ангиотензин ii и вызывать разрушение брадикинин"
        },
        {
            "source": "не ингибировать",
            "target": "уменьшать вероятность"
        },
        {
            "source": "уменьшать вероятность",
            "target": "возникновение кашель"
        },
        {
            "source": "ниже",
            "target": "сухой кашель"
        },
        {
            "source": "ингибитор апф",
            "target": "сухой кашель"
        },
        {
            "source": "ингибитор апф",
            "target": "без"
        },
        {
            "source": "снижение артериальный давление",
            "target": "не сопровождаться изменение частота сердечный сокращение"
        },
        {
            "source": "антигипертензивный действие",
            "target": "снижение ад"
        },
        {
            "source": "препарат",
            "target": "гидрохлоротиазид"
        },
        {
            "source": "препарат",
            "target": "снижение ад"
        },
        {
            "source": "препарат",
            "target": "перенести острый инфаркт миокард"
        },
        {
            "source": "препарат",
            "target": "снижаться"
        },
        {
            "source": "препарат",
            "target": "увеличиваться"
        },
        {
            "source": "не сопровождаться",
            "target": "повышение ад"
        },
        {
            "source": "снижаться",
            "target": "показатель общий смертности, сердечно-сосудистый смертность"
        },
        {
            "source": "увеличиваться",
            "target": "время до первый госпитализация по повод обострение течение"
        },
        {
            "source": "время до первый госпитализация по повод обострение течение",
            "target": "хронический 3 сердечный недостаточность"
        },
        {
            "source": "время до первый госпитализация по повод обострение течение",
            "target": "инфаркт миокард"
        },
        {
            "source": "время до первый госпитализация по повод обострение течение",
            "target": "внезапный остановка сердце"
        },
        {
            "source": "снижение",
            "target": "риск госпитализация по повод обострение течение"
        },
        {
            "source": "снижение",
            "target": "риск развитие"
        },
        {
            "source": "не наблюдаться",
            "target": "снижение показатель общий смертность"
        },
        {
            "source": "уменьшаться",
            "target": "показатель сердечно-сосудистый смертность"
        },
        {
            "source": "показатель сердечно-сосудистый смертность",
            "target": "хсн"
        },
        {
            "source": "хсн",
            "target": "замедление прогрессирование"
        },
        {
            "source": "хсн",
            "target": "валсартан"
        },
        {
            "source": "без",
            "target": "бета-адреноблокатор"
        },
        {
            "source": "приводить",
            "target": "к уменьшение число госпитализация по повод"
        },
        {
            "source": "приводить",
            "target": "улучшение функциональный класс"
        },
        {
            "source": "приводить",
            "target": "увеличение фракция выброс левый желудочек"
        },
        {
            "source": "приводить",
            "target": "уменьшение выраженность признак и симптом"
        },
        {
            "source": "приводить",
            "target": "улучшение качество жизнь"
        },
        {
            "source": "к уменьшение число госпитализация по повод",
            "target": "хсн"
        },
        {
            "source": "замедление прогрессирование",
            "target": "хсн"
        },
        {
            "source": "улучшение функциональный класс",
            "target": "хсн"
        },
        {
            "source": "уменьшение выраженность признак и симптом",
            "target": "сердечный недостаточность"
        },
        {
            "source": "риск развитие",
            "target": "сахарный диабет"
        },
        {
            "source": "не оказывать",
            "target": "влияние на частота"
        },
        {
            "source": "не оказывать",
            "target": "на госпитализация по причина"
        },
        {
            "source": "влияние на частота",
            "target": "летальный исход в результат сердечнососудистый событие"
        },
        {
            "source": "влияние на частота",
            "target": "инфаркт миокард"
        },
        {
            "source": "влияние на частота",
            "target": "ишемический атака без летальный исход"
        },
        {
            "source": "на госпитализация по причина",
            "target": "сердечный недостаточность"
        },
        {
            "source": "на госпитализация по причина",
            "target": "нестабильный стенокардия"
        },
        {
            "source": "на госпитализация по причина",
            "target": "нарушение толерантность к глюкоза"
        },
        {
            "source": "на госпитализация по причина",
            "target": "артериальный гипертензия"
        },
        {
            "source": "внутривенный введение",
            "target": "отсутствие"
        },
        {
            "source": "отсутствие",
            "target": "распределение валсартан в ткань"
        },
        {
            "source": "альбумин",
            "target": "связываться с белок сыворотка кровь"
        },
        {
            "source": "не подвергаться",
            "target": "выраженный метаболизм"
        },
        {
            "source": "около 20% принять внутрь доза определяться в вид метаболит",
            "target": "выраженный метаболизм"
        },
        {
            "source": "метаболит",
            "target": "низкий концентрация"
        },
        {
            "source": "метаболит",
            "target": "фармакологически неактивный"
        },
        {
            "source": "α-фаза с период полувыведение (t1/2α) менее 1 час",
            "target": "выводиться двухфазный"
        },
        {
            "source": "βфаза с t1/2β – около 9 час",
            "target": "выводиться двухфазный"
        },
        {
            "source": "в основное в неизменённый вид через",
            "target": "кишечник"
        },
        {
            "source": "около 83%",
            "target": "кишечник"
        },
        {
            "source": "около 13%",
            "target": "и почка"
        },
        {
            "source": "острый инфаркт миокард",
            "target": "валсартан"
        },
        {
            "source": "отсутствовать клинически значимый взаимодействие",
            "target": "циметидин"
        },
        {
            "source": "отсутствовать клинически значимый взаимодействие",
            "target": "варфарин"
        },
        {
            "source": "отсутствовать клинически значимый взаимодействие",
            "target": "фуросемид"
        },
        {
            "source": "отсутствовать клинически значимый взаимодействие",
            "target": "дигоксин"
        },
        {
            "source": "отсутствовать клинически значимый взаимодействие",
            "target": "атенолол"
        },
        {
            "source": "отсутствовать клинически значимый взаимодействие",
            "target": "индометацин"
        },
        {
            "source": "отсутствовать клинически значимый взаимодействие",
            "target": "гидрохлоротиазид"
        },
        {
            "source": "отсутствовать клинически значимый взаимодействие",
            "target": "амлодипин"
        },
        {
            "source": "отсутствовать клинически значимый взаимодействие",
            "target": "глибенкламид"
        },
        {
            "source": "двойной блокада раас",
            "target": "антагонист рецептор ангиотензин ii"
        },
        {
            "source": "двойной блокада раас",
            "target": "ингибитор апф"
        },
        {
            "source": "двойной блокада раас",
            "target": "алискирена"
        },
        {
            "source": "двойной блокада раас",
            "target": "связать с"
        },
        {
            "source": "связать с",
            "target": "развитие артериальный гипотензия"
        },
        {
            "source": "связать с",
            "target": "гиперкалиемия"
        },
        {
            "source": "связать с",
            "target": "изменение функция почка"
        },
        {
            "source": "нпвп",
            "target": "ухудшение функция почка"
        },
        {
            "source": "нпвп",
            "target": "увеличение содержание калий"
        },
        {
            "source": "нпвп",
            "target": "провести оценка функция почка"
        },
        {
            "source": "увеличение содержание калий",
            "target": "с сердечный недостаточность"
        },
        {
            "source": "одновременный применение",
            "target": "валсартан"
        },
        {
            "source": "одновременный применение",
            "target": "ингибитор белок-переносчик оатр1в1"
        },
        {
            "source": "одновременный применение",
            "target": "калийсберегающий диуретик"
        },
        {
            "source": "одновременный применение",
            "target": "увеличение содержание калий"
        },
        {
            "source": "одновременный применение",
            "target": "к увеличение концентрация креатинин"
        },
        {
            "source": "ингибитор белок-переносчик оатр1в1",
            "target": "рифампицин"
        },
        {
            "source": "ингибитор белок-переносчик оатр1в1",
            "target": "циклоспорин"
        },
        {
            "source": "ингибитор белок-переносчик оатр1в1",
            "target": "ингибитор белок-переносчик mrp2"
        },
        {
            "source": "ингибитор белок-переносчик mrp2",
            "target": "ритонавир"
        },
        {
            "source": "ингибитор белок-переносчик mrp2",
            "target": "мочь увеличить системный экспозиция валсартан"
        },
        {
            "source": "препарат литий",
            "target": "ингибитор апф и ара ii"
        },
        {
            "source": "препарат литий",
            "target": "отмечаться обратимый увеличение содержание литий"
        },
        {
            "source": "препарат литий",
            "target": "диуретик"
        },
        {
            "source": "ингибитор апф и ара ii",
            "target": "отмечаться обратимый увеличение содержание литий"
        },
        {
            "source": "отмечаться обратимый увеличение содержание литий",
            "target": "усиление в связь с это токсический проявление"
        },
        {
            "source": "калийсберегающий диуретик",
            "target": "препарат калий"
        },
        {
            "source": "калийсберегающий диуретик",
            "target": "солей, содержать калий"
        },
        {
            "source": "калийсберегающий диуретик",
            "target": "другой препаратов, способный увеличивать содержание калий"
        },
        {
            "source": "спиронолактон",
            "target": "калийсберегающий диуретик"
        },
        {
            "source": "триамтерен",
            "target": "калийсберегающий диуретик"
        },
        {
            "source": "амилорида",
            "target": "калийсберегающий диуретик"
        }
    ]
}