{
    "directed": true,
    "multigraph": false,
    "graph": {},
    "nodes": [
        {
            "label": "group",
            "weight": 5,
            "id": "блокатор кальциевый канал"
        },
        {
            "label": "group",
            "weight": 5,
            "id": "селективный блокатор кальциевый канал с преимущественный действие на сосуд"
        },
        {
            "label": "group",
            "weight": 5,
            "id": "производный дигидропиридин"
        },
        {
            "label": "prepare",
            "weight": 5,
            "id": "фелодипин"
        },
        {
            "label": "action",
            "weight": 5,
            "id": "показать к применение у взрослый пациент"
        },
        {
            "label": "group",
            "weight": 5,
            "id": "гипотензивный средство"
        },
        {
            "label": "group",
            "weight": 5,
            "id": "бета-адреноблокатор"
        },
        {
            "label": "group",
            "weight": 5,
            "id": "диуретик"
        },
        {
            "label": "group",
            "weight": 5,
            "id": "ингибитор ангиотензинпревращать фермент"
        },
        {
            "label": "noun",
            "weight": 5,
            "id": "субстрат для изофермент сyр3а4"
        },
        {
            "label": "prepare",
            "weight": 5,
            "id": "фенитоин"
        },
        {
            "label": "group",
            "weight": 5,
            "id": "препараты, индуцировать система изофермент цитохром р450"
        },
        {
            "label": "prepare",
            "weight": 5,
            "id": "фенобарбитал"
        },
        {
            "label": "prepare",
            "weight": 5,
            "id": "рифампицин"
        },
        {
            "label": "group",
            "weight": 5,
            "id": "препарат зверобой продырявить"
        },
        {
            "label": "action",
            "weight": 5,
            "id": "усиливать метаболизм"
        },
        {
            "label": "action",
            "weight": 5,
            "id": "индукция система изофермент цитохром р450"
        },
        {
            "label": "prepare",
            "weight": 5,
            "id": "итраконазол"
        },
        {
            "label": "group",
            "weight": 5,
            "id": "противогрибковый препарат азоловой ряд"
        },
        {
            "label": "prepare",
            "weight": 5,
            "id": "кетоконазол"
        },
        {
            "label": "group",
            "weight": 5,
            "id": "препараты, ингибировать система изофермент цитохром р450"
        },
        {
            "label": "prepare",
            "weight": 5,
            "id": "эритромицин"
        },
        {
            "label": "group",
            "weight": 5,
            "id": "макролидный антибиотик"
        },
        {
            "label": "prepare",
            "weight": 5,
            "id": "ингибитор вич-протеаза"
        }
    ],
    "links": [
        {
            "source": "блокатор кальциевый канал",
            "target": "селективный блокатор кальциевый канал с преимущественный действие на сосуд"
        },
        {
            "source": "селективный блокатор кальциевый канал с преимущественный действие на сосуд",
            "target": "производный дигидропиридин"
        },
        {
            "source": "фелодипин",
            "target": "показать к применение у взрослый пациент"
        },
        {
            "source": "фелодипин",
            "target": "субстрат для изофермент сyр3а4"
        },
        {
            "source": "гипотензивный средство",
            "target": "бета-адреноблокатор"
        },
        {
            "source": "гипотензивный средство",
            "target": "диуретик"
        },
        {
            "source": "гипотензивный средство",
            "target": "ингибитор ангиотензинпревращать фермент"
        },
        {
            "source": "фенитоин",
            "target": "препараты, индуцировать система изофермент цитохром р450"
        },
        {
            "source": "препараты, индуцировать система изофермент цитохром р450",
            "target": "усиливать метаболизм"
        },
        {
            "source": "фенобарбитал",
            "target": "препараты, индуцировать система изофермент цитохром р450"
        },
        {
            "source": "рифампицин",
            "target": "препараты, индуцировать система изофермент цитохром р450"
        },
        {
            "source": "препарат зверобой продырявить",
            "target": "препараты, индуцировать система изофермент цитохром р450"
        },
        {
            "source": "усиливать метаболизм",
            "target": "фелодипин"
        },
        {
            "source": "усиливать метаболизм",
            "target": "индукция система изофермент цитохром р450"
        },
        {
            "source": "итраконазол",
            "target": "противогрибковый препарат азоловой ряд"
        },
        {
            "source": "противогрибковый препарат азоловой ряд",
            "target": "препараты, ингибировать система изофермент цитохром р450"
        },
        {
            "source": "кетоконазол",
            "target": "противогрибковый препарат азоловой ряд"
        },
        {
            "source": "эритромицин",
            "target": "макролидный антибиотик"
        },
        {
            "source": "макролидный антибиотик",
            "target": "препараты, ингибировать система изофермент цитохром р450"
        },
        {
            "source": "ингибитор вич-протеаза",
            "target": "препараты, ингибировать система изофермент цитохром р450"
        }
    ]
}