{
    "directed": true,
    "multigraph": false,
    "graph": {},
    "nodes": [
        {
            "label": "group",
            "weight": 5,
            "id": "средство для лечение заболевание сердце"
        },
        {
            "label": "group",
            "weight": 5,
            "id": "сердечный гликозид"
        },
        {
            "label": "group",
            "weight": 5,
            "id": "гликозид наперстянка"
        },
        {
            "label": "mechanism",
            "weight": 5,
            "id": "прямой ингибировать действие na+/к+-атф-фаза на мембрана кардиомиоцит"
        },
        {
            "label": "action",
            "weight": 5,
            "id": "приводить к увеличение внутриклеточный содержание ион натрий"
        },
        {
            "label": "action",
            "weight": 5,
            "id": "снижение ион калий"
        },
        {
            "label": "action",
            "weight": 5,
            "id": "повышенный содержание ион натрий вызывать активация натрий/кальциевой обмена, повышение содержание ион кальция, вследствие что повышаться сила сокращение миокард"
        },
        {
            "label": "action",
            "weight": 5,
            "id": "результат увеличение контрактильность миокард"
        },
        {
            "label": "action",
            "weight": 5,
            "id": "увеличиваться ударный объём кровь"
        },
        {
            "label": "action",
            "weight": 5,
            "id": "снижаться конечный систолический и конечный диастолический объём сердце"
        },
        {
            "label": "action",
            "weight": 5,
            "id": "сокращение он размер и такой образ к снижение потребность миокард в кислород"
        },
        {
            "label": "action",
            "weight": 5,
            "id": "повышение тонус миокард"
        },
        {
            "label": "action",
            "weight": 5,
            "id": "уменьшение скорость проведение импульс через атриовентрикулярный узел"
        },
        {
            "label": "action",
            "weight": 5,
            "id": "антиаритмический действие"
        },
        {
            "label": "action",
            "weight": 5,
            "id": "удлинение эффективный рефрактерный период"
        },
        {
            "label": "mechanism",
            "weight": 5,
            "id": "вазоконстрикторный действие"
        },
        {
            "label": "illness",
            "weight": 5,
            "id": "застойный периферический отёк"
        },
        {
            "label": "mechanism",
            "weight": 5,
            "id": "повышение минутный объём кровь и снижение излишний симпатический стимуляция сосудистый тонус"
        },
        {
            "label": "mechanism",
            "weight": 5,
            "id": "вазодилатировать эффект"
        },
        {
            "label": "mechanism",
            "weight": 5,
            "id": "снижаться общий периферический сосудистый сопротивление (опсс"
        },
        {
            "label": "illness",
            "weight": 5,
            "id": "хронический почечный недостаточность"
        },
        {
            "label": "action",
            "weight": 5,
            "id": "снижение"
        },
        {
            "label": "excretion",
            "weight": 5,
            "id": "почечный выведение"
        },
        {
            "label": "prepare",
            "weight": 5,
            "id": "дигоксина"
        },
        {
            "label": "illness",
            "weight": 5,
            "id": "печёночный недостаточность"
        },
        {
            "label": "action",
            "weight": 5,
            "id": "усиление"
        },
        {
            "label": "group",
            "weight": 5,
            "id": "препаратами, вызывающий нарушение электролитный баланс"
        },
        {
            "label": "group",
            "weight": 5,
            "id": "диуретик"
        },
        {
            "label": "group",
            "weight": 5,
            "id": "глюкокортикостероид"
        },
        {
            "label": "group",
            "weight": 5,
            "id": "бета-адреномиметик"
        },
        {
            "label": "prepare",
            "weight": 5,
            "id": "инсулин"
        },
        {
            "label": "prepare",
            "weight": 5,
            "id": "амфотерицин в"
        },
        {
            "label": "side_e",
            "weight": 5,
            "id": "гипокалиемия"
        },
        {
            "label": "side_e",
            "weight": 5,
            "id": "токсический эффект"
        },
        {
            "label": "side_e",
            "weight": 5,
            "id": "гиперкальциемия"
        },
        {
            "label": "action",
            "weight": 5,
            "id": "избегать"
        },
        {
            "label": "noun",
            "weight": 5,
            "id": "внутривенный введение"
        },
        {
            "label": "prepare",
            "weight": 5,
            "id": "соль кальций"
        },
        {
            "label": "action",
            "weight": 5,
            "id": "повысить концентрация"
        },
        {
            "label": "prepare",
            "weight": 5,
            "id": "хинидин"
        },
        {
            "label": "group",
            "weight": 5,
            "id": "блокатор «медленных» кальциевый канал"
        },
        {
            "label": "prepare",
            "weight": 5,
            "id": "верапамил"
        },
        {
            "label": "prepare",
            "weight": 5,
            "id": "амиодарон"
        },
        {
            "label": "prepare",
            "weight": 5,
            "id": "спиронолактон"
        },
        {
            "label": "prepare",
            "weight": 5,
            "id": "триамтерен"
        },
        {
            "label": "absorbtion",
            "weight": 5,
            "id": "абсорбция"
        },
        {
            "label": "absorbtion",
            "weight": 5,
            "id": "в кишечник"
        },
        {
            "label": "action",
            "weight": 5,
            "id": "снизить"
        },
        {
            "label": "prepare",
            "weight": 5,
            "id": "колестирамин"
        },
        {
            "label": "prepare",
            "weight": 5,
            "id": "колестиполый"
        },
        {
            "label": "group",
            "weight": 5,
            "id": "алюминий-содержать антацид"
        },
        {
            "label": "prepare",
            "weight": 5,
            "id": "неомицин"
        },
        {
            "label": "prepare",
            "weight": 5,
            "id": "тетрациклин"
        },
        {
            "label": "action",
            "weight": 5,
            "id": "мочь влиять на результат метод определение концентрация"
        },
        {
            "label": "attention",
            "weight": 5,
            "id": "особый внимание при оценка получить результат"
        },
        {
            "label": "attention",
            "weight": 5,
            "id": "при одновременный применение"
        },
        {
            "label": "prepare",
            "weight": 5,
            "id": "дигоксин"
        },
        {
            "label": "action",
            "weight": 5,
            "id": "уменьшаться"
        },
        {
            "label": "action",
            "weight": 5,
            "id": "проявляться"
        },
        {
            "label": "side_e",
            "weight": 5,
            "id": "побочный или токсический действие"
        },
        {
            "label": "group",
            "weight": 5,
            "id": "минералокортикостероид"
        },
        {
            "label": "noun",
            "weight": 5,
            "id": "обладать значительный минералкортикостероидный воздействие"
        },
        {
            "label": "noun",
            "weight": 5,
            "id": "для инъекция"
        },
        {
            "label": "group",
            "weight": 5,
            "id": "ингибитор карбоангидраза"
        },
        {
            "label": "prepare",
            "weight": 5,
            "id": "адренокортикотропный гормон (актг"
        },
        {
            "label": "prepare",
            "weight": 5,
            "id": "диуретический препарат"
        },
        {
            "label": "noun",
            "weight": 5,
            "id": "способствовать выделение вода и калий"
        },
        {
            "label": "prepare",
            "weight": 5,
            "id": "буметанид"
        },
        {
            "label": "prepare",
            "weight": 5,
            "id": "этакриновый кислота"
        },
        {
            "label": "prepare",
            "weight": 5,
            "id": "фуросемид"
        },
        {
            "label": "prepare",
            "weight": 5,
            "id": "индапамид"
        },
        {
            "label": "prepare",
            "weight": 5,
            "id": "маннитол"
        },
        {
            "label": "group",
            "weight": 5,
            "id": "производный тиазид"
        },
        {
            "label": "prepare",
            "weight": 5,
            "id": "натрий фосфат"
        },
        {
            "label": "action",
            "weight": 5,
            "id": "повышать"
        },
        {
            "label": "side_e",
            "weight": 5,
            "id": "токсический действие"
        },
        {
            "label": "group",
            "weight": 5,
            "id": "препарат зверобой"
        },
        {
            "label": "noun",
            "weight": 5,
            "id": "взаимодействие они"
        },
        {
            "label": "mechanism",
            "weight": 5,
            "id": "индуцировать р-гликопротеин и цитохром р450"
        },
        {
            "label": "action",
            "weight": 5,
            "id": "уменьшать биодоступность"
        },
        {
            "label": "action",
            "weight": 5,
            "id": "увеличивать метаболизм"
        },
        {
            "label": "action",
            "weight": 5,
            "id": "заметно снижать концентрация"
        },
        {
            "label": "action",
            "weight": 5,
            "id": "увеличивать концентрация"
        },
        {
            "label": "side_e",
            "weight": 5,
            "id": "в плазма кровь до токсический уровень"
        },
        {
            "label": "side_e",
            "weight": 5,
            "id": "угнетать активность синусового, и атриовентрикулярный узел сердце и проводимость нервный импульс по проводить система сердце"
        },
        {
            "label": "action",
            "weight": 5,
            "id": "доза уменьшать на половина"
        },
        {
            "label": "group",
            "weight": 5,
            "id": "антацидный средство"
        },
        {
            "label": "action",
            "weight": 5,
            "id": "мочь уменьшать"
        },
        {
            "label": "absorbtion",
            "weight": 5,
            "id": "всасывание"
        },
        {
            "label": "action",
            "weight": 5,
            "id": "снизить он концентрация в кровь"
        },
        {
            "label": "group",
            "weight": 5,
            "id": "антиаритмический средство"
        },
        {
            "label": "prepare",
            "weight": 5,
            "id": "панкурония"
        },
        {
            "label": "group",
            "weight": 5,
            "id": "алкалоид раувольфия"
        },
        {
            "label": "prepare",
            "weight": 5,
            "id": "сукцинилхолина"
        },
        {
            "label": "group",
            "weight": 5,
            "id": "симпатомиметик"
        },
        {
            "label": "action",
            "weight": 5,
            "id": "мочь спровоцировать"
        },
        {
            "label": "side_e",
            "weight": 5,
            "id": "развитие нарушение сердечный ритм"
        },
        {
            "label": "prepare",
            "weight": 5,
            "id": "коалин"
        },
        {
            "label": "action",
            "weight": 5,
            "id": "снижать"
        },
        {
            "label": "prepare",
            "weight": 5,
            "id": "пектин"
        },
        {
            "label": "group",
            "weight": 5,
            "id": "адсорбент"
        },
        {
            "label": "group",
            "weight": 5,
            "id": "слабительное средство"
        },
        {
            "label": "prepare",
            "weight": 5,
            "id": "сульфасалазин"
        },
        {
            "label": "action",
            "weight": 5,
            "id": "снижать он лечебный действие"
        },
        {
            "label": "prepare",
            "weight": 5,
            "id": "каптоприть"
        },
        {
            "label": "action",
            "weight": 5,
            "id": "приходиться уменьшать доза"
        },
        {
            "label": "prepare",
            "weight": 5,
            "id": "эдрофония хлорид"
        },
        {
            "label": "mechanism",
            "weight": 5,
            "id": "повышать тонус парасимпатический нервный система"
        },
        {
            "label": "action",
            "weight": 5,
            "id": "мочь вызвать"
        },
        {
            "label": "action",
            "weight": 5,
            "id": "выраженный брадикардия"
        },
        {
            "label": "prepare",
            "weight": 5,
            "id": "эритромицин"
        },
        {
            "label": "action",
            "weight": 5,
            "id": "улучшать"
        },
        {
            "label": "absorbtion",
            "weight": 5,
            "id": "кишечник"
        },
        {
            "label": "mechanism",
            "weight": 5,
            "id": "антикоагулянтный действие"
        },
        {
            "label": "prepare",
            "weight": 5,
            "id": "гепарин"
        },
        {
            "label": "prepare",
            "weight": 5,
            "id": "индометацин"
        },
        {
            "label": "excretion",
            "weight": 5,
            "id": "выделение"
        },
        {
            "label": "action",
            "weight": 5,
            "id": "возрастать"
        },
        {
            "label": "side_e",
            "weight": 5,
            "id": "токсический воздействие"
        },
        {
            "label": "prepare",
            "weight": 5,
            "id": "магний сульфат"
        },
        {
            "label": "prepare",
            "weight": 5,
            "id": "фенилбутазон"
        },
        {
            "label": "action",
            "weight": 5,
            "id": "снижать концентрация"
        },
        {
            "label": "noun",
            "weight": 5,
            "id": "в сыворотка кровь"
        },
        {
            "label": "group",
            "weight": 5,
            "id": "соль калий"
        },
        {
            "label": "attention",
            "weight": 5,
            "id": "они нельзя принимать"
        },
        {
            "label": "side_e",
            "weight": 5,
            "id": "нарушение проводимость на экг"
        },
        {
            "label": "action",
            "weight": 5,
            "id": "назначать вместе"
        },
        {
            "label": "group",
            "weight": 5,
            "id": "препарат наперстянка"
        },
        {
            "label": "action",
            "weight": 5,
            "id": "предупреждение нарушение ритм сердце"
        },
        {
            "label": "action",
            "weight": 5,
            "id": "мочь резко увеличить концентрация"
        },
        {
            "label": "prepare",
            "weight": 5,
            "id": "хинин"
        },
        {
            "label": "action",
            "weight": 5,
            "id": "снижать скорость"
        },
        {
            "label": "action",
            "weight": 5,
            "id": "снижать степень накопление"
        },
        {
            "label": "prepare",
            "weight": 5,
            "id": "таллий"
        },
        {
            "label": "noun",
            "weight": 5,
            "id": "в место поражение сердечный мышца"
        },
        {
            "label": "action",
            "weight": 5,
            "id": "искажать дать исследование"
        },
        {
            "label": "group",
            "weight": 5,
            "id": "гормон щитовидный железа"
        },
        {
            "label": "mechanism",
            "weight": 5,
            "id": "усиливаться обмен вещество"
        },
        {
            "label": "noun",
            "weight": 5,
            "id": "доза"
        },
        {
            "label": "action",
            "weight": 5,
            "id": "увеличивать"
        }
    ],
    "links": [
        {
            "source": "средство для лечение заболевание сердце",
            "target": "сердечный гликозид"
        },
        {
            "source": "сердечный гликозид",
            "target": "гликозид наперстянка"
        },
        {
            "source": "прямой ингибировать действие na+/к+-атф-фаза на мембрана кардиомиоцит",
            "target": "приводить к увеличение внутриклеточный содержание ион натрий"
        },
        {
            "source": "приводить к увеличение внутриклеточный содержание ион натрий",
            "target": "снижение ион калий"
        },
        {
            "source": "приводить к увеличение внутриклеточный содержание ион натрий",
            "target": "повышенный содержание ион натрий вызывать активация натрий/кальциевой обмена, повышение содержание ион кальция, вследствие что повышаться сила сокращение миокард"
        },
        {
            "source": "результат увеличение контрактильность миокард",
            "target": "увеличиваться ударный объём кровь"
        },
        {
            "source": "снижаться конечный систолический и конечный диастолический объём сердце",
            "target": "сокращение он размер и такой образ к снижение потребность миокард в кислород"
        },
        {
            "source": "повышение тонус миокард",
            "target": "сокращение он размер и такой образ к снижение потребность миокард в кислород"
        },
        {
            "source": "уменьшение скорость проведение импульс через атриовентрикулярный узел",
            "target": "антиаритмический действие"
        },
        {
            "source": "удлинение эффективный рефрактерный период",
            "target": "антиаритмический действие"
        },
        {
            "source": "вазоконстрикторный действие",
            "target": "застойный периферический отёк"
        },
        {
            "source": "повышение минутный объём кровь и снижение излишний симпатический стимуляция сосудистый тонус",
            "target": "вазодилатировать эффект"
        },
        {
            "source": "вазодилатировать эффект",
            "target": "снижаться общий периферический сосудистый сопротивление (опсс"
        },
        {
            "source": "хронический почечный недостаточность",
            "target": "снижение"
        },
        {
            "source": "снижение",
            "target": "почечный выведение"
        },
        {
            "source": "снижение",
            "target": "токсический воздействие"
        },
        {
            "source": "почечный выведение",
            "target": "дигоксина"
        },
        {
            "source": "дигоксина",
            "target": "токсический эффект"
        },
        {
            "source": "дигоксина",
            "target": "соль кальций"
        },
        {
            "source": "дигоксина",
            "target": "в кишечник"
        },
        {
            "source": "дигоксина",
            "target": "мочь влиять на результат метод определение концентрация"
        },
        {
            "source": "дигоксина",
            "target": "побочный или токсический действие"
        },
        {
            "source": "дигоксина",
            "target": "токсический действие"
        },
        {
            "source": "дигоксина",
            "target": "в плазма кровь до токсический уровень"
        },
        {
            "source": "дигоксина",
            "target": "угнетать активность синусового, и атриовентрикулярный узел сердце и проводимость нервный импульс по проводить система сердце"
        },
        {
            "source": "дигоксина",
            "target": "доза уменьшать на половина"
        },
        {
            "source": "дигоксина",
            "target": "снизить он концентрация в кровь"
        },
        {
            "source": "дигоксина",
            "target": "приходиться уменьшать доза"
        },
        {
            "source": "дигоксина",
            "target": "кишечник"
        },
        {
            "source": "дигоксина",
            "target": "снижать"
        },
        {
            "source": "дигоксина",
            "target": "возрастать"
        },
        {
            "source": "дигоксина",
            "target": "в сыворотка кровь"
        },
        {
            "source": "дигоксина",
            "target": "нарушение проводимость на экг"
        },
        {
            "source": "дигоксина",
            "target": "снижать степень накопление"
        },
        {
            "source": "дигоксина",
            "target": "искажать дать исследование"
        },
        {
            "source": "дигоксина",
            "target": "увеличивать"
        },
        {
            "source": "печёночный недостаточность",
            "target": "усиление"
        },
        {
            "source": "усиление",
            "target": "почечный выведение"
        },
        {
            "source": "препаратами, вызывающий нарушение электролитный баланс",
            "target": "диуретик"
        },
        {
            "source": "препаратами, вызывающий нарушение электролитный баланс",
            "target": "глюкокортикостероид"
        },
        {
            "source": "препаратами, вызывающий нарушение электролитный баланс",
            "target": "бета-адреномиметик"
        },
        {
            "source": "препаратами, вызывающий нарушение электролитный баланс",
            "target": "инсулин"
        },
        {
            "source": "препаратами, вызывающий нарушение электролитный баланс",
            "target": "амфотерицин в"
        },
        {
            "source": "препаратами, вызывающий нарушение электролитный баланс",
            "target": "гипокалиемия"
        },
        {
            "source": "глюкокортикостероид",
            "target": "обладать значительный минералкортикостероидный воздействие"
        },
        {
            "source": "амфотерицин в",
            "target": "для инъекция"
        },
        {
            "source": "гипокалиемия",
            "target": "токсический эффект"
        },
        {
            "source": "гипокалиемия",
            "target": "повышать"
        },
        {
            "source": "гиперкальциемия",
            "target": "токсический эффект"
        },
        {
            "source": "избегать",
            "target": "внутривенный введение"
        },
        {
            "source": "внутривенный введение",
            "target": "соль кальций"
        },
        {
            "source": "повысить концентрация",
            "target": "дигоксина"
        },
        {
            "source": "хинидин",
            "target": "повысить концентрация"
        },
        {
            "source": "хинидин",
            "target": "мочь резко увеличить концентрация"
        },
        {
            "source": "блокатор «медленных» кальциевый канал",
            "target": "повысить концентрация"
        },
        {
            "source": "блокатор «медленных» кальциевый канал",
            "target": "увеличивать концентрация"
        },
        {
            "source": "верапамил",
            "target": "блокатор «медленных» кальциевый канал"
        },
        {
            "source": "амиодарон",
            "target": "повысить концентрация"
        },
        {
            "source": "амиодарон",
            "target": "увеличивать концентрация"
        },
        {
            "source": "амиодарон",
            "target": "дигоксина"
        },
        {
            "source": "спиронолактон",
            "target": "повысить концентрация"
        },
        {
            "source": "спиронолактон",
            "target": "снижать скорость"
        },
        {
            "source": "триамтерен",
            "target": "повысить концентрация"
        },
        {
            "source": "абсорбция",
            "target": "дигоксина"
        },
        {
            "source": "снизить",
            "target": "абсорбция"
        },
        {
            "source": "колестирамин",
            "target": "снизить"
        },
        {
            "source": "колестирамин",
            "target": "снижать"
        },
        {
            "source": "колестиполый",
            "target": "снизить"
        },
        {
            "source": "колестиполый",
            "target": "снижать"
        },
        {
            "source": "алюминий-содержать антацид",
            "target": "снизить"
        },
        {
            "source": "неомицин",
            "target": "снизить"
        },
        {
            "source": "неомицин",
            "target": "снижать"
        },
        {
            "source": "тетрациклин",
            "target": "снизить"
        },
        {
            "source": "мочь влиять на результат метод определение концентрация",
            "target": "особый внимание при оценка получить результат"
        },
        {
            "source": "при одновременный применение",
            "target": "дигоксин"
        },
        {
            "source": "при одновременный применение",
            "target": "уменьшаться"
        },
        {
            "source": "при одновременный применение",
            "target": "проявляться"
        },
        {
            "source": "при одновременный применение",
            "target": "минералокортикостероид"
        },
        {
            "source": "при одновременный применение",
            "target": "глюкокортикостероид"
        },
        {
            "source": "при одновременный применение",
            "target": "амфотерицин в"
        },
        {
            "source": "при одновременный применение",
            "target": "ингибитор карбоангидраза"
        },
        {
            "source": "при одновременный применение",
            "target": "адренокортикотропный гормон (актг"
        },
        {
            "source": "при одновременный применение",
            "target": "диуретический препарат"
        },
        {
            "source": "при одновременный применение",
            "target": "натрий фосфат"
        },
        {
            "source": "дигоксин",
            "target": "антиаритмический средство"
        },
        {
            "source": "дигоксин",
            "target": "соль кальций"
        },
        {
            "source": "дигоксин",
            "target": "панкурония"
        },
        {
            "source": "дигоксин",
            "target": "алкалоид раувольфия"
        },
        {
            "source": "дигоксин",
            "target": "сукцинилхолина"
        },
        {
            "source": "дигоксин",
            "target": "симпатомиметик"
        },
        {
            "source": "дигоксин",
            "target": "мочь спровоцировать"
        },
        {
            "source": "дигоксин",
            "target": "мочь вызвать"
        },
        {
            "source": "проявляться",
            "target": "побочный или токсический действие"
        },
        {
            "source": "диуретический препарат",
            "target": "способствовать выделение вода и калий"
        },
        {
            "source": "буметанид",
            "target": "диуретический препарат"
        },
        {
            "source": "этакриновый кислота",
            "target": "диуретический препарат"
        },
        {
            "source": "фуросемид",
            "target": "диуретический препарат"
        },
        {
            "source": "индапамид",
            "target": "диуретический препарат"
        },
        {
            "source": "маннитол",
            "target": "диуретический препарат"
        },
        {
            "source": "производный тиазид",
            "target": "диуретический препарат"
        },
        {
            "source": "повышать",
            "target": "токсический действие"
        },
        {
            "source": "препарат зверобой",
            "target": "взаимодействие они"
        },
        {
            "source": "взаимодействие они",
            "target": "дигоксина"
        },
        {
            "source": "взаимодействие они",
            "target": "индуцировать р-гликопротеин и цитохром р450"
        },
        {
            "source": "индуцировать р-гликопротеин и цитохром р450",
            "target": "уменьшать биодоступность"
        },
        {
            "source": "индуцировать р-гликопротеин и цитохром р450",
            "target": "увеличивать метаболизм"
        },
        {
            "source": "индуцировать р-гликопротеин и цитохром р450",
            "target": "заметно снижать концентрация"
        },
        {
            "source": "уменьшать биодоступность",
            "target": "дигоксина"
        },
        {
            "source": "увеличивать метаболизм",
            "target": "дигоксина"
        },
        {
            "source": "заметно снижать концентрация",
            "target": "дигоксина"
        },
        {
            "source": "увеличивать концентрация",
            "target": "дигоксина"
        },
        {
            "source": "антацидный средство",
            "target": "мочь уменьшать"
        },
        {
            "source": "мочь уменьшать",
            "target": "всасывание"
        },
        {
            "source": "всасывание",
            "target": "дигоксина"
        },
        {
            "source": "мочь спровоцировать",
            "target": "развитие нарушение сердечный ритм"
        },
        {
            "source": "коалин",
            "target": "снижать"
        },
        {
            "source": "снижать",
            "target": "всасывание"
        },
        {
            "source": "снижать",
            "target": "снижать он лечебный действие"
        },
        {
            "source": "снижать",
            "target": "антикоагулянтный действие"
        },
        {
            "source": "снижать",
            "target": "выделение"
        },
        {
            "source": "пектин",
            "target": "снижать"
        },
        {
            "source": "адсорбент",
            "target": "снижать"
        },
        {
            "source": "слабительное средство",
            "target": "снижать"
        },
        {
            "source": "сульфасалазин",
            "target": "снижать"
        },
        {
            "source": "каптоприть",
            "target": "увеличивать концентрация"
        },
        {
            "source": "эдрофония хлорид",
            "target": "повышать тонус парасимпатический нервный система"
        },
        {
            "source": "эдрофония хлорид",
            "target": "дигоксин"
        },
        {
            "source": "мочь вызвать",
            "target": "выраженный брадикардия"
        },
        {
            "source": "эритромицин",
            "target": "улучшать"
        },
        {
            "source": "антикоагулянтный действие",
            "target": "гепарин"
        },
        {
            "source": "индометацин",
            "target": "снижать"
        },
        {
            "source": "выделение",
            "target": "дигоксина"
        },
        {
            "source": "возрастать",
            "target": "токсический воздействие"
        },
        {
            "source": "токсический воздействие",
            "target": "сердечный гликозид"
        },
        {
            "source": "магний сульфат",
            "target": "снижение"
        },
        {
            "source": "фенилбутазон",
            "target": "снижать концентрация"
        },
        {
            "source": "снижать концентрация",
            "target": "дигоксина"
        },
        {
            "source": "соль калий",
            "target": "они нельзя принимать"
        },
        {
            "source": "соль калий",
            "target": "назначать вместе"
        },
        {
            "source": "они нельзя принимать",
            "target": "дигоксина"
        },
        {
            "source": "назначать вместе",
            "target": "препарат наперстянка"
        },
        {
            "source": "препарат наперстянка",
            "target": "предупреждение нарушение ритм сердце"
        },
        {
            "source": "мочь резко увеличить концентрация",
            "target": "дигоксина"
        },
        {
            "source": "хинин",
            "target": "мочь резко увеличить концентрация"
        },
        {
            "source": "снижать скорость",
            "target": "выделение"
        },
        {
            "source": "снижать степень накопление",
            "target": "таллий"
        },
        {
            "source": "таллий",
            "target": "в место поражение сердечный мышца"
        },
        {
            "source": "гормон щитовидный железа",
            "target": "усиливаться обмен вещество"
        },
        {
            "source": "гормон щитовидный железа",
            "target": "доза"
        },
        {
            "source": "доза",
            "target": "дигоксина"
        }
    ]
}