{
    "directed": true,
    "multigraph": false,
    "graph": {},
    "nodes": [
        {
            "label": "group",
            "weight": 5,
            "id": "антитромботический средство"
        },
        {
            "label": "group",
            "weight": 5,
            "id": "антиагрегант"
        },
        {
            "label": "action",
            "weight": 5,
            "id": "антиагрегантный действие"
        },
        {
            "label": "prepare",
            "weight": 5,
            "id": "ацетилсалициловый кислота (аск"
        },
        {
            "label": "mechanism",
            "weight": 5,
            "id": "необратимый ингибирование циклооксигеназа (цог-1"
        },
        {
            "label": "mechanism",
            "weight": 5,
            "id": "блокироваться синтез тромбоксана а 2"
        },
        {
            "label": "mechanism",
            "weight": 5,
            "id": "подавляться агрегация тромбоцит"
        },
        {
            "label": "prepare",
            "weight": 5,
            "id": "ацетилсалициловый кислота"
        },
        {
            "label": "mechanism",
            "weight": 5,
            "id": "другой механизм подавление агрегация тромбоцит"
        },
        {
            "label": "action",
            "weight": 5,
            "id": "противовоспалительный"
        },
        {
            "label": "action",
            "weight": 5,
            "id": "анальгезирующий"
        },
        {
            "label": "action",
            "weight": 5,
            "id": "жаропонижающий действие"
        },
        {
            "label": "prot_link",
            "weight": 5,
            "id": "в значительный степень связываться с белок плазма кровь"
        },
        {
            "label": "noun",
            "weight": 5,
            "id": "салициловый кислота и она метаболит"
        },
        {
            "label": "excretion",
            "weight": 5,
            "id": "выводиться главный образ почка"
        },
        {
            "label": "condition",
            "weight": 5,
            "id": "инвазивный вмешательство на сосуд"
        },
        {
            "label": "condition",
            "weight": 5,
            "id": "аортокоронарный шунтирование"
        },
        {
            "label": "condition",
            "weight": 5,
            "id": "эндартерэктомия сонный артерия"
        },
        {
            "label": "condition",
            "weight": 5,
            "id": "артериовенозный шунтирование"
        },
        {
            "label": "condition",
            "weight": 5,
            "id": "стентирование коронарный артерия"
        },
        {
            "label": "condition",
            "weight": 5,
            "id": "ангиопластик сонный артерия"
        },
        {
            "label": "group",
            "weight": 5,
            "id": "нестероидный противовоспалительный препарат"
        },
        {
            "label": "group",
            "weight": 5,
            "id": "салицилат"
        },
        {
            "label": "noun",
            "weight": 5,
            "id": "iii-iv функциональный класс по классификация nyha"
        },
        {
            "label": "illness",
            "weight": 5,
            "id": "хронический сердечный недостаточность"
        },
        {
            "label": "banned",
            "weight": 5,
            "id": "при сочетать применение"
        },
        {
            "label": "prepare",
            "weight": 5,
            "id": "с метотрексат в доза менее 15 мг в неделя"
        },
        {
            "label": "group",
            "weight": 5,
            "id": "тромболитический"
        },
        {
            "label": "group",
            "weight": 5,
            "id": "другой антиагрегантный средство"
        },
        {
            "label": "prepare",
            "weight": 5,
            "id": "метамизолом"
        },
        {
            "label": "group",
            "weight": 5,
            "id": "нпвп"
        },
        {
            "label": "prepare",
            "weight": 5,
            "id": "ибупрофен"
        },
        {
            "label": "prepare",
            "weight": 5,
            "id": "напроксен"
        },
        {
            "label": "prepare",
            "weight": 5,
            "id": "дигоксин"
        },
        {
            "label": "group",
            "weight": 5,
            "id": "гипогликемический средство для приём внутрь (производный сульфонилмочевина"
        },
        {
            "label": "prepare",
            "weight": 5,
            "id": "инсулин"
        },
        {
            "label": "prepare",
            "weight": 5,
            "id": "с вальпроевой кислота"
        },
        {
            "label": "prepare",
            "weight": 5,
            "id": "этанол"
        },
        {
            "label": "group",
            "weight": 5,
            "id": "с селективный ингибитор обратный захват серотонин"
        },
        {
            "label": "noun",
            "weight": 5,
            "id": "одновременный приём"
        },
        {
            "label": "prepare",
            "weight": 5,
            "id": "метотрексат"
        },
        {
            "label": "banned",
            "weight": 5,
            "id": "противопоказанный"
        },
        {
            "label": "action",
            "weight": 5,
            "id": "повышение гематологический токсичность"
        },
        {
            "label": "mechanism",
            "weight": 5,
            "id": "за счёт снижение почечный клиренс метотрексат"
        },
        {
            "label": "mechanism",
            "weight": 5,
            "id": "конкурентный вытеснение салицилат он из связь с белок"
        },
        {
            "label": "prepare",
            "weight": 5,
            "id": "метамизола"
        },
        {
            "label": "action",
            "weight": 5,
            "id": "антагонизм в отношение необратимый угнетение функция тромбоцит"
        },
        {
            "label": "side_e",
            "weight": 5,
            "id": "увеличение риск кровотечение"
        },
        {
            "label": "group",
            "weight": 5,
            "id": "антиагрегантный"
        },
        {
            "label": "group",
            "weight": 5,
            "id": "антикоагулянтный"
        },
        {
            "label": "side_e",
            "weight": 5,
            "id": "увеличение риск ульцерогенный действие"
        },
        {
            "label": "side_e",
            "weight": 5,
            "id": "желудочно-кишечный кровотечение"
        },
        {
            "label": "action",
            "weight": 5,
            "id": "одновременный применение"
        },
        {
            "label": "group",
            "weight": 5,
            "id": "селективный ингибитор обратный захват серотонин"
        },
        {
            "label": "side_e",
            "weight": 5,
            "id": "повышение риск кровотечение из верхний отдел желудочно-кишечный тракт"
        },
        {
            "label": "prepare",
            "weight": 5,
            "id": "дигоксина"
        },
        {
            "label": "action",
            "weight": 5,
            "id": "увеличиваться"
        },
        {
            "label": "noun",
            "weight": 5,
            "id": "плазменный концентрация"
        },
        {
            "label": "action",
            "weight": 5,
            "id": "при одновременный применение"
        },
        {
            "label": "group",
            "weight": 5,
            "id": "гипогликемический препарат"
        },
        {
            "label": "action",
            "weight": 5,
            "id": "увеличиваться гипогликемический эффект"
        },
        {
            "label": "mechanism",
            "weight": 5,
            "id": "за счёт гипогликемический свойство сам ацетилсалициловый кислота в высокий доза и вытеснение производная сульфонилмочевина из связь с белок плазма кровь"
        },
        {
            "label": "group",
            "weight": 5,
            "id": "диуретик"
        },
        {
            "label": "action",
            "weight": 5,
            "id": "снижение скорость клубочковый фильтрация"
        },
        {
            "label": "action",
            "weight": 5,
            "id": "снижение синтез простагландин в почка"
        },
        {
            "label": "group",
            "weight": 5,
            "id": "системный глюкокортикостероид (гкс"
        },
        {
            "label": "action",
            "weight": 5,
            "id": "уровень салицилат в кровь снижаться"
        },
        {
            "label": "side_e",
            "weight": 5,
            "id": "язва"
        },
        {
            "label": "group",
            "weight": 5,
            "id": "ингибитор ангиотензинпревращать фермент (апф"
        },
        {
            "label": "mechanism",
            "weight": 5,
            "id": "ингибирование простагландинов, обладать сосудорасширяющий действие"
        },
        {
            "label": "prepare",
            "weight": 5,
            "id": "вальпроевой кислота"
        },
        {
            "label": "action",
            "weight": 5,
            "id": "увеличиваться она токсичность"
        },
        {
            "label": "mechanism",
            "weight": 5,
            "id": "за счёт вытеснение из связь с белок плазма кровь"
        },
        {
            "label": "prepare",
            "weight": 5,
            "id": "этанол (алкоголь"
        },
        {
            "label": "side_e",
            "weight": 5,
            "id": "отмечаться повышенный риск повреждение слизистый оболочка желудочно-кишечный тракт"
        },
        {
            "label": "prepare",
            "weight": 5,
            "id": "удлинение время кровотечение"
        },
        {
            "label": "mechanism",
            "weight": 5,
            "id": "в результат взаимный усиление эффект ацетилсалициловый кислота и этанол"
        },
        {
            "label": "group",
            "weight": 5,
            "id": "препаратами, обладать урикозурический действие"
        },
        {
            "label": "prepare",
            "weight": 5,
            "id": "бензбромарон"
        },
        {
            "label": "prepare",
            "weight": 5,
            "id": "пробенецида"
        },
        {
            "label": "action",
            "weight": 5,
            "id": "снижение урикозурический эффект последний"
        },
        {
            "label": "mechanism",
            "weight": 5,
            "id": "конкурентный подавление почечный канальцев экскреция мочевой кислота"
        }
    ],
    "links": [
        {
            "source": "антитромботический средство",
            "target": "антиагрегант"
        },
        {
            "source": "антиагрегантный действие",
            "target": "ацетилсалициловый кислота (аск"
        },
        {
            "source": "ацетилсалициловый кислота (аск",
            "target": "необратимый ингибирование циклооксигеназа (цог-1"
        },
        {
            "source": "необратимый ингибирование циклооксигеназа (цог-1",
            "target": "блокироваться синтез тромбоксана а 2"
        },
        {
            "source": "блокироваться синтез тромбоксана а 2",
            "target": "подавляться агрегация тромбоцит"
        },
        {
            "source": "ацетилсалициловый кислота",
            "target": "другой механизм подавление агрегация тромбоцит"
        },
        {
            "source": "ацетилсалициловый кислота",
            "target": "противовоспалительный"
        },
        {
            "source": "ацетилсалициловый кислота",
            "target": "анальгезирующий"
        },
        {
            "source": "ацетилсалициловый кислота",
            "target": "жаропонижающий действие"
        },
        {
            "source": "ацетилсалициловый кислота",
            "target": "в значительный степень связываться с белок плазма кровь"
        },
        {
            "source": "ацетилсалициловый кислота",
            "target": "гипогликемический препарат"
        },
        {
            "source": "ацетилсалициловый кислота",
            "target": "снижение скорость клубочковый фильтрация"
        },
        {
            "source": "ацетилсалициловый кислота",
            "target": "этанол (алкоголь"
        },
        {
            "source": "салициловый кислота и она метаболит",
            "target": "выводиться главный образ почка"
        },
        {
            "source": "инвазивный вмешательство на сосуд",
            "target": "аортокоронарный шунтирование"
        },
        {
            "source": "инвазивный вмешательство на сосуд",
            "target": "эндартерэктомия сонный артерия"
        },
        {
            "source": "инвазивный вмешательство на сосуд",
            "target": "артериовенозный шунтирование"
        },
        {
            "source": "инвазивный вмешательство на сосуд",
            "target": "стентирование коронарный артерия"
        },
        {
            "source": "инвазивный вмешательство на сосуд",
            "target": "ангиопластик сонный артерия"
        },
        {
            "source": "нестероидный противовоспалительный препарат",
            "target": "салицилат"
        },
        {
            "source": "iii-iv функциональный класс по классификация nyha",
            "target": "хронический сердечный недостаточность"
        },
        {
            "source": "при сочетать применение",
            "target": "с метотрексат в доза менее 15 мг в неделя"
        },
        {
            "source": "при сочетать применение",
            "target": "тромболитический"
        },
        {
            "source": "при сочетать применение",
            "target": "другой антиагрегантный средство"
        },
        {
            "source": "при сочетать применение",
            "target": "метамизолом"
        },
        {
            "source": "при сочетать применение",
            "target": "нпвп"
        },
        {
            "source": "при сочетать применение",
            "target": "ибупрофен"
        },
        {
            "source": "при сочетать применение",
            "target": "напроксен"
        },
        {
            "source": "при сочетать применение",
            "target": "дигоксин"
        },
        {
            "source": "при сочетать применение",
            "target": "гипогликемический средство для приём внутрь (производный сульфонилмочевина"
        },
        {
            "source": "при сочетать применение",
            "target": "инсулин"
        },
        {
            "source": "при сочетать применение",
            "target": "с вальпроевой кислота"
        },
        {
            "source": "при сочетать применение",
            "target": "этанол"
        },
        {
            "source": "при сочетать применение",
            "target": "с селективный ингибитор обратный захват серотонин"
        },
        {
            "source": "тромболитический",
            "target": "увеличение риск кровотечение"
        },
        {
            "source": "метамизолом",
            "target": "нпвп"
        },
        {
            "source": "нпвп",
            "target": "увеличение риск ульцерогенный действие"
        },
        {
            "source": "нпвп",
            "target": "желудочно-кишечный кровотечение"
        },
        {
            "source": "нпвп",
            "target": "салицилат"
        },
        {
            "source": "инсулин",
            "target": "увеличиваться гипогликемический эффект"
        },
        {
            "source": "одновременный приём",
            "target": "ацетилсалициловый кислота"
        },
        {
            "source": "одновременный приём",
            "target": "метотрексат"
        },
        {
            "source": "одновременный приём",
            "target": "противопоказанный"
        },
        {
            "source": "противопоказанный",
            "target": "повышение гематологический токсичность"
        },
        {
            "source": "за счёт снижение почечный клиренс метотрексат",
            "target": "повышение гематологический токсичность"
        },
        {
            "source": "конкурентный вытеснение салицилат он из связь с белок",
            "target": "повышение гематологический токсичность"
        },
        {
            "source": "метамизола",
            "target": "нпвп"
        },
        {
            "source": "антагонизм в отношение необратимый угнетение функция тромбоцит",
            "target": "метамизолом"
        },
        {
            "source": "антиагрегантный",
            "target": "увеличение риск кровотечение"
        },
        {
            "source": "антикоагулянтный",
            "target": "увеличение риск кровотечение"
        },
        {
            "source": "одновременный применение",
            "target": "селективный ингибитор обратный захват серотонин"
        },
        {
            "source": "одновременный применение",
            "target": "повышение риск кровотечение из верхний отдел желудочно-кишечный тракт"
        },
        {
            "source": "одновременный применение",
            "target": "язва"
        },
        {
            "source": "дигоксина",
            "target": "увеличиваться"
        },
        {
            "source": "увеличиваться",
            "target": "при одновременный применение"
        },
        {
            "source": "плазменный концентрация",
            "target": "дигоксина"
        },
        {
            "source": "при одновременный применение",
            "target": "ацетилсалициловый кислота"
        },
        {
            "source": "при одновременный применение",
            "target": "вальпроевой кислота"
        },
        {
            "source": "гипогликемический препарат",
            "target": "инсулин"
        },
        {
            "source": "увеличиваться гипогликемический эффект",
            "target": "за счёт гипогликемический свойство сам ацетилсалициловый кислота в высокий доза и вытеснение производная сульфонилмочевина из связь с белок плазма кровь"
        },
        {
            "source": "диуретик",
            "target": "ацетилсалициловый кислота"
        },
        {
            "source": "снижение скорость клубочковый фильтрация",
            "target": "снижение синтез простагландин в почка"
        },
        {
            "source": "системный глюкокортикостероид (гкс",
            "target": "уровень салицилат в кровь снижаться"
        },
        {
            "source": "ингибитор ангиотензинпревращать фермент (апф",
            "target": "ацетилсалициловый кислота"
        },
        {
            "source": "ингибирование простагландинов, обладать сосудорасширяющий действие",
            "target": "снижение скорость клубочковый фильтрация"
        },
        {
            "source": "вальпроевой кислота",
            "target": "увеличиваться она токсичность"
        },
        {
            "source": "увеличиваться она токсичность",
            "target": "за счёт вытеснение из связь с белок плазма кровь"
        },
        {
            "source": "этанол (алкоголь",
            "target": "отмечаться повышенный риск повреждение слизистый оболочка желудочно-кишечный тракт"
        },
        {
            "source": "этанол (алкоголь",
            "target": "удлинение время кровотечение"
        },
        {
            "source": "в результат взаимный усиление эффект ацетилсалициловый кислота и этанол",
            "target": "удлинение время кровотечение"
        },
        {
            "source": "препаратами, обладать урикозурический действие",
            "target": "ацетилсалициловый кислота"
        },
        {
            "source": "препаратами, обладать урикозурический действие",
            "target": "бензбромарон"
        },
        {
            "source": "препаратами, обладать урикозурический действие",
            "target": "пробенецида"
        },
        {
            "source": "препаратами, обладать урикозурический действие",
            "target": "снижение урикозурический эффект последний"
        },
        {
            "source": "снижение урикозурический эффект последний",
            "target": "конкурентный подавление почечный канальцев экскреция мочевой кислота"
        }
    ]
}