{
    "directed": true,
    "multigraph": false,
    "graph": {},
    "nodes": [
        {
            "label": "group",
            "weight": 5,
            "id": "средства, действовать на ренин-ангиотензиновый система"
        },
        {
            "label": "group",
            "weight": 5,
            "id": "ингибитор ангиотензинпревращать фермент (апф"
        },
        {
            "label": "group",
            "weight": 5,
            "id": "ингибитор апф и блокатор кальциевый канал"
        },
        {
            "label": "prepare",
            "weight": 5,
            "id": "амлодипин"
        },
        {
            "label": "mechanism",
            "weight": 5,
            "id": "ингибировать трансмембранный переход ион кальций в кардиомиоцит и гладкомышечный клетка сосудистый стенка"
        },
        {
            "label": "mechanism",
            "weight": 5,
            "id": "прямой расслаблять воздействие на гладкомышечный клетка сосудистый стенка"
        },
        {
            "label": "action",
            "weight": 5,
            "id": "антигипертензивный действие"
        },
        {
            "label": "mechanism",
            "weight": 5,
            "id": "уменьшать общий ишемический нагрузка"
        },
        {
            "label": "action",
            "weight": 5,
            "id": "вызывать расширение периферический артериол"
        },
        {
            "label": "action",
            "weight": 5,
            "id": "уменьшать общий периферический сосудистый сопротивление (опсс) (постнагрузка"
        },
        {
            "label": "mechanism",
            "weight": 5,
            "id": "осуществлять антиангинальный действие"
        },
        {
            "label": "noun",
            "weight": 5,
            "id": "частота сердечный сокращение (чсс"
        },
        {
            "label": "action",
            "weight": 5,
            "id": "не изменяться"
        },
        {
            "label": "noun",
            "weight": 5,
            "id": "потребность миокард в кислород"
        },
        {
            "label": "action",
            "weight": 5,
            "id": "снижаться"
        },
        {
            "label": "noun",
            "weight": 5,
            "id": "они дилатация"
        },
        {
            "label": "action",
            "weight": 5,
            "id": "увеличивать поступление кислород в миокард у пациент с вазоспастический стенокардия (стенокардия принцметать или вариантный стенокардия"
        },
        {
            "label": "action",
            "weight": 5,
            "id": "увеличивать общий время физический нагрузка"
        },
        {
            "label": "action",
            "weight": 5,
            "id": "время до развитие приступ стенокардия и до появление депрессия сегмент st на 1 мм"
        },
        {
            "label": "action",
            "weight": 5,
            "id": "также снижать частота приступ стенокардия и потребление нитроглицерин под язык"
        },
        {
            "label": "action",
            "weight": 5,
            "id": "не оказывать неблагоприятный метаболический эффект"
        },
        {
            "label": "action",
            "weight": 5,
            "id": "не влиять на концентрация липид в плазма кровь"
        },
        {
            "label": "noun",
            "weight": 5,
            "id": "малый количество случай госпитализация"
        },
        {
            "label": "illness",
            "weight": 5,
            "id": "стенокардия"
        },
        {
            "label": "noun",
            "weight": 5,
            "id": "проведение процедура реваскуляризация у пациент"
        },
        {
            "label": "illness",
            "weight": 5,
            "id": "ибс"
        },
        {
            "label": "noun",
            "weight": 5,
            "id": "результат гемодинамический исследований, а также результат клинический исследование с участие пациент"
        },
        {
            "label": "action",
            "weight": 5,
            "id": "продемонстрировать"
        },
        {
            "label": "action",
            "weight": 5,
            "id": "не приводить к клинический ухудшение"
        },
        {
            "label": "prepare",
            "weight": 5,
            "id": "периндоприть"
        },
        {
            "label": "mechanism",
            "weight": 5,
            "id": "ингибитор фермента, превращать ангиотензин i в ангиотензин ii"
        },
        {
            "label": "action",
            "weight": 5,
            "id": "лечение"
        },
        {
            "label": "illness",
            "weight": 5,
            "id": "ага"
        },
        {
            "label": "mechanism",
            "weight": 5,
            "id": "уменьшать опсс"
        },
        {
            "label": "mechanism",
            "weight": 5,
            "id": "приводить к снижение повышенный ад"
        },
        {
            "label": "mechanism",
            "weight": 5,
            "id": "улучшение периферический кровоток без изменение чсс"
        },
        {
            "label": "mechanism",
            "weight": 5,
            "id": "увеличивать почечный кровоток"
        },
        {
            "label": "mechanism",
            "weight": 5,
            "id": "оказывать сосудорасширяющий действие"
        },
        {
            "label": "mechanism",
            "weight": 5,
            "id": "способствовать восстановление эластичность крупный артерия и структура сосудистый стенка мелкий артерия"
        },
        {
            "label": "mechanism",
            "weight": 5,
            "id": "уменьшать гипертрофия левый желудочек"
        },
        {
            "label": "absorbtion",
            "weight": 5,
            "id": "составлять"
        },
        {
            "label": "absorbtion",
            "weight": 5,
            "id": "уменьшать биодоступность периндоприла, поэтому препарат следовать принимать 1 раз в сутки, утром, перед приём пища"
        },
        {
            "label": "illness",
            "weight": 5,
            "id": "хсн"
        },
        {
            "label": "noun",
            "weight": 5,
            "id": "неишемический этиология iii-iv функциональный класс по классификация nyha"
        },
        {
            "label": "side_e",
            "weight": 5,
            "id": "отечь"
        },
        {
            "label": "side_e",
            "weight": 5,
            "id": "сонливость"
        },
        {
            "label": "side_e",
            "weight": 5,
            "id": "головокружение"
        },
        {
            "label": "side_e",
            "weight": 5,
            "id": "головной боль (особенно в начало лечение"
        },
        {
            "label": "side_e",
            "weight": 5,
            "id": "дисгевзий (извращение вкус"
        },
        {
            "label": "side_e",
            "weight": 5,
            "id": "парестезия"
        },
        {
            "label": "side_e",
            "weight": 5,
            "id": "зрение (включать диплопия"
        },
        {
            "label": "side_e",
            "weight": 5,
            "id": "звон в ухо"
        },
        {
            "label": "side_e",
            "weight": 5,
            "id": "вертиго"
        },
        {
            "label": "side_e",
            "weight": 5,
            "id": "ощущение сердцебиение"
        },
        {
            "label": "side_e",
            "weight": 5,
            "id": "приливы» кровь к кожа лицо"
        },
        {
            "label": "side_e",
            "weight": 5,
            "id": "артериальный гипотензия (и связанный с она симптом"
        },
        {
            "label": "side_e",
            "weight": 5,
            "id": "одышка"
        },
        {
            "label": "side_e",
            "weight": 5,
            "id": "кашель"
        },
        {
            "label": "side_e",
            "weight": 5,
            "id": "боль в живот"
        },
        {
            "label": "side_e",
            "weight": 5,
            "id": "тошнота"
        },
        {
            "label": "side_e",
            "weight": 5,
            "id": "рвота"
        },
        {
            "label": "side_e",
            "weight": 5,
            "id": "диспепсия"
        },
        {
            "label": "side_e",
            "weight": 5,
            "id": "измененией характер стул"
        },
        {
            "label": "side_e",
            "weight": 5,
            "id": "диарея"
        },
        {
            "label": "side_e",
            "weight": 5,
            "id": "запор"
        },
        {
            "label": "side_e",
            "weight": 5,
            "id": "кожный зуд"
        },
        {
            "label": "side_e",
            "weight": 5,
            "id": "кожный сыпь"
        },
        {
            "label": "side_e",
            "weight": 5,
            "id": "повышенный утомляемость"
        },
        {
            "label": "side_e",
            "weight": 5,
            "id": "астения"
        },
        {
            "label": "side_e",
            "weight": 5,
            "id": "повышенный утомляемость с смена настроения, слабостью, раздражительностью, расстройство сон и др"
        }
    ],
    "links": [
        {
            "source": "средства, действовать на ренин-ангиотензиновый система",
            "target": "ингибитор ангиотензинпревращать фермент (апф"
        },
        {
            "source": "средства, действовать на ренин-ангиотензиновый система",
            "target": "ингибитор апф и блокатор кальциевый канал"
        },
        {
            "source": "амлодипин",
            "target": "ингибировать трансмембранный переход ион кальций в кардиомиоцит и гладкомышечный клетка сосудистый стенка"
        },
        {
            "source": "амлодипин",
            "target": "осуществлять антиангинальный действие"
        },
        {
            "source": "амлодипин",
            "target": "уменьшать общий ишемический нагрузка"
        },
        {
            "source": "амлодипин",
            "target": "увеличивать общий время физический нагрузка"
        },
        {
            "source": "амлодипин",
            "target": "время до развитие приступ стенокардия и до появление депрессия сегмент st на 1 мм"
        },
        {
            "source": "амлодипин",
            "target": "также снижать частота приступ стенокардия и потребление нитроглицерин под язык"
        },
        {
            "source": "амлодипин",
            "target": "не оказывать неблагоприятный метаболический эффект"
        },
        {
            "source": "амлодипин",
            "target": "не влиять на концентрация липид в плазма кровь"
        },
        {
            "source": "амлодипин",
            "target": "малый количество случай госпитализация"
        },
        {
            "source": "амлодипин",
            "target": "проведение процедура реваскуляризация у пациент"
        },
        {
            "source": "амлодипин",
            "target": "не приводить к клинический ухудшение"
        },
        {
            "source": "амлодипин",
            "target": "отечь"
        },
        {
            "source": "амлодипин",
            "target": "сонливость"
        },
        {
            "source": "амлодипин",
            "target": "головокружение"
        },
        {
            "source": "амлодипин",
            "target": "головной боль (особенно в начало лечение"
        },
        {
            "source": "амлодипин",
            "target": "дисгевзий (извращение вкус"
        },
        {
            "source": "амлодипин",
            "target": "парестезия"
        },
        {
            "source": "амлодипин",
            "target": "зрение (включать диплопия"
        },
        {
            "source": "амлодипин",
            "target": "звон в ухо"
        },
        {
            "source": "амлодипин",
            "target": "вертиго"
        },
        {
            "source": "амлодипин",
            "target": "ощущение сердцебиение"
        },
        {
            "source": "амлодипин",
            "target": "приливы» кровь к кожа лицо"
        },
        {
            "source": "амлодипин",
            "target": "артериальный гипотензия (и связанный с она симптом"
        },
        {
            "source": "амлодипин",
            "target": "одышка"
        },
        {
            "source": "амлодипин",
            "target": "кашель"
        },
        {
            "source": "амлодипин",
            "target": "боль в живот"
        },
        {
            "source": "амлодипин",
            "target": "тошнота"
        },
        {
            "source": "амлодипин",
            "target": "рвота"
        },
        {
            "source": "амлодипин",
            "target": "диспепсия"
        },
        {
            "source": "амлодипин",
            "target": "измененией характер стул"
        },
        {
            "source": "амлодипин",
            "target": "диарея"
        },
        {
            "source": "амлодипин",
            "target": "запор"
        },
        {
            "source": "амлодипин",
            "target": "кожный зуд"
        },
        {
            "source": "амлодипин",
            "target": "кожный сыпь"
        },
        {
            "source": "амлодипин",
            "target": "повышенный утомляемость"
        },
        {
            "source": "амлодипин",
            "target": "астения"
        },
        {
            "source": "прямой расслаблять воздействие на гладкомышечный клетка сосудистый стенка",
            "target": "амлодипин"
        },
        {
            "source": "прямой расслаблять воздействие на гладкомышечный клетка сосудистый стенка",
            "target": "антигипертензивный действие"
        },
        {
            "source": "уменьшать общий ишемический нагрузка",
            "target": "вызывать расширение периферический артериол"
        },
        {
            "source": "вызывать расширение периферический артериол",
            "target": "уменьшать общий периферический сосудистый сопротивление (опсс) (постнагрузка"
        },
        {
            "source": "частота сердечный сокращение (чсс",
            "target": "не изменяться"
        },
        {
            "source": "не изменяться",
            "target": "потребность миокард в кислород"
        },
        {
            "source": "потребность миокард в кислород",
            "target": "снижаться"
        },
        {
            "source": "они дилатация",
            "target": "увеличивать поступление кислород в миокард у пациент с вазоспастический стенокардия (стенокардия принцметать или вариантный стенокардия"
        },
        {
            "source": "малый количество случай госпитализация",
            "target": "стенокардия"
        },
        {
            "source": "проведение процедура реваскуляризация у пациент",
            "target": "ибс"
        },
        {
            "source": "результат гемодинамический исследований, а также результат клинический исследование с участие пациент",
            "target": "продемонстрировать"
        },
        {
            "source": "продемонстрировать",
            "target": "амлодипин"
        },
        {
            "source": "периндоприть",
            "target": "ингибитор фермента, превращать ангиотензин i в ангиотензин ii"
        },
        {
            "source": "периндоприть",
            "target": "лечение"
        },
        {
            "source": "периндоприть",
            "target": "уменьшать опсс"
        },
        {
            "source": "периндоприть",
            "target": "увеличивать почечный кровоток"
        },
        {
            "source": "периндоприть",
            "target": "оказывать сосудорасширяющий действие"
        },
        {
            "source": "периндоприть",
            "target": "способствовать восстановление эластичность крупный артерия и структура сосудистый стенка мелкий артерия"
        },
        {
            "source": "периндоприть",
            "target": "уменьшать гипертрофия левый желудочек"
        },
        {
            "source": "периндоприть",
            "target": "составлять"
        },
        {
            "source": "периндоприть",
            "target": "уменьшать биодоступность периндоприла, поэтому препарат следовать принимать 1 раз в сутки, утром, перед приём пища"
        },
        {
            "source": "лечение",
            "target": "ага"
        },
        {
            "source": "уменьшать опсс",
            "target": "приводить к снижение повышенный ад"
        },
        {
            "source": "уменьшать опсс",
            "target": "улучшение периферический кровоток без изменение чсс"
        },
        {
            "source": "хсн",
            "target": "неишемический этиология iii-iv функциональный класс по классификация nyha"
        },
        {
            "source": "астения",
            "target": "повышенный утомляемость с смена настроения, слабостью, раздражительностью, расстройство сон и др"
        }
    ]
}