{
    "directed": true,
    "multigraph": false,
    "graph": {},
    "nodes": [
        {
            "label": "group",
            "weight": 5,
            "id": "диуретик"
        },
        {
            "label": "group",
            "weight": 5,
            "id": "тиазидный диуретик (тиазид"
        },
        {
            "label": "group",
            "weight": 5,
            "id": "тиазид"
        },
        {
            "label": "mechanism",
            "weight": 5,
            "id": "блокировать реабсорбция ион натрий и хлор в начало почечный каналец"
        },
        {
            "label": "mechanism",
            "weight": 5,
            "id": "увеличивать выведение ион натрий и хлор"
        },
        {
            "label": "mechanism",
            "weight": 5,
            "id": "выведение вода из организм"
        },
        {
            "label": "action",
            "weight": 5,
            "id": "мочегонное действие"
        },
        {
            "label": "prepare",
            "weight": 5,
            "id": "гидрохлоротиазид"
        },
        {
            "label": "action",
            "weight": 5,
            "id": "уменьшаться объём циркулировать жидкость"
        },
        {
            "label": "action",
            "weight": 5,
            "id": "увеличиваться активность ренин и содержание альдостерон"
        },
        {
            "label": "mechanism",
            "weight": 5,
            "id": "увеличивать экскреция ион магний"
        },
        {
            "label": "mechanism",
            "weight": 5,
            "id": "снижать экскреция ион кальций с моча"
        },
        {
            "label": "group",
            "weight": 5,
            "id": "тиазидный диуретик"
        },
        {
            "label": "action",
            "weight": 5,
            "id": "снижать экскреция мочевой кислота почка и увеличивать она содержание в кровь"
        },
        {
            "label": "mechanism",
            "weight": 5,
            "id": "усиление выведение ион бикарбонат"
        },
        {
            "label": "action",
            "weight": 5,
            "id": "диуретический/натрийуретический эффект"
        },
        {
            "label": "mechanism",
            "weight": 5,
            "id": "антигипертензивный действие"
        },
        {
            "label": "absorbtion",
            "weight": 5,
            "id": "всасываться из желудочно-кишечный тракт"
        },
        {
            "label": "metabol",
            "weight": 5,
            "id": "не метаболизироваться"
        },
        {
            "label": "illness",
            "weight": 5,
            "id": "хронический сердечный недостаточность"
        },
        {
            "label": "illness",
            "weight": 5,
            "id": "отёчный синдром различный генез"
        },
        {
            "label": "illness",
            "weight": 5,
            "id": "нефротический синдром"
        },
        {
            "label": "illness",
            "weight": 5,
            "id": "предменструальный синдром"
        },
        {
            "label": "illness",
            "weight": 5,
            "id": "острый гломерулонефрит"
        },
        {
            "label": "illness",
            "weight": 5,
            "id": "хронический почечный недостаточность"
        },
        {
            "label": "illness",
            "weight": 5,
            "id": "портальный гипертензия"
        },
        {
            "label": "illness",
            "weight": 5,
            "id": "лечение кортикостероид"
        },
        {
            "label": "illness",
            "weight": 5,
            "id": "нефрогенный несахарный диабет"
        },
        {
            "label": "illness",
            "weight": 5,
            "id": "полиурия"
        },
        {
            "label": "illness",
            "weight": 5,
            "id": "конкремент"
        },
        {
            "label": "noun",
            "weight": 5,
            "id": "мочеполовой тракт"
        },
        {
            "label": "illness",
            "weight": 5,
            "id": "гиперкальциурия"
        },
        {
            "label": "group",
            "weight": 5,
            "id": "препарат литий"
        },
        {
            "label": "action",
            "weight": 5,
            "id": "снижаться"
        },
        {
            "label": "noun",
            "weight": 5,
            "id": "почечный клиренс"
        },
        {
            "label": "prepare",
            "weight": 5,
            "id": "литий"
        },
        {
            "label": "action",
            "weight": 5,
            "id": "мочь привести"
        },
        {
            "label": "noun",
            "weight": 5,
            "id": "повышение концентрация"
        },
        {
            "label": "side_e",
            "weight": 5,
            "id": "увеличение он токсичность"
        },
        {
            "label": "attention",
            "weight": 5,
            "id": "одновременно с такой препаратами, как"
        },
        {
            "label": "prepare",
            "weight": 5,
            "id": "хинидин"
        },
        {
            "label": "group",
            "weight": 5,
            "id": "антиаритмический лекарственный препарат ia класс"
        },
        {
            "label": "prepare",
            "weight": 5,
            "id": "гидрохинидин"
        },
        {
            "label": "prepare",
            "weight": 5,
            "id": "дизопирамида"
        },
        {
            "label": "prepare",
            "weight": 5,
            "id": "дофетилида"
        },
        {
            "label": "group",
            "weight": 5,
            "id": "антиаритмический лекарственный препарат iii класс"
        },
        {
            "label": "prepare",
            "weight": 5,
            "id": "ибутилида"
        },
        {
            "label": "prepare",
            "weight": 5,
            "id": "бретилия"
        },
        {
            "label": "prepare",
            "weight": 5,
            "id": "тозилата"
        },
        {
            "label": "prepare",
            "weight": 5,
            "id": "соталола"
        },
        {
            "label": "prepare",
            "weight": 5,
            "id": "дронедарон"
        },
        {
            "label": "prepare",
            "weight": 5,
            "id": "амиодарон"
        },
        {
            "label": "prepare",
            "weight": 5,
            "id": "хлорпромазин"
        },
        {
            "label": "group",
            "weight": 5,
            "id": "фенотиазин"
        },
        {
            "label": "prepare",
            "weight": 5,
            "id": "циамемазин"
        },
        {
            "label": "prepare",
            "weight": 5,
            "id": "левомепромазин"
        },
        {
            "label": "prepare",
            "weight": 5,
            "id": "тиоридазин"
        },
        {
            "label": "prepare",
            "weight": 5,
            "id": "трифлуоперазин"
        },
        {
            "label": "prepare",
            "weight": 5,
            "id": "флуфеназин"
        },
        {
            "label": "prepare",
            "weight": 5,
            "id": "амисульприд"
        },
        {
            "label": "group",
            "weight": 5,
            "id": "бензамидин"
        },
        {
            "label": "prepare",
            "weight": 5,
            "id": "сультоприд"
        },
        {
            "label": "prepare",
            "weight": 5,
            "id": "сульпирида"
        },
        {
            "label": "prepare",
            "weight": 5,
            "id": "тиаприд"
        },
        {
            "label": "prepare",
            "weight": 5,
            "id": "дроперидол"
        },
        {
            "label": "group",
            "weight": 5,
            "id": "бутирофенон"
        },
        {
            "label": "prepare",
            "weight": 5,
            "id": "галоперидол"
        },
        {
            "label": "prepare",
            "weight": 5,
            "id": "пимозид"
        },
        {
            "label": "prepare",
            "weight": 5,
            "id": "сертиндол"
        },
        {
            "label": "prepare",
            "weight": 5,
            "id": "циталопра"
        },
        {
            "label": "group",
            "weight": 5,
            "id": "селективный ингибитор обратный захват серотонин"
        },
        {
            "label": "prepare",
            "weight": 5,
            "id": "эсциталопра"
        },
        {
            "label": "prepare",
            "weight": 5,
            "id": "левофлоксацин"
        },
        {
            "label": "group",
            "weight": 5,
            "id": "фторхинолон"
        },
        {
            "label": "prepare",
            "weight": 5,
            "id": "моксифлоксацин"
        },
        {
            "label": "prepare",
            "weight": 5,
            "id": "спарфлоксацин"
        },
        {
            "label": "prepare",
            "weight": 5,
            "id": "ципрофлоксацин"
        },
        {
            "label": "prepare",
            "weight": 5,
            "id": "эритромицин"
        },
        {
            "label": "group",
            "weight": 5,
            "id": "макролида"
        },
        {
            "label": "prepare",
            "weight": 5,
            "id": "азитромицин"
        },
        {
            "label": "prepare",
            "weight": 5,
            "id": "кларитромицин"
        },
        {
            "label": "prepare",
            "weight": 5,
            "id": "рокситромицин"
        },
        {
            "label": "prepare",
            "weight": 5,
            "id": "спирамицин"
        },
        {
            "label": "prepare",
            "weight": 5,
            "id": "вориконазол"
        },
        {
            "label": "group",
            "weight": 5,
            "id": "азола"
        },
        {
            "label": "prepare",
            "weight": 5,
            "id": "итраконазол"
        },
        {
            "label": "prepare",
            "weight": 5,
            "id": "кетоконазол"
        },
        {
            "label": "prepare",
            "weight": 5,
            "id": "флуконазол"
        },
        {
            "label": "prepare",
            "weight": 5,
            "id": "хинин"
        },
        {
            "label": "group",
            "weight": 5,
            "id": "противомалярийный средство"
        },
        {
            "label": "prepare",
            "weight": 5,
            "id": "хлорохин"
        },
        {
            "label": "prepare",
            "weight": 5,
            "id": "мефлохина"
        },
        {
            "label": "prepare",
            "weight": 5,
            "id": "галофантрина"
        },
        {
            "label": "prepare",
            "weight": 5,
            "id": "лумефантрина"
        },
        {
            "label": "prepare",
            "weight": 5,
            "id": "пентамидина"
        },
        {
            "label": "group",
            "weight": 5,
            "id": "противопротозойный средство"
        },
        {
            "label": "prepare",
            "weight": 5,
            "id": "ранолазин"
        },
        {
            "label": "group",
            "weight": 5,
            "id": "антиангинальный средство"
        },
        {
            "label": "prepare",
            "weight": 5,
            "id": "бепридить"
        },
        {
            "label": "prepare",
            "weight": 5,
            "id": "вандетаниб"
        },
        {
            "label": "group",
            "weight": 5,
            "id": "противоопухолевый средство"
        },
        {
            "label": "prepare",
            "weight": 5,
            "id": "мышьяк триоксид"
        },
        {
            "label": "prepare",
            "weight": 5,
            "id": "оксалиплатина"
        },
        {
            "label": "prepare",
            "weight": 5,
            "id": "такролимус"
        },
        {
            "label": "prepare",
            "weight": 5,
            "id": "домперидон"
        },
        {
            "label": "group",
            "weight": 5,
            "id": "противорвотный средство"
        },
        {
            "label": "prepare",
            "weight": 5,
            "id": "ондансетрон"
        },
        {
            "label": "prepare",
            "weight": 5,
            "id": "цизаприд"
        },
        {
            "label": "group",
            "weight": 5,
            "id": "средства, влиять на моторика желудочно-кишечный тракт"
        },
        {
            "label": "prepare",
            "weight": 5,
            "id": "астемизол"
        },
        {
            "label": "group",
            "weight": 5,
            "id": "антигистаминный средство"
        },
        {
            "label": "prepare",
            "weight": 5,
            "id": "терфенадин"
        },
        {
            "label": "prepare",
            "weight": 5,
            "id": "мизоластина"
        },
        {
            "label": "group",
            "weight": 5,
            "id": "нейролептик"
        },
        {
            "label": "group",
            "weight": 5,
            "id": "антидепрессант"
        },
        {
            "label": "group",
            "weight": 5,
            "id": "трициклический антидепрессант"
        },
        {
            "label": "group",
            "weight": 5,
            "id": "антибактериальный средство"
        },
        {
            "label": "action",
            "weight": 5,
            "id": "увеличиваться"
        },
        {
            "label": "attention",
            "weight": 5,
            "id": "риск развитие"
        },
        {
            "label": "side_e",
            "weight": 5,
            "id": "желудочковый аритмия"
        },
        {
            "label": "illness",
            "weight": 5,
            "id": "полиморфный желудочковый тахикардия тип «пируэт"
        },
        {
            "label": "side_e",
            "weight": 5,
            "id": "гипокалиемия"
        },
        {
            "label": "attention",
            "weight": 5,
            "id": "одновременный применение"
        },
        {
            "label": "group",
            "weight": 5,
            "id": "лекарственный препаратами, способный увеличивать продолжительность интервал qt"
        },
        {
            "label": "side_e",
            "weight": 5,
            "id": "риск развитие полиморфный желудочковый тахикардия тип «пируэт"
        },
        {
            "label": "prepare",
            "weight": 5,
            "id": "карбеноксолон"
        },
        {
            "label": "group",
            "weight": 5,
            "id": "глицирризиновый кислота"
        },
        {
            "label": "group",
            "weight": 5,
            "id": "препараты, содержать корень солодка"
        },
        {
            "label": "group",
            "weight": 5,
            "id": "слабительное средства, не стимулировать моторика кишечник"
        },
        {
            "label": "side_e",
            "weight": 5,
            "id": "гипомагниемия"
        },
        {
            "label": "group",
            "weight": 5,
            "id": "сердечный гликозид"
        },
        {
            "label": "action",
            "weight": 5,
            "id": "усиливать"
        },
        {
            "label": "side_e",
            "weight": 5,
            "id": "токсичность"
        },
        {
            "label": "action",
            "weight": 5,
            "id": "потенцирование"
        },
        {
            "label": "group",
            "weight": 5,
            "id": "ингибитор ангиотензинпревращать фермент (апф"
        },
        {
            "label": "side_e",
            "weight": 5,
            "id": "симптоматический артериальный гипотензия"
        },
        {
            "label": "action",
            "weight": 5,
            "id": "усиление"
        },
        {
            "label": "side_e",
            "weight": 5,
            "id": "ортостатический гипотензия"
        },
        {
            "label": "group",
            "weight": 5,
            "id": "барбитурат"
        },
        {
            "label": "prepare",
            "weight": 5,
            "id": "теофиллин"
        },
        {
            "label": "action",
            "weight": 5,
            "id": "усиление эффект"
        },
        {
            "label": "group",
            "weight": 5,
            "id": "недеполяризовать миорелаксант"
        },
        {
            "label": "group",
            "weight": 5,
            "id": "адреномиметик"
        },
        {
            "label": "prepare",
            "weight": 5,
            "id": "эпинефрина"
        },
        {
            "label": "prepare",
            "weight": 5,
            "id": "норэпинефрина"
        },
        {
            "label": "prepare",
            "weight": 5,
            "id": "адреналин"
        },
        {
            "label": "prepare",
            "weight": 5,
            "id": "норадреналин"
        },
        {
            "label": "group",
            "weight": 5,
            "id": "селективный ингибитор циклооксигеназы-2 (цог-2"
        },
        {
            "label": "group",
            "weight": 5,
            "id": "нестероидный противовоспалительный препарат (нпвп"
        },
        {
            "label": "group",
            "weight": 5,
            "id": "нпвп"
        },
        {
            "label": "group",
            "weight": 5,
            "id": "диуретический"
        },
        {
            "label": "group",
            "weight": 5,
            "id": "салицилат"
        },
        {
            "label": "side_e",
            "weight": 5,
            "id": "на центральный нервный система"
        },
        {
            "label": "side_e",
            "weight": 5,
            "id": "гипергликемия"
        },
        {
            "label": "action",
            "weight": 5,
            "id": "снижать эффективность"
        },
        {
            "label": "group",
            "weight": 5,
            "id": "гипогликемический средство"
        },
        {
            "label": "attention",
            "weight": 5,
            "id": "совместно применять"
        },
        {
            "label": "prepare",
            "weight": 5,
            "id": "метформин"
        },
        {
            "label": "side_e",
            "weight": 5,
            "id": "лактоацидоз"
        },
        {
            "label": "noun",
            "weight": 5,
            "id": "нарушение функция почка"
        },
        {
            "label": "group",
            "weight": 5,
            "id": "бета-адреноблокатор"
        },
        {
            "label": "prepare",
            "weight": 5,
            "id": "диазоксид"
        },
        {
            "label": "action",
            "weight": 5,
            "id": "увеличивать"
        },
        {
            "label": "side_e",
            "weight": 5,
            "id": "концентрация мочевой кислота в сыворотка кровь"
        },
        {
            "label": "attention",
            "weight": 5,
            "id": "мочь потребоваться коррекция доза"
        },
        {
            "label": "group",
            "weight": 5,
            "id": "урикозурический лекарственный средство"
        },
        {
            "label": "action",
            "weight": 5,
            "id": "увеличить"
        },
        {
            "label": "side_e",
            "weight": 5,
            "id": "реакция гиперчувствительность"
        },
        {
            "label": "prepare",
            "weight": 5,
            "id": "аллопуринол"
        },
        {
            "label": "action",
            "weight": 5,
            "id": "мочь снижать клиренс"
        },
        {
            "label": "prepare",
            "weight": 5,
            "id": "амантадин"
        },
        {
            "label": "group",
            "weight": 5,
            "id": "антихолинергический препарат"
        },
        {
            "label": "action",
            "weight": 5,
            "id": "увеличивать биодоступность"
        },
        {
            "label": "prepare",
            "weight": 5,
            "id": "атропин"
        },
        {
            "label": "prepare",
            "weight": 5,
            "id": "биперидный"
        },
        {
            "label": "action",
            "weight": 5,
            "id": "уменьшать"
        },
        {
            "label": "excretion",
            "weight": 5,
            "id": "почечный экскреция"
        },
        {
            "label": "group",
            "weight": 5,
            "id": "цитотоксический лекарственный средство"
        },
        {
            "label": "action",
            "weight": 5,
            "id": "потенцировать"
        },
        {
            "label": "side_e",
            "weight": 5,
            "id": "миелосупрессивный действие"
        },
        {
            "label": "side_e",
            "weight": 5,
            "id": "гемолитический анемия"
        },
        {
            "label": "prepare",
            "weight": 5,
            "id": "метилдоп"
        },
        {
            "label": "prepare",
            "weight": 5,
            "id": "карбамазепин"
        },
        {
            "label": "side_e",
            "weight": 5,
            "id": "гипонатриемия"
        },
        {
            "label": "prepare",
            "weight": 5,
            "id": "циклоспорин"
        },
        {
            "label": "attention",
            "weight": 5,
            "id": "при одновременный применение"
        },
        {
            "label": "side_e",
            "weight": 5,
            "id": "гиперурикемия"
        },
        {
            "label": "side_e",
            "weight": 5,
            "id": "обострение подагра"
        },
        {
            "label": "action",
            "weight": 5,
            "id": "уменьшать эффект"
        },
        {
            "label": "group",
            "weight": 5,
            "id": "пероральный антикоагулянт"
        },
        {
            "label": "side_e",
            "weight": 5,
            "id": "острый почечный недостаточность"
        },
        {
            "label": "mechanism",
            "weight": 5,
            "id": "снижение выведение ион кальций почка"
        },
        {
            "label": "side_e",
            "weight": 5,
            "id": "гиперкальциемия"
        },
        {
            "label": "side_e",
            "weight": 5,
            "id": "повышение содержание кальций в кровь"
        },
        {
            "label": "group",
            "weight": 5,
            "id": "анионный обменный смола"
        },
        {
            "label": "absorbtion",
            "weight": 5,
            "id": "абсорбция"
        },
        {
            "label": "prepare",
            "weight": 5,
            "id": "колестирамин"
        },
        {
            "label": "prepare",
            "weight": 5,
            "id": "колестиполый"
        },
        {
            "label": "absorbtion",
            "weight": 5,
            "id": "всасывание"
        },
        {
            "label": "absorbtion",
            "weight": 5,
            "id": "желудочно-кишечный тракт"
        }
    ],
    "links": [
        {
            "source": "диуретик",
            "target": "тиазидный диуретик (тиазид"
        },
        {
            "source": "диуретик",
            "target": "тиазид"
        },
        {
            "source": "тиазид",
            "target": "блокировать реабсорбция ион натрий и хлор в начало почечный каналец"
        },
        {
            "source": "увеличивать выведение ион натрий и хлор",
            "target": "выведение вода из организм"
        },
        {
            "source": "мочегонное действие",
            "target": "гидрохлоротиазид"
        },
        {
            "source": "гидрохлоротиазид",
            "target": "уменьшаться объём циркулировать жидкость"
        },
        {
            "source": "гидрохлоротиазид",
            "target": "увеличивать экскреция ион магний"
        },
        {
            "source": "гидрохлоротиазид",
            "target": "снижать экскреция ион кальций с моча"
        },
        {
            "source": "гидрохлоротиазид",
            "target": "антигипертензивный действие"
        },
        {
            "source": "гидрохлоротиазид",
            "target": "всасываться из желудочно-кишечный тракт"
        },
        {
            "source": "гидрохлоротиазид",
            "target": "не метаболизироваться"
        },
        {
            "source": "гидрохлоротиазид",
            "target": "препарат литий"
        },
        {
            "source": "гидрохлоротиазид",
            "target": "снижаться"
        },
        {
            "source": "гидрохлоротиазид",
            "target": "одновременно с такой препаратами, как"
        },
        {
            "source": "гидрохлоротиазид",
            "target": "слабительное средства, не стимулировать моторика кишечник"
        },
        {
            "source": "гидрохлоротиазид",
            "target": "ингибитор ангиотензинпревращать фермент (апф"
        },
        {
            "source": "гидрохлоротиазид",
            "target": "адреномиметик"
        },
        {
            "source": "гидрохлоротиазид",
            "target": "усиливать"
        },
        {
            "source": "гидрохлоротиазид",
            "target": "нарушение функция почка"
        },
        {
            "source": "гидрохлоротиазид",
            "target": "тиазидный диуретик"
        },
        {
            "source": "гидрохлоротиазид",
            "target": "увеличивать"
        },
        {
            "source": "гидрохлоротиазид",
            "target": "одновременный применение"
        },
        {
            "source": "гидрохлоротиазид",
            "target": "карбамазепин"
        },
        {
            "source": "гидрохлоротиазид",
            "target": "желудочно-кишечный тракт"
        },
        {
            "source": "уменьшаться объём циркулировать жидкость",
            "target": "мочегонное действие"
        },
        {
            "source": "уменьшаться объём циркулировать жидкость",
            "target": "увеличиваться активность ренин и содержание альдостерон"
        },
        {
            "source": "тиазидный диуретик",
            "target": "снижать экскреция мочевой кислота почка и увеличивать она содержание в кровь"
        },
        {
            "source": "тиазидный диуретик",
            "target": "усиление выведение ион бикарбонат"
        },
        {
            "source": "тиазидный диуретик",
            "target": "диуретический/натрийуретический эффект"
        },
        {
            "source": "тиазидный диуретик",
            "target": "увеличиваться"
        },
        {
            "source": "тиазидный диуретик",
            "target": "гипомагниемия"
        },
        {
            "source": "тиазидный диуретик",
            "target": "гипокалиемия"
        },
        {
            "source": "тиазидный диуретик",
            "target": "усиливать"
        },
        {
            "source": "тиазидный диуретик",
            "target": "гипергликемия"
        },
        {
            "source": "тиазидный диуретик",
            "target": "снижать эффективность"
        },
        {
            "source": "тиазидный диуретик",
            "target": "бета-адреноблокатор"
        },
        {
            "source": "тиазидный диуретик",
            "target": "диазоксид"
        },
        {
            "source": "тиазидный диуретик",
            "target": "увеличить"
        },
        {
            "source": "тиазидный диуретик",
            "target": "мочь снижать клиренс"
        },
        {
            "source": "тиазидный диуретик",
            "target": "амантадин"
        },
        {
            "source": "тиазидный диуретик",
            "target": "уменьшать"
        },
        {
            "source": "тиазидный диуретик",
            "target": "потенцировать"
        },
        {
            "source": "тиазидный диуретик",
            "target": "циклоспорин"
        },
        {
            "source": "тиазидный диуретик",
            "target": "уменьшать эффект"
        },
        {
            "source": "тиазидный диуретик",
            "target": "увеличивать"
        },
        {
            "source": "антигипертензивный действие",
            "target": "потенцирование"
        },
        {
            "source": "антигипертензивный действие",
            "target": "гидрохлоротиазид"
        },
        {
            "source": "хронический сердечный недостаточность",
            "target": "отёчный синдром различный генез"
        },
        {
            "source": "нефротический синдром",
            "target": "отёчный синдром различный генез"
        },
        {
            "source": "предменструальный синдром",
            "target": "отёчный синдром различный генез"
        },
        {
            "source": "острый гломерулонефрит",
            "target": "отёчный синдром различный генез"
        },
        {
            "source": "хронический почечный недостаточность",
            "target": "отёчный синдром различный генез"
        },
        {
            "source": "портальный гипертензия",
            "target": "отёчный синдром различный генез"
        },
        {
            "source": "лечение кортикостероид",
            "target": "отёчный синдром различный генез"
        },
        {
            "source": "нефрогенный несахарный диабет",
            "target": "полиурия"
        },
        {
            "source": "конкремент",
            "target": "мочеполовой тракт"
        },
        {
            "source": "гиперкальциурия",
            "target": "конкремент"
        },
        {
            "source": "снижаться",
            "target": "почечный клиренс"
        },
        {
            "source": "почечный клиренс",
            "target": "литий"
        },
        {
            "source": "почечный клиренс",
            "target": "мочь привести"
        },
        {
            "source": "литий",
            "target": "увеличение он токсичность"
        },
        {
            "source": "мочь привести",
            "target": "повышение концентрация"
        },
        {
            "source": "повышение концентрация",
            "target": "литий"
        },
        {
            "source": "одновременно с такой препаратами, как",
            "target": "антиаритмический лекарственный препарат ia класс"
        },
        {
            "source": "хинидин",
            "target": "антиаритмический лекарственный препарат ia класс"
        },
        {
            "source": "гидрохинидин",
            "target": "антиаритмический лекарственный препарат ia класс"
        },
        {
            "source": "дизопирамида",
            "target": "антиаритмический лекарственный препарат ia класс"
        },
        {
            "source": "дофетилида",
            "target": "антиаритмический лекарственный препарат iii класс"
        },
        {
            "source": "ибутилида",
            "target": "антиаритмический лекарственный препарат iii класс"
        },
        {
            "source": "бретилия",
            "target": "антиаритмический лекарственный препарат iii класс"
        },
        {
            "source": "тозилата",
            "target": "антиаритмический лекарственный препарат iii класс"
        },
        {
            "source": "соталола",
            "target": "антиаритмический лекарственный препарат iii класс"
        },
        {
            "source": "дронедарон",
            "target": "антиаритмический лекарственный препарат iii класс"
        },
        {
            "source": "амиодарон",
            "target": "антиаритмический лекарственный препарат iii класс"
        },
        {
            "source": "хлорпромазин",
            "target": "фенотиазин"
        },
        {
            "source": "циамемазин",
            "target": "фенотиазин"
        },
        {
            "source": "левомепромазин",
            "target": "фенотиазин"
        },
        {
            "source": "тиоридазин",
            "target": "фенотиазин"
        },
        {
            "source": "трифлуоперазин",
            "target": "фенотиазин"
        },
        {
            "source": "флуфеназин",
            "target": "фенотиазин"
        },
        {
            "source": "амисульприд",
            "target": "бензамидин"
        },
        {
            "source": "сультоприд",
            "target": "бензамидин"
        },
        {
            "source": "сульпирида",
            "target": "бензамидин"
        },
        {
            "source": "тиаприд",
            "target": "бензамидин"
        },
        {
            "source": "дроперидол",
            "target": "бутирофенон"
        },
        {
            "source": "галоперидол",
            "target": "бутирофенон"
        },
        {
            "source": "пимозид",
            "target": "бутирофенон"
        },
        {
            "source": "сертиндол",
            "target": "бутирофенон"
        },
        {
            "source": "циталопра",
            "target": "селективный ингибитор обратный захват серотонин"
        },
        {
            "source": "эсциталопра",
            "target": "селективный ингибитор обратный захват серотонин"
        },
        {
            "source": "левофлоксацин",
            "target": "фторхинолон"
        },
        {
            "source": "моксифлоксацин",
            "target": "фторхинолон"
        },
        {
            "source": "спарфлоксацин",
            "target": "фторхинолон"
        },
        {
            "source": "ципрофлоксацин",
            "target": "фторхинолон"
        },
        {
            "source": "эритромицин",
            "target": "макролида"
        },
        {
            "source": "азитромицин",
            "target": "макролида"
        },
        {
            "source": "кларитромицин",
            "target": "макролида"
        },
        {
            "source": "рокситромицин",
            "target": "макролида"
        },
        {
            "source": "спирамицин",
            "target": "макролида"
        },
        {
            "source": "вориконазол",
            "target": "азола"
        },
        {
            "source": "итраконазол",
            "target": "азола"
        },
        {
            "source": "кетоконазол",
            "target": "азола"
        },
        {
            "source": "флуконазол",
            "target": "азола"
        },
        {
            "source": "хинин",
            "target": "противомалярийный средство"
        },
        {
            "source": "хлорохин",
            "target": "противомалярийный средство"
        },
        {
            "source": "мефлохина",
            "target": "противомалярийный средство"
        },
        {
            "source": "галофантрина",
            "target": "противомалярийный средство"
        },
        {
            "source": "лумефантрина",
            "target": "противомалярийный средство"
        },
        {
            "source": "пентамидина",
            "target": "противопротозойный средство"
        },
        {
            "source": "ранолазин",
            "target": "антиангинальный средство"
        },
        {
            "source": "бепридить",
            "target": "антиангинальный средство"
        },
        {
            "source": "вандетаниб",
            "target": "противоопухолевый средство"
        },
        {
            "source": "мышьяк триоксид",
            "target": "противоопухолевый средство"
        },
        {
            "source": "оксалиплатина",
            "target": "противоопухолевый средство"
        },
        {
            "source": "такролимус",
            "target": "противоопухолевый средство"
        },
        {
            "source": "домперидон",
            "target": "противорвотный средство"
        },
        {
            "source": "ондансетрон",
            "target": "противорвотный средство"
        },
        {
            "source": "цизаприд",
            "target": "средства, влиять на моторика желудочно-кишечный тракт"
        },
        {
            "source": "астемизол",
            "target": "антигистаминный средство"
        },
        {
            "source": "терфенадин",
            "target": "антигистаминный средство"
        },
        {
            "source": "мизоластина",
            "target": "антигистаминный средство"
        },
        {
            "source": "нейролептик",
            "target": "фенотиазин"
        },
        {
            "source": "нейролептик",
            "target": "бензамидин"
        },
        {
            "source": "нейролептик",
            "target": "бутирофенон"
        },
        {
            "source": "антидепрессант",
            "target": "трициклический антидепрессант"
        },
        {
            "source": "антидепрессант",
            "target": "селективный ингибитор обратный захват серотонин"
        },
        {
            "source": "антибактериальный средство",
            "target": "фторхинолон"
        },
        {
            "source": "антибактериальный средство",
            "target": "макролида"
        },
        {
            "source": "увеличиваться",
            "target": "риск развитие"
        },
        {
            "source": "увеличиваться",
            "target": "гиперурикемия"
        },
        {
            "source": "увеличиваться",
            "target": "обострение подагра"
        },
        {
            "source": "риск развитие",
            "target": "желудочковый аритмия"
        },
        {
            "source": "риск развитие",
            "target": "гипонатриемия"
        },
        {
            "source": "желудочковый аритмия",
            "target": "полиморфный желудочковый тахикардия тип «пируэт"
        },
        {
            "source": "полиморфный желудочковый тахикардия тип «пируэт",
            "target": "гипокалиемия"
        },
        {
            "source": "гипокалиемия",
            "target": "полиморфный желудочковый тахикардия тип «пируэт"
        },
        {
            "source": "одновременный применение",
            "target": "гидрохлоротиазид"
        },
        {
            "source": "одновременный применение",
            "target": "лекарственный препаратами, способный увеличивать продолжительность интервал qt"
        },
        {
            "source": "одновременный применение",
            "target": "риск развитие полиморфный желудочковый тахикардия тип «пируэт"
        },
        {
            "source": "одновременный применение",
            "target": "гипокалиемия"
        },
        {
            "source": "одновременный применение",
            "target": "гемолитический анемия"
        },
        {
            "source": "карбеноксолон",
            "target": "глицирризиновый кислота"
        },
        {
            "source": "препараты, содержать корень солодка",
            "target": "глицирризиновый кислота"
        },
        {
            "source": "сердечный гликозид",
            "target": "усиливать"
        },
        {
            "source": "усиливать",
            "target": "токсичность"
        },
        {
            "source": "усиливать",
            "target": "диуретик"
        },
        {
            "source": "потенцирование",
            "target": "ортостатический гипотензия"
        },
        {
            "source": "ингибитор ангиотензинпревращать фермент (апф",
            "target": "симптоматический артериальный гипотензия"
        },
        {
            "source": "усиление",
            "target": "антигипертензивный действие"
        },
        {
            "source": "барбитурат",
            "target": "усиление"
        },
        {
            "source": "барбитурат",
            "target": "потенцирование"
        },
        {
            "source": "теофиллин",
            "target": "усиливать"
        },
        {
            "source": "усиление эффект",
            "target": "недеполяризовать миорелаксант"
        },
        {
            "source": "эпинефрина",
            "target": "адреномиметик"
        },
        {
            "source": "норэпинефрина",
            "target": "эпинефрина"
        },
        {
            "source": "адреналин",
            "target": "эпинефрина"
        },
        {
            "source": "норадреналин",
            "target": "норэпинефрина"
        },
        {
            "source": "селективный ингибитор циклооксигеназы-2 (цог-2",
            "target": "нестероидный противовоспалительный препарат (нпвп"
        },
        {
            "source": "нпвп",
            "target": "диуретический"
        },
        {
            "source": "диуретический",
            "target": "антигипертензивный действие"
        },
        {
            "source": "салицилат",
            "target": "на центральный нервный система"
        },
        {
            "source": "гипогликемический средство",
            "target": "снижать эффективность"
        },
        {
            "source": "совместно применять",
            "target": "гидрохлоротиазид"
        },
        {
            "source": "совместно применять",
            "target": "метформин"
        },
        {
            "source": "совместно применять",
            "target": "лактоацидоз"
        },
        {
            "source": "лактоацидоз",
            "target": "нарушение функция почка"
        },
        {
            "source": "увеличивать",
            "target": "концентрация мочевой кислота в сыворотка кровь"
        },
        {
            "source": "увеличивать",
            "target": "острый почечный недостаточность"
        },
        {
            "source": "мочь потребоваться коррекция доза",
            "target": "урикозурический лекарственный средство"
        },
        {
            "source": "урикозурический лекарственный средство",
            "target": "гидрохлоротиазид"
        },
        {
            "source": "увеличить",
            "target": "реакция гиперчувствительность"
        },
        {
            "source": "реакция гиперчувствительность",
            "target": "аллопуринол"
        },
        {
            "source": "мочь снижать клиренс",
            "target": "амантадин"
        },
        {
            "source": "антихолинергический препарат",
            "target": "увеличивать биодоступность"
        },
        {
            "source": "антихолинергический препарат",
            "target": "атропин"
        },
        {
            "source": "антихолинергический препарат",
            "target": "биперидный"
        },
        {
            "source": "увеличивать биодоступность",
            "target": "тиазидный диуретик"
        },
        {
            "source": "уменьшать",
            "target": "почечный экскреция"
        },
        {
            "source": "уменьшать",
            "target": "абсорбция"
        },
        {
            "source": "уменьшать",
            "target": "всасывание"
        },
        {
            "source": "почечный экскреция",
            "target": "цитотоксический лекарственный средство"
        },
        {
            "source": "потенцировать",
            "target": "миелосупрессивный действие"
        },
        {
            "source": "метилдоп",
            "target": "одновременный применение"
        },
        {
            "source": "карбамазепин",
            "target": "риск развитие"
        },
        {
            "source": "циклоспорин",
            "target": "при одновременный применение"
        },
        {
            "source": "циклоспорин",
            "target": "увеличиваться"
        },
        {
            "source": "при одновременный применение",
            "target": "тиазидный диуретик"
        },
        {
            "source": "уменьшать эффект",
            "target": "пероральный антикоагулянт"
        },
        {
            "source": "снижение выведение ион кальций почка",
            "target": "гиперкальциемия"
        },
        {
            "source": "повышение содержание кальций в кровь",
            "target": "гиперкальциемия"
        },
        {
            "source": "анионный обменный смола",
            "target": "уменьшать"
        },
        {
            "source": "абсорбция",
            "target": "гидрохлоротиазид"
        },
        {
            "source": "колестирамин",
            "target": "уменьшать"
        },
        {
            "source": "колестиполый",
            "target": "уменьшать"
        },
        {
            "source": "всасывание",
            "target": "гидрохлоротиазид"
        }
    ]
}