{
    "directed": true,
    "multigraph": false,
    "graph": {},
    "nodes": [
        {
            "label": "group",
            "weight": 5,
            "id": "петлевые» диуретик"
        },
        {
            "label": "group",
            "weight": 5,
            "id": "сульфонамид"
        },
        {
            "label": "prepare",
            "weight": 5,
            "id": "триметазидин"
        },
        {
            "label": "action",
            "weight": 5,
            "id": "сохранять энергетический метаболизм клетка"
        },
        {
            "label": "mechanism",
            "weight": 5,
            "id": "предотвращать снижение внутриклеточный концентрация аденозинтрифосфат"
        },
        {
            "label": "mechanism",
            "weight": 5,
            "id": "обеспечивать нормальный функционирование мембранный ионный канал и трансмембранный перенос ион калий и натрий при сохранение клеточный гомеостаз"
        },
        {
            "label": "mechanism",
            "weight": 5,
            "id": "ингибировать β-окисление жирный кислота за счёт блокировка длинноцепочечный 3-кетоацил-коа-тиолазы, который усиливать окисление глюкоза"
        },
        {
            "label": "action",
            "weight": 5,
            "id": "сохранять уровень высокоэнергетический фосфат в клетка миокард"
        },
        {
            "label": "absorbtion",
            "weight": 5,
            "id": "внутрь"
        },
        {
            "label": "excretion",
            "weight": 5,
            "id": "почка"
        },
        {
            "label": "excretion",
            "weight": 5,
            "id": "в неизменённый вид"
        }
    ],
    "links": [
        {
            "source": "петлевые» диуретик",
            "target": "сульфонамид"
        },
        {
            "source": "триметазидин",
            "target": "сохранять энергетический метаболизм клетка"
        },
        {
            "source": "триметазидин",
            "target": "предотвращать снижение внутриклеточный концентрация аденозинтрифосфат"
        },
        {
            "source": "триметазидин",
            "target": "ингибировать β-окисление жирный кислота за счёт блокировка длинноцепочечный 3-кетоацил-коа-тиолазы, который усиливать окисление глюкоза"
        },
        {
            "source": "триметазидин",
            "target": "сохранять уровень высокоэнергетический фосфат в клетка миокард"
        },
        {
            "source": "триметазидин",
            "target": "внутрь"
        },
        {
            "source": "триметазидин",
            "target": "почка"
        },
        {
            "source": "триметазидин",
            "target": "в неизменённый вид"
        },
        {
            "source": "предотвращать снижение внутриклеточный концентрация аденозинтрифосфат",
            "target": "обеспечивать нормальный функционирование мембранный ионный канал и трансмембранный перенос ион калий и натрий при сохранение клеточный гомеостаз"
        }
    ]
}