{
    "directed": true,
    "multigraph": false,
    "graph": {},
    "nodes": [
        {
            "label": "prepare",
            "weight": 5,
            "id": "ранолазин"
        },
        {
            "label": "mechanism",
            "weight": 5,
            "id": "ингибитор поздний ток ион натрий в клетка миокард"
        },
        {
            "label": "mechanism",
            "weight": 5,
            "id": "снижение внутриклеточный накопление натрий"
        },
        {
            "label": "action",
            "weight": 5,
            "id": "вести к уменьшение избыток внутриклеточный ион кальций"
        },
        {
            "label": "absorbtion",
            "weight": 5,
            "id": "внутрь"
        },
        {
            "label": "distribution",
            "weight": 5,
            "id": "связываться с белок плазма кровь"
        },
        {
            "label": "metabol",
            "weight": 5,
            "id": "метаболизм преимущественно в печень"
        },
        {
            "label": "metabol",
            "weight": 5,
            "id": "метаболизироваться главный образ изофермент cyp3a4"
        },
        {
            "label": "metabol",
            "weight": 5,
            "id": "изофермент cyp2d6"
        },
        {
            "label": "excretion",
            "weight": 5,
            "id": "в неизменённый вид с моча и кал выделяться менее 5% от принять доза"
        },
        {
            "label": "prepare",
            "weight": 5,
            "id": "рэнезина"
        },
        {
            "label": "action",
            "weight": 5,
            "id": "предназначить для применение в состав комплексный терапия"
        },
        {
            "label": "precsribtion",
            "weight": 5,
            "id": "для симптоматический симптоматический симптоматический лечение стабильный стенокардия стенокардия напряжение"
        },
        {
            "label": "condition",
            "weight": 5,
            "id": "в случай недостаточность недостаточность эффективность эффективность и/ить непереносимость"
        },
        {
            "label": "group",
            "weight": 5,
            "id": "антиангинальный препарат «первое ряд"
        },
        {
            "label": "group",
            "weight": 5,
            "id": "бета-адреноблокатор"
        },
        {
            "label": "group",
            "weight": 5,
            "id": "блокатор «медленных» кальциевый канал"
        }
    ],
    "links": [
        {
            "source": "ранолазин",
            "target": "ингибитор поздний ток ион натрий в клетка миокард"
        },
        {
            "source": "ранолазин",
            "target": "внутрь"
        },
        {
            "source": "ранолазин",
            "target": "связываться с белок плазма кровь"
        },
        {
            "source": "ранолазин",
            "target": "метаболизм преимущественно в печень"
        },
        {
            "source": "ранолазин",
            "target": "метаболизироваться главный образ изофермент cyp3a4"
        },
        {
            "source": "ранолазин",
            "target": "в неизменённый вид с моча и кал выделяться менее 5% от принять доза"
        },
        {
            "source": "снижение внутриклеточный накопление натрий",
            "target": "вести к уменьшение избыток внутриклеточный ион кальций"
        },
        {
            "source": "метаболизироваться главный образ изофермент cyp3a4",
            "target": "изофермент cyp2d6"
        },
        {
            "source": "рэнезина",
            "target": "предназначить для применение в состав комплексный терапия"
        },
        {
            "source": "предназначить для применение в состав комплексный терапия",
            "target": "для симптоматический симптоматический симптоматический лечение стабильный стенокардия стенокардия напряжение"
        },
        {
            "source": "для симптоматический симптоматический симптоматический лечение стабильный стенокардия стенокардия напряжение",
            "target": "в случай недостаточность недостаточность эффективность эффективность и/ить непереносимость"
        },
        {
            "source": "в случай недостаточность недостаточность эффективность эффективность и/ить непереносимость",
            "target": "антиангинальный препарат «первое ряд"
        },
        {
            "source": "антиангинальный препарат «первое ряд",
            "target": "бета-адреноблокатор"
        },
        {
            "source": "антиангинальный препарат «первое ряд",
            "target": "блокатор «медленных» кальциевый канал"
        }
    ]
}