{
    "directed": true,
    "multigraph": false,
    "graph": {},
    "nodes": [
        {
            "label": "group",
            "weight": 5,
            "id": "средства, действовать на ренин-ангиотензиновый система"
        },
        {
            "label": "group",
            "weight": 5,
            "id": "ингибитор ангиотензинпревращать фермент (апф"
        },
        {
            "label": "prepare",
            "weight": 5,
            "id": "рамиприл"
        },
        {
            "label": "prepare",
            "weight": 5,
            "id": "рамиприлат"
        },
        {
            "label": "mechanism",
            "weight": 5,
            "id": "действовать ингибитор апф"
        },
        {
            "label": "noun",
            "weight": 5,
            "id": "апф"
        },
        {
            "label": "mechanism",
            "weight": 5,
            "id": "катализировать превращение ангиотензин i в ангиотензин ii"
        },
        {
            "label": "action",
            "weight": 5,
            "id": "сосудосуживающий действие"
        },
        {
            "label": "mechanism",
            "weight": 5,
            "id": "распад брадикинин"
        },
        {
            "label": "action",
            "weight": 5,
            "id": "сосудорасширяющий действие"
        },
        {
            "label": "absorbtion",
            "weight": 5,
            "id": "внутрь"
        },
        {
            "label": "action",
            "weight": 5,
            "id": "уменьшаться"
        },
        {
            "label": "action",
            "weight": 5,
            "id": "образование ангиотензин ii"
        },
        {
            "label": "action",
            "weight": 5,
            "id": "происходить накопление брадикинин"
        },
        {
            "label": "action",
            "weight": 5,
            "id": "приводить к расширение сосуд"
        },
        {
            "label": "action",
            "weight": 5,
            "id": "снижение артериальный давление (ад"
        },
        {
            "label": "action",
            "weight": 5,
            "id": "повышение активность калликреин-кининовый система в кровь и ткань"
        },
        {
            "label": "action",
            "weight": 5,
            "id": "активация простагландиновый система"
        },
        {
            "label": "action",
            "weight": 5,
            "id": "увеличение синтез простагландин"
        },
        {
            "label": "action",
            "weight": 5,
            "id": "стимулировать образование оксид азот в эндотелиоцит"
        },
        {
            "label": "action",
            "weight": 5,
            "id": "кардиопротективный и эндотелиопротективный действие"
        },
        {
            "label": "noun",
            "weight": 5,
            "id": "ангиотензин ii"
        },
        {
            "label": "mechanism",
            "weight": 5,
            "id": "стимулировать выработка альдостерон"
        },
        {
            "label": "action",
            "weight": 5,
            "id": "снижение секреция"
        },
        {
            "label": "hormone",
            "weight": 5,
            "id": "альдостерон"
        },
        {
            "label": "action",
            "weight": 5,
            "id": "повышение концентрация ион калий в сыворотка кровь"
        },
        {
            "label": "action",
            "weight": 5,
            "id": "снижение концентрация ангиотензин ii в кровь"
        },
        {
            "label": "action",
            "weight": 5,
            "id": "устраняться он ингибировать влияние на секреция ренин по тип отрицательный обратный связь"
        },
        {
            "label": "action",
            "weight": 5,
            "id": "повышение активность ренин плазма кровь"
        },
        {
            "label": "illness",
            "weight": 5,
            "id": "артериальный гипертензия"
        },
        {
            "label": "action",
            "weight": 5,
            "id": "снижение ад"
        },
        {
            "label": "noun",
            "weight": 5,
            "id": "положение «лежа» и «стоя"
        },
        {
            "label": "noun",
            "weight": 5,
            "id": "без компенсаторный увеличение частота сердечный сокращение (чсс"
        },
        {
            "label": "action",
            "weight": 5,
            "id": "снижать общий периферический сопротивление сосуд (опсс"
        },
        {
            "label": "action",
            "weight": 5,
            "id": "не вызывать изменение"
        },
        {
            "label": "noun",
            "weight": 5,
            "id": "почечный кровоток"
        },
        {
            "label": "noun",
            "weight": 5,
            "id": "скорость клубочковый фильтрация (скф"
        },
        {
            "label": "noun",
            "weight": 5,
            "id": "внезапный прекращение приём"
        },
        {
            "label": "action",
            "weight": 5,
            "id": "не приводить к быстрый и значительный повышение ад"
        },
        {
            "label": "action",
            "weight": 5,
            "id": "замедлять развитие и прогрессирование гипертрофия миокард и сосудистый стенка"
        },
        {
            "label": "illness",
            "weight": 5,
            "id": "хронический сердечный недостаточность"
        },
        {
            "label": "action",
            "weight": 5,
            "id": "снижать опсс"
        },
        {
            "label": "action",
            "weight": 5,
            "id": "уменьшать постнагрузка на сердце"
        },
        {
            "label": "action",
            "weight": 5,
            "id": "увеличивать ёмкость венозный русло"
        },
        {
            "label": "action",
            "weight": 5,
            "id": "снижать давление наполнение левый желудочек"
        },
        {
            "label": "action",
            "weight": 5,
            "id": "уменьшение преднагрузка на сердце"
        },
        {
            "label": "action",
            "weight": 5,
            "id": "увеличение сердечный выброса, фракция выброс"
        },
        {
            "label": "action",
            "weight": 5,
            "id": "улучшение переносимость физический нагрузка"
        },
        {
            "label": "action",
            "weight": 5,
            "id": "замедлять скорость прогрессирование"
        },
        {
            "label": "illness",
            "weight": 5,
            "id": "почечный недостаточность"
        },
        {
            "label": "action",
            "weight": 5,
            "id": "уменьшать частота возникновение"
        },
        {
            "label": "side_e",
            "weight": 5,
            "id": "альбуминурия"
        },
        {
            "label": "action",
            "weight": 5,
            "id": "снижать частота развитие"
        },
        {
            "label": "illness",
            "weight": 5,
            "id": "инфаркт миокард"
        },
        {
            "label": "illness",
            "weight": 5,
            "id": "инсульт"
        },
        {
            "label": "illness",
            "weight": 5,
            "id": "смертность"
        },
        {
            "label": "action",
            "weight": 5,
            "id": "снижать показатель общий смертность"
        },
        {
            "label": "condition",
            "weight": 5,
            "id": "процедура реваскуляризация"
        },
        {
            "label": "action",
            "weight": 5,
            "id": "замедлять возникновение или прогрессирование"
        },
        {
            "label": "action",
            "weight": 5,
            "id": "снижать"
        },
        {
            "label": "illness",
            "weight": 5,
            "id": "острый инфаркт миокард"
        },
        {
            "label": "illness",
            "weight": 5,
            "id": "риск внезапный смерть"
        },
        {
            "label": "illness",
            "weight": 5,
            "id": "сердечный недостаточность"
        },
        {
            "label": "action",
            "weight": 5,
            "id": "снижать риск развитие"
        },
        {
            "label": "side_e",
            "weight": 5,
            "id": "нефропатия"
        },
        {
            "label": "side_e",
            "weight": 5,
            "id": "микроальбуминурия"
        },
        {
            "label": "absorbtion",
            "weight": 5,
            "id": "всасываться из желудочно-кишечный тракт (50-60 %"
        },
        {
            "label": "noun",
            "weight": 5,
            "id": "приём пища"
        },
        {
            "label": "action",
            "weight": 5,
            "id": "замедлять"
        },
        {
            "label": "absorbtion",
            "weight": 5,
            "id": "абсорбция"
        },
        {
            "label": "metabol",
            "weight": 5,
            "id": "пресистемный метаболизм"
        },
        {
            "label": "metabol",
            "weight": 5,
            "id": "в печень путём гидролиз"
        },
        {
            "label": "metabol",
            "weight": 5,
            "id": "активный метаболит"
        },
        {
            "label": "distribution",
            "weight": 5,
            "id": "плазменный концентрация"
        },
        {
            "label": "excretion",
            "weight": 5,
            "id": "39 % радиоактивность выводиться через кишечник"
        },
        {
            "label": "excretion",
            "weight": 5,
            "id": "около 60 % – почка"
        },
        {
            "label": "excretion",
            "weight": 5,
            "id": "обнаруживаться в моча"
        },
        {
            "label": "excretion",
            "weight": 5,
            "id": "кишечник с жёлчь"
        },
        {
            "label": "excretion",
            "weight": 5,
            "id": "выделяться почка и через кишечник"
        },
        {
            "label": "excretion",
            "weight": 5,
            "id": "в моча и жёлчь"
        },
        {
            "label": "excretion",
            "weight": 5,
            "id": "выведение"
        },
        {
            "label": "action",
            "weight": 5,
            "id": "замедляться"
        },
        {
            "label": "group",
            "weight": 5,
            "id": "ингибитор апф"
        },
        {
            "label": "banned",
            "weight": 5,
            "id": "противопоказанный"
        },
        {
            "label": "side_e",
            "weight": 5,
            "id": "ангионевротический отёк"
        },
        {
            "label": "group",
            "weight": 5,
            "id": "ара ii"
        },
        {
            "label": "group",
            "weight": 5,
            "id": "ингибитор нейтральный эндопептидаза"
        },
        {
            "label": "action",
            "weight": 5,
            "id": "одновременный применение"
        },
        {
            "label": "group",
            "weight": 5,
            "id": "препаратами, содержать алискирена"
        },
        {
            "label": "illness",
            "weight": 5,
            "id": "сахарный диабет"
        },
        {
            "label": "illness",
            "weight": 5,
            "id": "диабетический нефропатия"
        },
        {
            "label": "group",
            "weight": 5,
            "id": "гипотензивный лекарственный средство"
        },
        {
            "label": "group",
            "weight": 5,
            "id": "потенцирование антигипертензивный эффект"
        },
        {
            "label": "group",
            "weight": 5,
            "id": "диуретик"
        },
        {
            "label": "group",
            "weight": 5,
            "id": "вазопрессорный симпатомиметик"
        },
        {
            "label": "action",
            "weight": 5,
            "id": "уменьшение"
        },
        {
            "label": "action",
            "weight": 5,
            "id": "антигипертензивный действие"
        },
        {
            "label": "action",
            "weight": 5,
            "id": "увеличивать риск развитие"
        },
        {
            "label": "side_e",
            "weight": 5,
            "id": "гематологический реакция"
        },
        {
            "label": "group",
            "weight": 5,
            "id": "соль литий"
        },
        {
            "label": "action",
            "weight": 5,
            "id": "повышение сывороточный концентрация литий"
        },
        {
            "label": "action",
            "weight": 5,
            "id": "усиление кардиой нейротоксический действие"
        },
        {
            "label": "prepare",
            "weight": 5,
            "id": "литий"
        },
        {
            "label": "group",
            "weight": 5,
            "id": "гипогликемический средство"
        },
        {
            "label": "action",
            "weight": 5,
            "id": "усиление гипогликемический эффект"
        },
        {
            "label": "recomendation",
            "weight": 5,
            "id": "рекомендоваться особенно тщательный мониторинг концентрация глюкоза в кровь в начало они совместный применение"
        },
        {
            "label": "group",
            "weight": 5,
            "id": "ингибитор дипептидилпептидаза iv тип (дпп-iv) (глиптина"
        },
        {
            "label": "group",
            "weight": 5,
            "id": "ингибитор mtor"
        },
        {
            "label": "prepare",
            "weight": 5,
            "id": "эстрамустин"
        },
        {
            "label": "group",
            "weight": 5,
            "id": "нестероидный противовоспалительный средство"
        },
        {
            "label": "action",
            "weight": 5,
            "id": "ослабление действие"
        },
        {
            "label": "side_e",
            "weight": 5,
            "id": "повышение риск нарушение функция почка"
        },
        {
            "label": "side_e",
            "weight": 5,
            "id": "повышение содержание калий в сыворотка кровь"
        },
        {
            "label": "prepare",
            "weight": 5,
            "id": "гепарин"
        },
        {
            "label": "side_e",
            "weight": 5,
            "id": "повышение содержание калий в сыворотка"
        },
        {
            "label": "action",
            "weight": 5,
            "id": "ослабление антигипертензивный действие"
        },
        {
            "label": "prepare",
            "weight": 5,
            "id": "этанол"
        },
        {
            "label": "side_e",
            "weight": 5,
            "id": "усиление симптом вазодилатация"
        },
        {
            "label": "action",
            "weight": 5,
            "id": "мочь усиливать воздействие этанол на организм"
        },
        {
            "label": "action",
            "weight": 5,
            "id": "увеличивать вероятность развитие"
        },
        {
            "label": "side_e",
            "weight": 5,
            "id": "анафилактический или анафилактоидный реакция"
        },
        {
            "label": "noun",
            "weight": 5,
            "id": "на яд насекомое"
        },
        {
            "label": "group",
            "weight": 5,
            "id": "препарат золото"
        },
        {
            "label": "side_e",
            "weight": 5,
            "id": "прилив кровь к кожа лицо"
        },
        {
            "label": "side_e",
            "weight": 5,
            "id": "тошнота"
        },
        {
            "label": "side_e",
            "weight": 5,
            "id": "рвота"
        },
        {
            "label": "side_e",
            "weight": 5,
            "id": "гипотензия"
        },
        {
            "label": "prepare",
            "weight": 5,
            "id": "алтеплаз"
        }
    ],
    "links": [
        {
            "source": "средства, действовать на ренин-ангиотензиновый система",
            "target": "ингибитор ангиотензинпревращать фермент (апф"
        },
        {
            "source": "рамиприл",
            "target": "рамиприлат"
        },
        {
            "source": "рамиприл",
            "target": "внутрь"
        },
        {
            "source": "рамиприл",
            "target": "повышение активность калликреин-кининовый система в кровь и ткань"
        },
        {
            "source": "рамиприл",
            "target": "снижение секреция"
        },
        {
            "source": "рамиприл",
            "target": "повышение концентрация ион калий в сыворотка кровь"
        },
        {
            "source": "рамиприл",
            "target": "артериальный гипертензия"
        },
        {
            "source": "рамиприл",
            "target": "снижение ад"
        },
        {
            "source": "рамиприл",
            "target": "снижать общий периферический сопротивление сосуд (опсс"
        },
        {
            "source": "рамиприл",
            "target": "замедлять развитие и прогрессирование гипертрофия миокард и сосудистый стенка"
        },
        {
            "source": "рамиприл",
            "target": "хронический сердечный недостаточность"
        },
        {
            "source": "рамиприл",
            "target": "снижать опсс"
        },
        {
            "source": "рамиприл",
            "target": "увеличивать ёмкость венозный русло"
        },
        {
            "source": "рамиприл",
            "target": "снижать давление наполнение левый желудочек"
        },
        {
            "source": "рамиприл",
            "target": "увеличение сердечный выброса, фракция выброс"
        },
        {
            "source": "рамиприл",
            "target": "улучшение переносимость физический нагрузка"
        },
        {
            "source": "рамиприл",
            "target": "замедлять скорость прогрессирование"
        },
        {
            "source": "рамиприл",
            "target": "уменьшать частота возникновение"
        },
        {
            "source": "рамиприл",
            "target": "снижать частота развитие"
        },
        {
            "source": "рамиприл",
            "target": "снижать показатель общий смертность"
        },
        {
            "source": "рамиприл",
            "target": "замедлять возникновение или прогрессирование"
        },
        {
            "source": "рамиприл",
            "target": "снижать"
        },
        {
            "source": "рамиприл",
            "target": "снижать риск развитие"
        },
        {
            "source": "рамиприл",
            "target": "всасываться из желудочно-кишечный тракт (50-60 %"
        },
        {
            "source": "рамиприл",
            "target": "пресистемный метаболизм"
        },
        {
            "source": "рамиприл",
            "target": "в печень путём гидролиз"
        },
        {
            "source": "рамиприл",
            "target": "плазменный концентрация"
        },
        {
            "source": "рамиприл",
            "target": "39 % радиоактивность выводиться через кишечник"
        },
        {
            "source": "рамиприл",
            "target": "около 60 % – почка"
        },
        {
            "source": "рамиприл",
            "target": "кишечник с жёлчь"
        },
        {
            "source": "рамиприл",
            "target": "выделяться почка и через кишечник"
        },
        {
            "source": "рамиприл",
            "target": "ара ii"
        },
        {
            "source": "рамиприл",
            "target": "повышение риск нарушение функция почка"
        },
        {
            "source": "рамиприл",
            "target": "мочь усиливать воздействие этанол на организм"
        },
        {
            "source": "рамиприл",
            "target": "увеличивать вероятность развитие"
        },
        {
            "source": "рамиприлат",
            "target": "действовать ингибитор апф"
        },
        {
            "source": "рамиприлат",
            "target": "активный метаболит"
        },
        {
            "source": "рамиприлат",
            "target": "обнаруживаться в моча"
        },
        {
            "source": "рамиприлат",
            "target": "кишечник с жёлчь"
        },
        {
            "source": "рамиприлат",
            "target": "в моча и жёлчь"
        },
        {
            "source": "рамиприлат",
            "target": "замедляться"
        },
        {
            "source": "апф",
            "target": "катализировать превращение ангиотензин i в ангиотензин ii"
        },
        {
            "source": "апф",
            "target": "распад брадикинин"
        },
        {
            "source": "катализировать превращение ангиотензин i в ангиотензин ii",
            "target": "сосудосуживающий действие"
        },
        {
            "source": "распад брадикинин",
            "target": "сосудорасширяющий действие"
        },
        {
            "source": "внутрь",
            "target": "уменьшаться"
        },
        {
            "source": "уменьшаться",
            "target": "образование ангиотензин ii"
        },
        {
            "source": "образование ангиотензин ii",
            "target": "происходить накопление брадикинин"
        },
        {
            "source": "происходить накопление брадикинин",
            "target": "приводить к расширение сосуд"
        },
        {
            "source": "приводить к расширение сосуд",
            "target": "снижение артериальный давление (ад"
        },
        {
            "source": "повышение активность калликреин-кининовый система в кровь и ткань",
            "target": "активация простагландиновый система"
        },
        {
            "source": "активация простагландиновый система",
            "target": "увеличение синтез простагландин"
        },
        {
            "source": "увеличение синтез простагландин",
            "target": "стимулировать образование оксид азот в эндотелиоцит"
        },
        {
            "source": "стимулировать образование оксид азот в эндотелиоцит",
            "target": "кардиопротективный и эндотелиопротективный действие"
        },
        {
            "source": "ангиотензин ii",
            "target": "стимулировать выработка альдостерон"
        },
        {
            "source": "снижение секреция",
            "target": "альдостерон"
        },
        {
            "source": "снижение концентрация ангиотензин ii в кровь",
            "target": "устраняться он ингибировать влияние на секреция ренин по тип отрицательный обратный связь"
        },
        {
            "source": "устраняться он ингибировать влияние на секреция ренин по тип отрицательный обратный связь",
            "target": "повышение активность ренин плазма кровь"
        },
        {
            "source": "снижение ад",
            "target": "положение «лежа» и «стоя"
        },
        {
            "source": "положение «лежа» и «стоя",
            "target": "без компенсаторный увеличение частота сердечный сокращение (чсс"
        },
        {
            "source": "снижать общий периферический сопротивление сосуд (опсс",
            "target": "не вызывать изменение"
        },
        {
            "source": "не вызывать изменение",
            "target": "почечный кровоток"
        },
        {
            "source": "не вызывать изменение",
            "target": "скорость клубочковый фильтрация (скф"
        },
        {
            "source": "внезапный прекращение приём",
            "target": "не приводить к быстрый и значительный повышение ад"
        },
        {
            "source": "снижать опсс",
            "target": "уменьшать постнагрузка на сердце"
        },
        {
            "source": "снижать давление наполнение левый желудочек",
            "target": "уменьшение преднагрузка на сердце"
        },
        {
            "source": "замедлять скорость прогрессирование",
            "target": "почечный недостаточность"
        },
        {
            "source": "почечный недостаточность",
            "target": "выведение"
        },
        {
            "source": "уменьшать частота возникновение",
            "target": "альбуминурия"
        },
        {
            "source": "снижать частота развитие",
            "target": "инфаркт миокард"
        },
        {
            "source": "снижать частота развитие",
            "target": "инсульт"
        },
        {
            "source": "снижать частота развитие",
            "target": "смертность"
        },
        {
            "source": "снижать показатель общий смертность",
            "target": "процедура реваскуляризация"
        },
        {
            "source": "замедлять возникновение или прогрессирование",
            "target": "хронический сердечный недостаточность"
        },
        {
            "source": "снижать",
            "target": "смертность"
        },
        {
            "source": "снижать",
            "target": "риск внезапный смерть"
        },
        {
            "source": "снижать",
            "target": "сердечный недостаточность"
        },
        {
            "source": "острый инфаркт миокард",
            "target": "рамиприл"
        },
        {
            "source": "снижать риск развитие",
            "target": "нефропатия"
        },
        {
            "source": "снижать риск развитие",
            "target": "микроальбуминурия"
        },
        {
            "source": "приём пища",
            "target": "замедлять"
        },
        {
            "source": "замедлять",
            "target": "абсорбция"
        },
        {
            "source": "выведение",
            "target": "рамиприлат"
        },
        {
            "source": "ингибитор апф",
            "target": "противопоказанный"
        },
        {
            "source": "ингибитор апф",
            "target": "ингибитор нейтральный эндопептидаза"
        },
        {
            "source": "ингибитор апф",
            "target": "препарат золото"
        },
        {
            "source": "ингибитор апф",
            "target": "ангионевротический отёк"
        },
        {
            "source": "противопоказанный",
            "target": "ангионевротический отёк"
        },
        {
            "source": "противопоказанный",
            "target": "сахарный диабет"
        },
        {
            "source": "противопоказанный",
            "target": "почечный недостаточность"
        },
        {
            "source": "противопоказанный",
            "target": "диабетический нефропатия"
        },
        {
            "source": "ара ii",
            "target": "противопоказанный"
        },
        {
            "source": "ингибитор нейтральный эндопептидаза",
            "target": "противопоказанный"
        },
        {
            "source": "ингибитор нейтральный эндопептидаза",
            "target": "ангионевротический отёк"
        },
        {
            "source": "одновременный применение",
            "target": "рамиприл"
        },
        {
            "source": "одновременный применение",
            "target": "препаратами, содержать алискирена"
        },
        {
            "source": "одновременный применение",
            "target": "противопоказанный"
        },
        {
            "source": "гипотензивный лекарственный средство",
            "target": "потенцирование антигипертензивный эффект"
        },
        {
            "source": "потенцирование антигипертензивный эффект",
            "target": "диуретик"
        },
        {
            "source": "вазопрессорный симпатомиметик",
            "target": "уменьшение"
        },
        {
            "source": "уменьшение",
            "target": "антигипертензивный действие"
        },
        {
            "source": "увеличивать риск развитие",
            "target": "гематологический реакция"
        },
        {
            "source": "соль литий",
            "target": "повышение сывороточный концентрация литий"
        },
        {
            "source": "соль литий",
            "target": "усиление кардиой нейротоксический действие"
        },
        {
            "source": "усиление кардиой нейротоксический действие",
            "target": "литий"
        },
        {
            "source": "гипогликемический средство",
            "target": "усиление гипогликемический эффект"
        },
        {
            "source": "рекомендоваться особенно тщательный мониторинг концентрация глюкоза в кровь в начало они совместный применение",
            "target": "ингибитор апф"
        },
        {
            "source": "ингибитор дипептидилпептидаза iv тип (дпп-iv) (глиптина",
            "target": "ангионевротический отёк"
        },
        {
            "source": "ингибитор mtor",
            "target": "ангионевротический отёк"
        },
        {
            "source": "эстрамустин",
            "target": "ангионевротический отёк"
        },
        {
            "source": "нестероидный противовоспалительный средство",
            "target": "ослабление действие"
        },
        {
            "source": "ослабление действие",
            "target": "рамиприл"
        },
        {
            "source": "повышение риск нарушение функция почка",
            "target": "повышение содержание калий в сыворотка кровь"
        },
        {
            "source": "гепарин",
            "target": "повышение содержание калий в сыворотка"
        },
        {
            "source": "ослабление антигипертензивный действие",
            "target": "рамиприл"
        },
        {
            "source": "этанол",
            "target": "усиление симптом вазодилатация"
        },
        {
            "source": "увеличивать вероятность развитие",
            "target": "анафилактический или анафилактоидный реакция"
        },
        {
            "source": "анафилактический или анафилактоидный реакция",
            "target": "на яд насекомое"
        },
        {
            "source": "препарат золото",
            "target": "прилив кровь к кожа лицо"
        },
        {
            "source": "препарат золото",
            "target": "тошнота"
        },
        {
            "source": "препарат золото",
            "target": "рвота"
        },
        {
            "source": "препарат золото",
            "target": "гипотензия"
        },
        {
            "source": "алтеплаз",
            "target": "ингибитор апф"
        }
    ]
}