{
    "directed": true,
    "multigraph": false,
    "graph": {},
    "nodes": [
        {
            "label": "action",
            "weight": 5,
            "id": "при попадание препарат под кожа"
        },
        {
            "label": "side_e",
            "weight": 5,
            "id": "некроз кожа и подкожный клетчатка"
        },
        {
            "label": "mechanism",
            "weight": 5,
            "id": "селективный и специфический ингибирование i f -канал синусовый узел"
        },
        {
            "label": "mechanism",
            "weight": 5,
            "id": "контролировать спонтанный диастолический деполяризация в синусовый узел и регулировать частота сердечный сокращение (чсс"
        },
        {
            "label": "action",
            "weight": 5,
            "id": "замедлять ритм сердце"
        },
        {
            "label": "prepare",
            "weight": 5,
            "id": "ивабрадина"
        },
        {
            "label": "action",
            "weight": 5,
            "id": "оказывать селективный воздействие на синусовый узел"
        },
        {
            "label": "action",
            "weight": 5,
            "id": "не влиять на время проведение импульс по внутрипредсердным, предсердно-желудочковый и внутрижелудочковый проводить путям, а также на сократительный способность миокард и реполяризация желудочек"
        },
        {
            "label": "mechanism",
            "weight": 5,
            "id": "мочь взаимодействовать с i h -канал сетчатка глаза, сходный с i f-канал сердца, участвовать в возникновение временной изменение система зрительный восприятие за счёт изменение реакция сетчатка на яркий световой стимул"
        },
        {
            "label": "prepare",
            "weight": 5,
            "id": "ивабрадин"
        },
        {
            "label": "mechanism",
            "weight": 5,
            "id": "частичный ингибирование i h -канал"
        },
        {
            "label": "action",
            "weight": 5,
            "id": "вызывать феномен изменение световосприятие (фотопсия"
        },
        {
            "label": "metabol",
            "weight": 5,
            "id": "ингибитор изофермент cyp3a4"
        },
        {
            "label": "action",
            "weight": 5,
            "id": "мочь приводить к"
        },
        {
            "label": "action",
            "weight": 5,
            "id": "выраженный урежения чсс"
        },
        {
            "label": "noun",
            "weight": 5,
            "id": "ii-iv класс по классификация nyha"
        },
        {
            "label": "illness",
            "weight": 5,
            "id": "хронический сердечный недостаточность"
        },
        {
            "label": "attention",
            "weight": 5,
            "id": "одновременный применение"
        },
        {
            "label": "noun",
            "weight": 5,
            "id": "с мощный ингибитор изофермент система цитохром p450 3a4"
        },
        {
            "label": "group",
            "weight": 5,
            "id": "азолово"
        },
        {
            "label": "prepare",
            "weight": 5,
            "id": "кетоконазол"
        },
        {
            "label": "prepare",
            "weight": 5,
            "id": "итраконазол"
        },
        {
            "label": "group",
            "weight": 5,
            "id": "антибиотик группа макролид"
        },
        {
            "label": "prepare",
            "weight": 5,
            "id": "кларитромицин"
        },
        {
            "label": "prepare",
            "weight": 5,
            "id": "эритромицин"
        },
        {
            "label": "prepare",
            "weight": 5,
            "id": "джозамицин"
        },
        {
            "label": "prepare",
            "weight": 5,
            "id": "телитромицин"
        },
        {
            "label": "group",
            "weight": 5,
            "id": "ингибитор вич-протеаза"
        },
        {
            "label": "prepare",
            "weight": 5,
            "id": "нелфинавира"
        },
        {
            "label": "prepare",
            "weight": 5,
            "id": "ритонавир"
        },
        {
            "label": "prepare",
            "weight": 5,
            "id": "нефазодон"
        },
        {
            "label": "prepare",
            "weight": 5,
            "id": "дилтиазем"
        },
        {
            "label": "prepare",
            "weight": 5,
            "id": "верапамил"
        },
        {
            "label": "noun",
            "weight": 5,
            "id": "побочный эффект"
        },
        {
            "label": "side_e",
            "weight": 5,
            "id": "изменение световосприятие"
        },
        {
            "label": "side_e",
            "weight": 5,
            "id": "брадикардия"
        },
        {
            "label": "action",
            "weight": 5,
            "id": "связать с механизм действие"
        },
        {
            "label": "side_e",
            "weight": 5,
            "id": "ощущение сердцебиение"
        },
        {
            "label": "side_e",
            "weight": 5,
            "id": "наджелудочковый экстрасистолия"
        },
        {
            "label": "side_e",
            "weight": 5,
            "id": "выраженный снижение ад"
        },
        {
            "label": "group",
            "weight": 5,
            "id": "антиаритмический средства, удлинять интервал qt"
        },
        {
            "label": "prepare",
            "weight": 5,
            "id": "хинидин"
        },
        {
            "label": "prepare",
            "weight": 5,
            "id": "дизопирамида"
        },
        {
            "label": "prepare",
            "weight": 5,
            "id": "бепридить"
        },
        {
            "label": "prepare",
            "weight": 5,
            "id": "соталола"
        },
        {
            "label": "prepare",
            "weight": 5,
            "id": "ибутилида"
        },
        {
            "label": "prepare",
            "weight": 5,
            "id": "амиодарон"
        },
        {
            "label": "group",
            "weight": 5,
            "id": "лекарственный средство (лс), удлинять интервал qt"
        },
        {
            "label": "group",
            "weight": 5,
            "id": "лс, удлинять интервал qt, не относиться к антиаритмический средство"
        },
        {
            "label": "prepare",
            "weight": 5,
            "id": "пимозид"
        },
        {
            "label": "prepare",
            "weight": 5,
            "id": "зипразидон"
        },
        {
            "label": "prepare",
            "weight": 5,
            "id": "сертиндол"
        },
        {
            "label": "prepare",
            "weight": 5,
            "id": "мефлохина"
        },
        {
            "label": "prepare",
            "weight": 5,
            "id": "галофантрина"
        },
        {
            "label": "prepare",
            "weight": 5,
            "id": "пентамидина"
        },
        {
            "label": "prepare",
            "weight": 5,
            "id": "цизаприд"
        },
        {
            "label": "noun",
            "weight": 5,
            "id": "указанный лекарственный средство"
        },
        {
            "label": "mechanism",
            "weight": 5,
            "id": "урежение чсс"
        },
        {
            "label": "illness",
            "weight": 5,
            "id": "удлинение интервал qt"
        },
        {
            "label": "group",
            "weight": 5,
            "id": "калийнесберегать диуретик"
        },
        {
            "label": "group",
            "weight": 5,
            "id": "тиазидный"
        },
        {
            "label": "group",
            "weight": 5,
            "id": "петлевой"
        },
        {
            "label": "side_e",
            "weight": 5,
            "id": "гипокалиемия"
        },
        {
            "label": "side_e",
            "weight": 5,
            "id": "аритмия"
        },
        {
            "label": "metabol",
            "weight": 5,
            "id": "в печень"
        },
        {
            "label": "metabol",
            "weight": 5,
            "id": "изофермент система цитохром р450 (изофермент cyp3a4"
        },
        {
            "label": "metabol",
            "weight": 5,
            "id": "очень слабый ингибитор данный цитохром"
        },
        {
            "label": "action",
            "weight": 5,
            "id": "не оказывать существенный влияние"
        },
        {
            "label": "metabol",
            "weight": 5,
            "id": "цитохром cyp3a4"
        },
        {
            "label": "metabol",
            "weight": 5,
            "id": "ингибитор и индуктор изофермент cyp3a4"
        },
        {
            "label": "metabol",
            "weight": 5,
            "id": "клинически значимый влияние на он метаболизм и фармакокинетический свойство"
        },
        {
            "label": "action",
            "weight": 5,
            "id": "повышать"
        },
        {
            "label": "group",
            "weight": 5,
            "id": "индуктор изофермент cyp3a4"
        },
        {
            "label": "action",
            "weight": 5,
            "id": "уменьшать"
        },
        {
            "label": "action",
            "weight": 5,
            "id": "повышение концентрация"
        },
        {
            "label": "action",
            "weight": 5,
            "id": "увеличивать риск развитие"
        },
        {
            "label": "side_e",
            "weight": 5,
            "id": "выраженный брадикардия"
        },
        {
            "label": "group",
            "weight": 5,
            "id": "мощный ингибитор изофермент cyp3a4"
        },
        {
            "label": "group",
            "weight": 5,
            "id": "противогрибковый средство группа азолово"
        },
        {
            "label": "action",
            "weight": 5,
            "id": "повышать средний концентрация"
        },
        {
            "label": "group",
            "weight": 5,
            "id": "умеренный ингибитор изофермент cyp3a4"
        },
        {
            "label": "action",
            "weight": 5,
            "id": "увеличение auc"
        },
        {
            "label": "group",
            "weight": 5,
            "id": "средства, урежать сердечный ритм"
        },
        {
            "label": "action",
            "weight": 5,
            "id": "дополнительный урежение чсс"
        },
        {
            "label": "prepare",
            "weight": 5,
            "id": "грейпфрутовый сок"
        },
        {
            "label": "action",
            "weight": 5,
            "id": "повышение экспозиция"
        },
        {
            "label": "recomendation",
            "weight": 5,
            "id": "чсс в покой составлять более 70 уд/мина"
        },
        {
            "label": "group",
            "weight": 5,
            "id": "растительный средства, содержать зверобой продырявить"
        },
        {
            "label": "action",
            "weight": 5,
            "id": "снижение концентрация в кровь и активность"
        },
        {
            "label": "action",
            "weight": 5,
            "id": "потребовать подбор более высокий доза"
        },
        {
            "label": "recomendation",
            "weight": 5,
            "id": "по возможность избегать применение препарат и продукт"
        },
        {
            "label": "prepare",
            "weight": 5,
            "id": "зверобой продырявить"
        },
        {
            "label": "action",
            "weight": 5,
            "id": "не оказывать"
        },
        {
            "label": "noun",
            "weight": 5,
            "id": "клинически значимый влияние на фармакокинетика"
        },
        {
            "label": "prepare",
            "weight": 5,
            "id": "симвастатин"
        },
        {
            "label": "prepare",
            "weight": 5,
            "id": "амлодипин"
        },
        {
            "label": "prepare",
            "weight": 5,
            "id": "лацидипин"
        },
        {
            "label": "noun",
            "weight": 5,
            "id": "фармакокинетика и фармакодинамика"
        },
        {
            "label": "prepare",
            "weight": 5,
            "id": "дигоксина"
        },
        {
            "label": "prepare",
            "weight": 5,
            "id": "варфарина"
        },
        {
            "label": "noun",
            "weight": 5,
            "id": "фармакодинамика"
        },
        {
            "label": "prepare",
            "weight": 5,
            "id": "ацетилсалициловый кислота"
        }
    ],
    "links": [
        {
            "source": "при попадание препарат под кожа",
            "target": "некроз кожа и подкожный клетчатка"
        },
        {
            "source": "селективный и специфический ингибирование i f -канал синусовый узел",
            "target": "контролировать спонтанный диастолический деполяризация в синусовый узел и регулировать частота сердечный сокращение (чсс"
        },
        {
            "source": "замедлять ритм сердце",
            "target": "селективный и специфический ингибирование i f -канал синусовый узел"
        },
        {
            "source": "ивабрадина",
            "target": "замедлять ритм сердце"
        },
        {
            "source": "ивабрадина",
            "target": "оказывать селективный воздействие на синусовый узел"
        },
        {
            "source": "ивабрадина",
            "target": "мочь взаимодействовать с i h -канал сетчатка глаза, сходный с i f-канал сердца, участвовать в возникновение временной изменение система зрительный восприятие за счёт изменение реакция сетчатка на яркий световой стимул"
        },
        {
            "source": "ивабрадина",
            "target": "ингибитор изофермент cyp3a4"
        },
        {
            "source": "ивабрадина",
            "target": "побочный эффект"
        },
        {
            "source": "ивабрадина",
            "target": "ощущение сердцебиение"
        },
        {
            "source": "ивабрадина",
            "target": "наджелудочковый экстрасистолия"
        },
        {
            "source": "ивабрадина",
            "target": "выраженный снижение ад"
        },
        {
            "source": "ивабрадина",
            "target": "указанный лекарственный средство"
        },
        {
            "source": "ивабрадина",
            "target": "брадикардия"
        },
        {
            "source": "ивабрадина",
            "target": "в печень"
        },
        {
            "source": "ивабрадина",
            "target": "очень слабый ингибитор данный цитохром"
        },
        {
            "source": "ивабрадина",
            "target": "не оказывать существенный влияние"
        },
        {
            "source": "ивабрадина",
            "target": "одновременный применение"
        },
        {
            "source": "ивабрадина",
            "target": "средства, урежать сердечный ритм"
        },
        {
            "source": "ивабрадина",
            "target": "умеренный ингибитор изофермент cyp3a4"
        },
        {
            "source": "ивабрадина",
            "target": "потребовать подбор более высокий доза"
        },
        {
            "source": "ивабрадина",
            "target": "по возможность избегать применение препарат и продукт"
        },
        {
            "source": "ивабрадина",
            "target": "не оказывать"
        },
        {
            "source": "оказывать селективный воздействие на синусовый узел",
            "target": "не влиять на время проведение импульс по внутрипредсердным, предсердно-желудочковый и внутрижелудочковый проводить путям, а также на сократительный способность миокард и реполяризация желудочек"
        },
        {
            "source": "ивабрадин",
            "target": "частичный ингибирование i h -канал"
        },
        {
            "source": "частичный ингибирование i h -канал",
            "target": "вызывать феномен изменение световосприятие (фотопсия"
        },
        {
            "source": "ингибитор изофермент cyp3a4",
            "target": "мочь приводить к"
        },
        {
            "source": "ингибитор изофермент cyp3a4",
            "target": "повышать"
        },
        {
            "source": "мочь приводить к",
            "target": "выраженный урежения чсс"
        },
        {
            "source": "ii-iv класс по классификация nyha",
            "target": "хронический сердечный недостаточность"
        },
        {
            "source": "одновременный применение",
            "target": "с мощный ингибитор изофермент система цитохром p450 3a4"
        },
        {
            "source": "одновременный применение",
            "target": "дилтиазем"
        },
        {
            "source": "одновременный применение",
            "target": "верапамил"
        },
        {
            "source": "с мощный ингибитор изофермент система цитохром p450 3a4",
            "target": "азолово"
        },
        {
            "source": "с мощный ингибитор изофермент система цитохром p450 3a4",
            "target": "антибиотик группа макролид"
        },
        {
            "source": "с мощный ингибитор изофермент система цитохром p450 3a4",
            "target": "ингибитор вич-протеаза"
        },
        {
            "source": "азолово",
            "target": "кетоконазол"
        },
        {
            "source": "азолово",
            "target": "итраконазол"
        },
        {
            "source": "кетоконазол",
            "target": "мощный ингибитор изофермент cyp3a4"
        },
        {
            "source": "антибиотик группа макролид",
            "target": "кларитромицин"
        },
        {
            "source": "антибиотик группа макролид",
            "target": "эритромицин"
        },
        {
            "source": "антибиотик группа макролид",
            "target": "джозамицин"
        },
        {
            "source": "антибиотик группа макролид",
            "target": "телитромицин"
        },
        {
            "source": "антибиотик группа макролид",
            "target": "одновременный применение"
        },
        {
            "source": "джозамицин",
            "target": "мощный ингибитор изофермент cyp3a4"
        },
        {
            "source": "ингибитор вич-протеаза",
            "target": "нелфинавира"
        },
        {
            "source": "ингибитор вич-протеаза",
            "target": "ритонавир"
        },
        {
            "source": "ингибитор вич-протеаза",
            "target": "нефазодон"
        },
        {
            "source": "ингибитор вич-протеаза",
            "target": "одновременный применение"
        },
        {
            "source": "нефазодон",
            "target": "одновременный применение"
        },
        {
            "source": "дилтиазем",
            "target": "умеренный ингибитор изофермент cyp3a4"
        },
        {
            "source": "верапамил",
            "target": "умеренный ингибитор изофермент cyp3a4"
        },
        {
            "source": "побочный эффект",
            "target": "изменение световосприятие"
        },
        {
            "source": "побочный эффект",
            "target": "брадикардия"
        },
        {
            "source": "побочный эффект",
            "target": "связать с механизм действие"
        },
        {
            "source": "брадикардия",
            "target": "аритмия"
        },
        {
            "source": "антиаритмический средства, удлинять интервал qt",
            "target": "хинидин"
        },
        {
            "source": "антиаритмический средства, удлинять интервал qt",
            "target": "дизопирамида"
        },
        {
            "source": "антиаритмический средства, удлинять интервал qt",
            "target": "бепридить"
        },
        {
            "source": "антиаритмический средства, удлинять интервал qt",
            "target": "соталола"
        },
        {
            "source": "антиаритмический средства, удлинять интервал qt",
            "target": "ибутилида"
        },
        {
            "source": "антиаритмический средства, удлинять интервал qt",
            "target": "амиодарон"
        },
        {
            "source": "лекарственный средство (лс), удлинять интервал qt",
            "target": "антиаритмический средства, удлинять интервал qt"
        },
        {
            "source": "лекарственный средство (лс), удлинять интервал qt",
            "target": "лс, удлинять интервал qt, не относиться к антиаритмический средство"
        },
        {
            "source": "лс, удлинять интервал qt, не относиться к антиаритмический средство",
            "target": "пимозид"
        },
        {
            "source": "лс, удлинять интервал qt, не относиться к антиаритмический средство",
            "target": "зипразидон"
        },
        {
            "source": "лс, удлинять интервал qt, не относиться к антиаритмический средство",
            "target": "сертиндол"
        },
        {
            "source": "лс, удлинять интервал qt, не относиться к антиаритмический средство",
            "target": "мефлохина"
        },
        {
            "source": "лс, удлинять интервал qt, не относиться к антиаритмический средство",
            "target": "галофантрина"
        },
        {
            "source": "лс, удлинять интервал qt, не относиться к антиаритмический средство",
            "target": "пентамидина"
        },
        {
            "source": "лс, удлинять интервал qt, не относиться к антиаритмический средство",
            "target": "цизаприд"
        },
        {
            "source": "лс, удлинять интервал qt, не относиться к антиаритмический средство",
            "target": "эритромицин"
        },
        {
            "source": "указанный лекарственный средство",
            "target": "урежение чсс"
        },
        {
            "source": "урежение чсс",
            "target": "удлинение интервал qt"
        },
        {
            "source": "калийнесберегать диуретик",
            "target": "тиазидный"
        },
        {
            "source": "калийнесберегать диуретик",
            "target": "петлевой"
        },
        {
            "source": "гипокалиемия",
            "target": "аритмия"
        },
        {
            "source": "аритмия",
            "target": "удлинение интервал qt"
        },
        {
            "source": "в печень",
            "target": "изофермент система цитохром р450 (изофермент cyp3a4"
        },
        {
            "source": "не оказывать существенный влияние",
            "target": "цитохром cyp3a4"
        },
        {
            "source": "ингибитор и индуктор изофермент cyp3a4",
            "target": "клинически значимый влияние на он метаболизм и фармакокинетический свойство"
        },
        {
            "source": "повышать",
            "target": "ивабрадина"
        },
        {
            "source": "индуктор изофермент cyp3a4",
            "target": "уменьшать"
        },
        {
            "source": "индуктор изофермент cyp3a4",
            "target": "растительный средства, содержать зверобой продырявить"
        },
        {
            "source": "уменьшать",
            "target": "ивабрадина"
        },
        {
            "source": "повышение концентрация",
            "target": "ивабрадина"
        },
        {
            "source": "повышение концентрация",
            "target": "увеличивать риск развитие"
        },
        {
            "source": "увеличивать риск развитие",
            "target": "выраженный брадикардия"
        },
        {
            "source": "мощный ингибитор изофермент cyp3a4",
            "target": "одновременный применение"
        },
        {
            "source": "мощный ингибитор изофермент cyp3a4",
            "target": "повышать средний концентрация"
        },
        {
            "source": "противогрибковый средство группа азолово",
            "target": "одновременный применение"
        },
        {
            "source": "повышать средний концентрация",
            "target": "ивабрадина"
        },
        {
            "source": "умеренный ингибитор изофермент cyp3a4",
            "target": "чсс в покой составлять более 70 уд/мина"
        },
        {
            "source": "увеличение auc",
            "target": "ивабрадина"
        },
        {
            "source": "средства, урежать сердечный ритм",
            "target": "увеличение auc"
        },
        {
            "source": "средства, урежать сердечный ритм",
            "target": "дополнительный урежение чсс"
        },
        {
            "source": "грейпфрутовый сок",
            "target": "повышение экспозиция"
        },
        {
            "source": "повышение экспозиция",
            "target": "ивабрадина"
        },
        {
            "source": "растительный средства, содержать зверобой продырявить",
            "target": "снижение концентрация в кровь и активность"
        },
        {
            "source": "снижение концентрация в кровь и активность",
            "target": "ивабрадина"
        },
        {
            "source": "потребовать подбор более высокий доза",
            "target": "ивабрадина"
        },
        {
            "source": "по возможность избегать применение препарат и продукт",
            "target": "зверобой продырявить"
        },
        {
            "source": "не оказывать",
            "target": "клинически значимый влияние на фармакокинетика"
        },
        {
            "source": "не оказывать",
            "target": "фармакокинетика и фармакодинамика"
        },
        {
            "source": "не оказывать",
            "target": "фармакодинамика"
        },
        {
            "source": "клинически значимый влияние на фармакокинетика",
            "target": "симвастатин"
        },
        {
            "source": "клинически значимый влияние на фармакокинетика",
            "target": "амлодипин"
        },
        {
            "source": "клинически значимый влияние на фармакокинетика",
            "target": "лацидипин"
        },
        {
            "source": "фармакокинетика и фармакодинамика",
            "target": "дигоксина"
        },
        {
            "source": "фармакокинетика и фармакодинамика",
            "target": "варфарина"
        },
        {
            "source": "фармакодинамика",
            "target": "ацетилсалициловый кислота"
        }
    ]
}