{
    "directed": true,
    "multigraph": false,
    "graph": {},
    "nodes": [
        {
            "label": "group",
            "weight": 5,
            "id": "средства, действовать на ренин-ангиотензиновый система"
        },
        {
            "label": "group",
            "weight": 5,
            "id": "ингибитор ангиотензинпревращать фермент (апф"
        },
        {
            "label": "mechanism",
            "weight": 5,
            "id": "в результат уменьшение концентрация ангиотензин ii"
        },
        {
            "label": "mechanism",
            "weight": 5,
            "id": "вторичный увеличение активность ренин плазма кровь"
        },
        {
            "label": "action",
            "weight": 5,
            "id": "за счёт устранение отрицательный обратный связь"
        },
        {
            "label": "mechanism",
            "weight": 5,
            "id": "уменьшение секреция альдостерон кора надпочечник"
        },
        {
            "label": "prepare",
            "weight": 5,
            "id": "каптоприть"
        },
        {
            "label": "mechanism",
            "weight": 5,
            "id": "уменьшать опосредовать апф деградация брадикинин"
        },
        {
            "label": "mechanism",
            "weight": 5,
            "id": "увеличивать он содержание в ткань организм"
        },
        {
            "label": "mechanism",
            "weight": 5,
            "id": "ингибирование апф увеличиваться активность циркулировать и тканевый калликреин-кининовый система"
        },
        {
            "label": "mechanism",
            "weight": 5,
            "id": "способствовать периферический вазодилатация за счёт накопление брадикинин"
        },
        {
            "label": "mechanism",
            "weight": 5,
            "id": "увеличение синтез простагландин е2"
        },
        {
            "label": "side_e",
            "weight": 5,
            "id": "причина возникновение некоторый нежелательный реакция"
        },
        {
            "label": "side_e",
            "weight": 5,
            "id": "сухой кашель"
        },
        {
            "label": "mechanism",
            "weight": 5,
            "id": "снижать ад"
        },
        {
            "label": "noun",
            "weight": 5,
            "id": "без компенсаторный увеличение частота сердечный сокращение (чсс), задержка жидкость и ион натрий в организм"
        },
        {
            "label": "illness",
            "weight": 5,
            "id": "артериальный гипертензия"
        },
        {
            "label": "mechanism",
            "weight": 5,
            "id": "увеличивать почечный кровоток"
        },
        {
            "label": "illness",
            "weight": 5,
            "id": "хсн"
        },
        {
            "label": "mechanism",
            "weight": 5,
            "id": "существенно уменьшать общий периферический сосудистый сопротивление (опсс"
        },
        {
            "label": "mechanism",
            "weight": 5,
            "id": "увеличивать венозный объём (уменьшать такой образ предить постнагрузка на сердце"
        },
        {
            "label": "mechanism",
            "weight": 5,
            "id": "снижать давление в право предсердие и малый круг кровообращение"
        },
        {
            "label": "mechanism",
            "weight": 5,
            "id": "увеличивать минутный объём сердце"
        },
        {
            "label": "mechanism",
            "weight": 5,
            "id": "улучшать толерантность к физический нагрузка"
        },
        {
            "label": "illness",
            "weight": 5,
            "id": "дисфункция левый желудочек (фракция выброс левый желудочек ≤40%) после перенести инфаркт миокард"
        },
        {
            "label": "action",
            "weight": 5,
            "id": "снижать частота госпитализация по повод сердечный недостаточность"
        },
        {
            "label": "action",
            "weight": 5,
            "id": "уменьшать протеинурия"
        },
        {
            "label": "action",
            "weight": 5,
            "id": "снижать скорость прогрессирование"
        },
        {
            "label": "illness",
            "weight": 5,
            "id": "диабетический нефропатия"
        },
        {
            "label": "action",
            "weight": 5,
            "id": "уменьшать"
        },
        {
            "label": "absorbtion",
            "weight": 5,
            "id": "абсорбция"
        },
        {
            "label": "absorbtion",
            "weight": 5,
            "id": "при сублингвальный приём"
        },
        {
            "label": "action",
            "weight": 5,
            "id": "отмечаться более быстрый достижение максимальный концентрация в плазма кровь"
        }
    ],
    "links": [
        {
            "source": "средства, действовать на ренин-ангиотензиновый система",
            "target": "ингибитор ангиотензинпревращать фермент (апф"
        },
        {
            "source": "в результат уменьшение концентрация ангиотензин ii",
            "target": "вторичный увеличение активность ренин плазма кровь"
        },
        {
            "source": "в результат уменьшение концентрация ангиотензин ii",
            "target": "уменьшение секреция альдостерон кора надпочечник"
        },
        {
            "source": "вторичный увеличение активность ренин плазма кровь",
            "target": "за счёт устранение отрицательный обратный связь"
        },
        {
            "source": "каптоприть",
            "target": "уменьшать опосредовать апф деградация брадикинин"
        },
        {
            "source": "каптоприть",
            "target": "причина возникновение некоторый нежелательный реакция"
        },
        {
            "source": "каптоприть",
            "target": "снижать ад"
        },
        {
            "source": "каптоприть",
            "target": "артериальный гипертензия"
        },
        {
            "source": "каптоприть",
            "target": "увеличивать почечный кровоток"
        },
        {
            "source": "каптоприть",
            "target": "хсн"
        },
        {
            "source": "каптоприть",
            "target": "существенно уменьшать общий периферический сосудистый сопротивление (опсс"
        },
        {
            "source": "каптоприть",
            "target": "увеличивать венозный объём (уменьшать такой образ предить постнагрузка на сердце"
        },
        {
            "source": "каптоприть",
            "target": "снижать давление в право предсердие и малый круг кровообращение"
        },
        {
            "source": "каптоприть",
            "target": "увеличивать минутный объём сердце"
        },
        {
            "source": "каптоприть",
            "target": "улучшать толерантность к физический нагрузка"
        },
        {
            "source": "каптоприть",
            "target": "дисфункция левый желудочек (фракция выброс левый желудочек ≤40%) после перенести инфаркт миокард"
        },
        {
            "source": "каптоприть",
            "target": "снижать частота госпитализация по повод сердечный недостаточность"
        },
        {
            "source": "каптоприть",
            "target": "уменьшать протеинурия"
        },
        {
            "source": "каптоприть",
            "target": "снижать скорость прогрессирование"
        },
        {
            "source": "каптоприть",
            "target": "уменьшать"
        },
        {
            "source": "каптоприть",
            "target": "при сублингвальный приём"
        },
        {
            "source": "каптоприть",
            "target": "отмечаться более быстрый достижение максимальный концентрация в плазма кровь"
        },
        {
            "source": "уменьшать опосредовать апф деградация брадикинин",
            "target": "увеличивать он содержание в ткань организм"
        },
        {
            "source": "ингибирование апф увеличиваться активность циркулировать и тканевый калликреин-кининовый система",
            "target": "способствовать периферический вазодилатация за счёт накопление брадикинин"
        },
        {
            "source": "ингибирование апф увеличиваться активность циркулировать и тканевый калликреин-кининовый система",
            "target": "увеличение синтез простагландин е2"
        },
        {
            "source": "причина возникновение некоторый нежелательный реакция",
            "target": "сухой кашель"
        },
        {
            "source": "снижать ад",
            "target": "без компенсаторный увеличение частота сердечный сокращение (чсс), задержка жидкость и ион натрий в организм"
        },
        {
            "source": "снижать скорость прогрессирование",
            "target": "диабетический нефропатия"
        },
        {
            "source": "уменьшать",
            "target": "абсорбция"
        }
    ]
}