{
    "directed": true,
    "multigraph": false,
    "graph": {},
    "nodes": [
        {
            "label": "group",
            "weight": 5,
            "id": "психоаналептик"
        },
        {
            "label": "group",
            "weight": 5,
            "id": "антидепрессант"
        },
        {
            "label": "group",
            "weight": 5,
            "id": "селективный ингибитор обратный захват серотонин"
        },
        {
            "label": "prepare",
            "weight": 5,
            "id": "селегилина"
        },
        {
            "label": "group",
            "weight": 5,
            "id": "необратимый имао"
        },
        {
            "label": "prepare",
            "weight": 5,
            "id": "сертралина"
        },
        {
            "label": "recomendation",
            "weight": 5,
            "id": "нельзя применять одновременно с"
        },
        {
            "label": "prepare",
            "weight": 5,
            "id": "моклобемида"
        },
        {
            "label": "group",
            "weight": 5,
            "id": "обратимый селективный имао"
        },
        {
            "label": "recomendation",
            "weight": 5,
            "id": "не рекомендоваться принимать одновременно"
        },
        {
            "label": "side_e",
            "weight": 5,
            "id": "серотониновый синдром"
        },
        {
            "label": "recomendation",
            "weight": 5,
            "id": "не следовать применять у пациентов, получать терапия"
        },
        {
            "label": "prepare",
            "weight": 5,
            "id": "сертралин"
        },
        {
            "label": "group",
            "weight": 5,
            "id": "имао"
        },
        {
            "label": "recomendation",
            "weight": 5,
            "id": "не рекомендоваться"
        },
        {
            "label": "group",
            "weight": 5,
            "id": "средства, угнетать цнс"
        },
        {
            "label": "action",
            "weight": 5,
            "id": "не оказывать клинически значимый ингибирование метаболизм"
        },
        {
            "label": "prepare",
            "weight": 5,
            "id": "фенитоин"
        },
        {
            "label": "prepare",
            "weight": 5,
            "id": "циметидина"
        },
        {
            "label": "action",
            "weight": 5,
            "id": "степень снижать клиренс"
        },
        {
            "label": "action",
            "weight": 5,
            "id": "не влиять на ß—адреноблокировать действие"
        },
        {
            "label": "prepare",
            "weight": 5,
            "id": "атенолол"
        },
        {
            "label": "noun",
            "weight": 5,
            "id": "лекарственный взаимодействие"
        },
        {
            "label": "prepare",
            "weight": 5,
            "id": "дигоксин"
        },
        {
            "label": "action",
            "weight": 5,
            "id": "не выявить"
        },
        {
            "label": "action",
            "weight": 5,
            "id": "мочь отмечаться повышение риск"
        },
        {
            "label": "side_e",
            "weight": 5,
            "id": "кровотечение"
        },
        {
            "label": "group",
            "weight": 5,
            "id": "сиозс"
        },
        {
            "label": "group",
            "weight": 5,
            "id": "препаратов, влиять на функция тромбоцит"
        },
        {
            "label": "group",
            "weight": 5,
            "id": "нпвс"
        },
        {
            "label": "prepare",
            "weight": 5,
            "id": "ацетилсалициловый кислота"
        },
        {
            "label": "prepare",
            "weight": 5,
            "id": "тиклопидин"
        },
        {
            "label": "group",
            "weight": 5,
            "id": "препаратов, который мочь повышать риск кровотечение"
        },
        {
            "label": "group",
            "weight": 5,
            "id": "селективный ингибитор обратный захват серотонин (сиозс"
        },
        {
            "label": "action",
            "weight": 5,
            "id": "снижать активность холинэстераза в плазма кровь"
        },
        {
            "label": "action",
            "weight": 5,
            "id": "приводить к увеличение продолжительность действие"
        },
        {
            "label": "group",
            "weight": 5,
            "id": "мышечный релаксант"
        },
        {
            "label": "action",
            "weight": 5,
            "id": "мивакурия"
        },
        {
            "label": "action",
            "weight": 5,
            "id": "клинически значимый не ингибировать изофермент"
        },
        {
            "label": "metabol",
            "weight": 5,
            "id": "cyp3a4"
        },
        {
            "label": "metabol",
            "weight": 5,
            "id": "cyp2c9"
        },
        {
            "label": "metabol",
            "weight": 5,
            "id": "cyp2c19"
        },
        {
            "label": "metabol",
            "weight": 5,
            "id": "cyp1a2"
        },
        {
            "label": "action",
            "weight": 5,
            "id": "оказывать незначительный ингибировать действие на активность"
        }
    ],
    "links": [
        {
            "source": "психоаналептик",
            "target": "антидепрессант"
        },
        {
            "source": "антидепрессант",
            "target": "селективный ингибитор обратный захват серотонин"
        },
        {
            "source": "селегилина",
            "target": "необратимый имао"
        },
        {
            "source": "необратимый имао",
            "target": "селегилина"
        },
        {
            "source": "сертралина",
            "target": "нельзя применять одновременно с"
        },
        {
            "source": "сертралина",
            "target": "не рекомендоваться принимать одновременно"
        },
        {
            "source": "сертралина",
            "target": "имао"
        },
        {
            "source": "сертралина",
            "target": "не рекомендоваться"
        },
        {
            "source": "сертралина",
            "target": "не оказывать клинически значимый ингибирование метаболизм"
        },
        {
            "source": "сертралина",
            "target": "циметидина"
        },
        {
            "source": "сертралина",
            "target": "не влиять на ß—адреноблокировать действие"
        },
        {
            "source": "сертралина",
            "target": "сиозс"
        },
        {
            "source": "сертралина",
            "target": "клинически значимый не ингибировать изофермент"
        },
        {
            "source": "сертралина",
            "target": "оказывать незначительный ингибировать действие на активность"
        },
        {
            "source": "нельзя применять одновременно с",
            "target": "необратимый имао"
        },
        {
            "source": "моклобемида",
            "target": "обратимый селективный имао"
        },
        {
            "source": "обратимый селективный имао",
            "target": "не рекомендоваться принимать одновременно"
        },
        {
            "source": "не рекомендоваться принимать одновременно",
            "target": "серотониновый синдром"
        },
        {
            "source": "не следовать применять у пациентов, получать терапия",
            "target": "сертралин"
        },
        {
            "source": "не рекомендоваться",
            "target": "средства, угнетать цнс"
        },
        {
            "source": "не оказывать клинически значимый ингибирование метаболизм",
            "target": "фенитоин"
        },
        {
            "source": "циметидина",
            "target": "степень снижать клиренс"
        },
        {
            "source": "степень снижать клиренс",
            "target": "сертралина"
        },
        {
            "source": "не влиять на ß—адреноблокировать действие",
            "target": "атенолол"
        },
        {
            "source": "лекарственный взаимодействие",
            "target": "дигоксин"
        },
        {
            "source": "дигоксин",
            "target": "не выявить"
        },
        {
            "source": "мочь отмечаться повышение риск",
            "target": "кровотечение"
        },
        {
            "source": "сиозс",
            "target": "препаратов, влиять на функция тромбоцит"
        },
        {
            "source": "сиозс",
            "target": "препаратов, который мочь повышать риск кровотечение"
        },
        {
            "source": "нпвс",
            "target": "препаратов, влиять на функция тромбоцит"
        },
        {
            "source": "ацетилсалициловый кислота",
            "target": "препаратов, влиять на функция тромбоцит"
        },
        {
            "source": "тиклопидин",
            "target": "препаратов, влиять на функция тромбоцит"
        },
        {
            "source": "препаратов, который мочь повышать риск кровотечение",
            "target": "мочь отмечаться повышение риск"
        },
        {
            "source": "селективный ингибитор обратный захват серотонин (сиозс",
            "target": "снижать активность холинэстераза в плазма кровь"
        },
        {
            "source": "снижать активность холинэстераза в плазма кровь",
            "target": "приводить к увеличение продолжительность действие"
        },
        {
            "source": "приводить к увеличение продолжительность действие",
            "target": "мышечный релаксант"
        },
        {
            "source": "мивакурия",
            "target": "мышечный релаксант"
        },
        {
            "source": "клинически значимый не ингибировать изофермент",
            "target": "cyp3a4"
        },
        {
            "source": "клинически значимый не ингибировать изофермент",
            "target": "cyp2c9"
        },
        {
            "source": "клинически значимый не ингибировать изофермент",
            "target": "cyp2c19"
        },
        {
            "source": "клинически значимый не ингибировать изофермент",
            "target": "cyp1a2"
        },
        {
            "source": "оказывать незначительный ингибировать действие на активность",
            "target": "cyp1a2"
        }
    ]
}