{
    "directed": true,
    "multigraph": false,
    "graph": {},
    "nodes": [
        {
            "label": "prepare",
            "weight": 5,
            "id": "фуросемид"
        },
        {
            "label": "group",
            "weight": 5,
            "id": "диуретик"
        },
        {
            "label": "noun",
            "weight": 5,
            "id": "производный"
        },
        {
            "label": "prepare",
            "weight": 5,
            "id": "сульфонамид"
        },
        {
            "label": "mechanism",
            "weight": 5,
            "id": "блокировать система транспорт ион na +, k +, сl-в толстой сегмент восходить колено петля генль"
        },
        {
            "label": "action",
            "weight": 5,
            "id": "диуретический действие"
        },
        {
            "label": "action",
            "weight": 5,
            "id": "поступление препарат в просвет почечный каналец (за счёт механизм анионный транспорт"
        },
        {
            "label": "mechanism",
            "weight": 5,
            "id": "с угнетение реабсорбция натрий хлорид в это отдел петля генль"
        },
        {
            "label": "action",
            "weight": 5,
            "id": "увеличение выведение натрий"
        },
        {
            "label": "action",
            "weight": 5,
            "id": "увеличение количество выделять мочить (за счёт осмотически связанный вода"
        },
        {
            "label": "action",
            "weight": 5,
            "id": "увеличение секреция калий в дистальный часть почечный каналец"
        },
        {
            "label": "action",
            "weight": 5,
            "id": "диуретический активность"
        },
        {
            "label": "action",
            "weight": 5,
            "id": "не снижаться"
        },
        {
            "label": "action",
            "weight": 5,
            "id": "прерывать канальцево-клубочковый обратный связь в macula densa"
        },
        {
            "label": "noun",
            "weight": 5,
            "id": "при повторный введение препарат"
        },
        {
            "label": "mechanism",
            "weight": 5,
            "id": "вызывать дозозависимый стимуляция ренин ангиотензин альдосторонов система"
        },
        {
            "label": "illness",
            "weight": 5,
            "id": "сердечный недостаточность"
        },
        {
            "label": "noun",
            "weight": 5,
            "id": "быстро"
        },
        {
            "label": "action",
            "weight": 5,
            "id": "снижать преднагрузка (за счёт расширение вено"
        },
        {
            "label": "action",
            "weight": 5,
            "id": "уменьшать давление в лёгочный артерия и давление наполнение левый желудочек"
        },
        {
            "label": "action",
            "weight": 5,
            "id": "гипотензивный действие"
        },
        {
            "label": "mechanism",
            "weight": 5,
            "id": "повышение экскреция натрий"
        },
        {
            "label": "mechanism",
            "weight": 5,
            "id": "гиповолемия (уменьшение объём циркулировать кровь"
        },
        {
            "label": "mechanism",
            "weight": 5,
            "id": "снижение реакция гладкий мускулатура сосуд на вазоконстрикторный воздействие"
        },
        {
            "label": "mechanism",
            "weight": 5,
            "id": "натрийуретический эффект"
        },
        {
            "label": "mechanism",
            "weight": 5,
            "id": "снижать реакция сосуд"
        },
        {
            "label": "distribution",
            "weight": 5,
            "id": "связываться с белок плазма кровь (более 98 %"
        },
        {
            "label": "excretion",
            "weight": 5,
            "id": "выводиться преимущественно в неизменённый вид"
        },
        {
            "label": "excretion",
            "weight": 5,
            "id": "главный образ путём секреция в проксимальный каналец"
        },
        {
            "label": "excretion",
            "weight": 5,
            "id": "60-70 % ввести доза выводиться это путём"
        },
        {
            "label": "excretion",
            "weight": 5,
            "id": "10-26 от выводиться почка препарат"
        },
        {
            "label": "noun",
            "weight": 5,
            "id": "остальной доза"
        },
        {
            "label": "excretion",
            "weight": 5,
            "id": "выделяться через кишечник, по-видимому, путём билиарна секреция"
        },
        {
            "label": "illness",
            "weight": 5,
            "id": "почечный недостаточность"
        },
        {
            "label": "excretion",
            "weight": 5,
            "id": "выведение"
        },
        {
            "label": "action",
            "weight": 5,
            "id": "замедляться"
        },
        {
            "label": "illness",
            "weight": 5,
            "id": "нефротический синдром"
        },
        {
            "label": "action",
            "weight": 5,
            "id": "снижение плазменный концентрация протеин"
        },
        {
            "label": "action",
            "weight": 5,
            "id": "приводить к повышение концентрация несвязанный фуросемид"
        },
        {
            "label": "action",
            "weight": 5,
            "id": "возрастать риск развитие"
        },
        {
            "label": "side_e",
            "weight": 5,
            "id": "ототоксический действие"
        },
        {
            "label": "action",
            "weight": 5,
            "id": "мочь быть уменьшить"
        },
        {
            "label": "prot_link",
            "weight": 5,
            "id": "из-за связывание фуросемид с альбумин"
        },
        {
            "label": "action",
            "weight": 5,
            "id": "снижение"
        },
        {
            "label": "noun",
            "weight": 5,
            "id": "канальцев секреция"
        },
        {
            "label": "prepare",
            "weight": 5,
            "id": "хлоралгидрат"
        },
        {
            "label": "side_e",
            "weight": 5,
            "id": "гиперемия кожный"
        },
        {
            "label": "side_e",
            "weight": 5,
            "id": "обильный потоотделение"
        },
        {
            "label": "side_e",
            "weight": 5,
            "id": "беспокойство"
        },
        {
            "label": "side_e",
            "weight": 5,
            "id": "тошнота"
        },
        {
            "label": "side_e",
            "weight": 5,
            "id": "повышение артериальный"
        },
        {
            "label": "side_e",
            "weight": 5,
            "id": "тахикардия"
        },
        {
            "label": "recomendation",
            "weight": 5,
            "id": "не рекомендоваться"
        },
        {
            "label": "action",
            "weight": 5,
            "id": "мочь потенциировать"
        },
        {
            "label": "group",
            "weight": 5,
            "id": "аминогликозид"
        },
        {
            "label": "action",
            "weight": 5,
            "id": "иметься риск развитие"
        },
        {
            "label": "action",
            "weight": 5,
            "id": "увеличение"
        },
        {
            "label": "side_e",
            "weight": 5,
            "id": "нефротоксический действие"
        },
        {
            "label": "prepare",
            "weight": 5,
            "id": "цисплатина"
        },
        {
            "label": "noun",
            "weight": 5,
            "id": "для проведение форсировать диурез в время лечение"
        },
        {
            "label": "side_e",
            "weight": 5,
            "id": "чрезмерный снижение артериальный давление"
        },
        {
            "label": "group",
            "weight": 5,
            "id": "ингибитор апф"
        },
        {
            "label": "group",
            "weight": 5,
            "id": "антагонист рецептор ангиотензин ii"
        },
        {
            "label": "side_e",
            "weight": 5,
            "id": "ухудшение функция почка"
        },
        {
            "label": "side_e",
            "weight": 5,
            "id": "острый почечный недостаточность"
        },
        {
            "label": "action",
            "weight": 5,
            "id": "снижаться выведение литий"
        },
        {
            "label": "action",
            "weight": 5,
            "id": "повышаться содержание литий"
        },
        {
            "label": "action",
            "weight": 5,
            "id": "увеличивать"
        },
        {
            "label": "side_e",
            "weight": 5,
            "id": "токсический действие"
        },
        {
            "label": "side_e",
            "weight": 5,
            "id": "повреждать воздействие на сердце и нервный система"
        },
        {
            "label": "prepare",
            "weight": 5,
            "id": "рисперидон"
        },
        {
            "label": "side_e",
            "weight": 5,
            "id": "увеличение смертность"
        },
        {
            "label": "condition",
            "weight": 5,
            "id": "пациент пожилое возраст"
        },
        {
            "label": "illness",
            "weight": 5,
            "id": "деменция"
        },
        {
            "label": "noun",
            "weight": 5,
            "id": "высокий доза"
        },
        {
            "label": "action",
            "weight": 5,
            "id": "мочь ингибировать связывание тиреоидный гормон с белок-носитель"
        },
        {
            "label": "action",
            "weight": 5,
            "id": "приводить к начальный транзиторный увеличение содержание свободный тиреоидный гормон"
        },
        {
            "label": "action",
            "weight": 5,
            "id": "к снижение общий уровень тиреоидный гормон"
        },
        {
            "label": "noun",
            "weight": 5,
            "id": "при применение дать комбинация"
        },
        {
            "label": "recomendation",
            "weight": 5,
            "id": "следовать контролировать уровень тиреоидный гормон"
        },
        {
            "label": "side_e",
            "weight": 5,
            "id": "нарушение водно-электролитный баланс"
        },
        {
            "label": "side_e",
            "weight": 5,
            "id": "гипокалиемия"
        },
        {
            "label": "side_e",
            "weight": 5,
            "id": "гипомагниемия"
        },
        {
            "label": "action",
            "weight": 5,
            "id": "увеличиваться токсический действие"
        },
        {
            "label": "group",
            "weight": 5,
            "id": "сердечный гликозид"
        },
        {
            "label": "group",
            "weight": 5,
            "id": "средств, вызывающий удлинение интервал qt"
        },
        {
            "label": "action",
            "weight": 5,
            "id": "возрастать рискразвитие"
        },
        {
            "label": "group",
            "weight": 5,
            "id": "нарушение ритм сердце"
        },
        {
            "label": "action",
            "weight": 5,
            "id": "увеличивать риск развитие"
        },
        {
            "label": "group",
            "weight": 5,
            "id": "глюкокортикостероид"
        },
        {
            "label": "prepare",
            "weight": 5,
            "id": "карбеноксолон"
        },
        {
            "label": "group",
            "weight": 5,
            "id": "препарат солодка"
        },
        {
            "label": "action",
            "weight": 5,
            "id": "увеличиваться риск развитие они"
        },
        {
            "label": "action",
            "weight": 5,
            "id": "увеличиваться риск"
        },
        {
            "label": "side_e",
            "weight": 5,
            "id": "нефротоксический"
        },
        {
            "label": "group",
            "weight": 5,
            "id": "цефалоспорин"
        },
        {
            "label": "group",
            "weight": 5,
            "id": "нестероидный противовоспалительный препарат (нпвп) нпвп"
        },
        {
            "label": "action",
            "weight": 5,
            "id": "мочь уменьшить диуретический действие"
        },
        {
            "label": "group",
            "weight": 5,
            "id": "нпвп"
        },
        {
            "label": "action",
            "weight": 5,
            "id": "мочь увеличивать"
        },
        {
            "label": "side_e",
            "weight": 5,
            "id": "токсичность"
        },
        {
            "label": "group",
            "weight": 5,
            "id": "салицилат"
        },
        {
            "label": "prepare",
            "weight": 5,
            "id": "фенитоин"
        },
        {
            "label": "action",
            "weight": 5,
            "id": "уменьшение диуретический действие"
        },
        {
            "label": "prepare",
            "weight": 5,
            "id": "алискирена"
        },
        {
            "label": "action",
            "weight": 5,
            "id": "снижать концентрация"
        },
        {
            "label": "recomendation",
            "weight": 5,
            "id": "рекомендоваться контролировать снижение"
        },
        {
            "label": "action",
            "weight": 5,
            "id": "диуретический эффект"
        },
        {
            "label": "action",
            "weight": 5,
            "id": "более"
        },
        {
            "label": "side_e",
            "weight": 5,
            "id": "снижение артериальный давление"
        },
        {
            "label": "group",
            "weight": 5,
            "id": "гипотензивный средство"
        },
        {
            "label": "action",
            "weight": 5,
            "id": "мочь снижать эффективность"
        },
        {
            "label": "prepare",
            "weight": 5,
            "id": "метотрексат"
        },
        {
            "label": "noun",
            "weight": 5,
            "id": "применение высокий доза"
        },
        {
            "label": "action",
            "weight": 5,
            "id": "мочь привести к увеличение они концентрация"
        },
        {
            "label": "action",
            "weight": 5,
            "id": "повышение риск возникновение"
        },
        {
            "label": "side_e",
            "weight": 5,
            "id": "нежелательный реакция"
        },
        {
            "label": "action",
            "weight": 5,
            "id": "ослабление эффект"
        },
        {
            "label": "group",
            "weight": 5,
            "id": "гипогликемический средство"
        },
        {
            "label": "group",
            "weight": 5,
            "id": "прессорный амин"
        },
        {
            "label": "group",
            "weight": 5,
            "id": "курареподобный миорелаксант"
        },
        {
            "label": "action",
            "weight": 5,
            "id": "усиление эффект"
        },
        {
            "label": "prepare",
            "weight": 5,
            "id": "теофиллин"
        },
        {
            "label": "prepare",
            "weight": 5,
            "id": "диазоксина"
        },
        {
            "label": "prepare",
            "weight": 5,
            "id": "сукралъфат"
        },
        {
            "label": "action",
            "weight": 5,
            "id": "уменьшение"
        },
        {
            "label": "absorbtion",
            "weight": 5,
            "id": "всасывание"
        },
        {
            "label": "action",
            "weight": 5,
            "id": "ослабление он эффект"
        },
        {
            "label": "prepare",
            "weight": 5,
            "id": "циклоспорин а"
        },
        {
            "label": "action",
            "weight": 5,
            "id": "увеличиваться риск развитие"
        },
        {
            "label": "side_e",
            "weight": 5,
            "id": "подагрический артрит"
        },
        {
            "label": "side_e",
            "weight": 5,
            "id": "гиперурикемия"
        },
        {
            "label": "side_e",
            "weight": 5,
            "id": "нарушение экскреция урат почка"
        },
        {
            "label": "prepare",
            "weight": 5,
            "id": "циклоспорин"
        },
        {
            "label": "illness",
            "weight": 5,
            "id": "нефропатия"
        },
        {
            "label": "group",
            "weight": 5,
            "id": "рентгеноконтрастный препарат"
        },
        {
            "label": "side_e",
            "weight": 5,
            "id": "нарушение функция почка"
        },
        {
            "label": "side_e",
            "weight": 5,
            "id": "рентгеноконтраст-индуцировать нефропатия"
        }
    ],
    "links": [
        {
            "source": "фуросемид",
            "target": "диуретик"
        },
        {
            "source": "фуросемид",
            "target": "производный"
        },
        {
            "source": "фуросемид",
            "target": "блокировать система транспорт ион na +, k +, сl-в толстой сегмент восходить колено петля генль"
        },
        {
            "source": "фуросемид",
            "target": "диуретический действие"
        },
        {
            "source": "фуросемид",
            "target": "диуретический активность"
        },
        {
            "source": "фуросемид",
            "target": "прерывать канальцево-клубочковый обратный связь в macula densa"
        },
        {
            "source": "фуросемид",
            "target": "вызывать дозозависимый стимуляция ренин ангиотензин альдосторонов система"
        },
        {
            "source": "фуросемид",
            "target": "сердечный недостаточность"
        },
        {
            "source": "фуросемид",
            "target": "быстро"
        },
        {
            "source": "фуросемид",
            "target": "уменьшать давление в лёгочный артерия и давление наполнение левый желудочек"
        },
        {
            "source": "фуросемид",
            "target": "снижать реакция сосуд"
        },
        {
            "source": "фуросемид",
            "target": "натрийуретический эффект"
        },
        {
            "source": "фуросемид",
            "target": "связываться с белок плазма кровь (более 98 %"
        },
        {
            "source": "фуросемид",
            "target": "выводиться преимущественно в неизменённый вид"
        },
        {
            "source": "фуросемид",
            "target": "60-70 % ввести доза выводиться это путём"
        },
        {
            "source": "фуросемид",
            "target": "10-26 от выводиться почка препарат"
        },
        {
            "source": "фуросемид",
            "target": "замедляться"
        },
        {
            "source": "фуросемид",
            "target": "мочь быть уменьшить"
        },
        {
            "source": "фуросемид",
            "target": "хлоралгидрат"
        },
        {
            "source": "фуросемид",
            "target": "мочь потенциировать"
        },
        {
            "source": "фуросемид",
            "target": "иметься риск развитие"
        },
        {
            "source": "фуросемид",
            "target": "для проведение форсировать диурез в время лечение"
        },
        {
            "source": "фуросемид",
            "target": "чрезмерный снижение артериальный давление"
        },
        {
            "source": "фуросемид",
            "target": "снижаться выведение литий"
        },
        {
            "source": "фуросемид",
            "target": "увеличение смертность"
        },
        {
            "source": "фуросемид",
            "target": "высокий доза"
        },
        {
            "source": "фуросемид",
            "target": "нарушение водно-электролитный баланс"
        },
        {
            "source": "фуросемид",
            "target": "увеличиваться токсический действие"
        },
        {
            "source": "фуросемид",
            "target": "увеличивать риск развитие"
        },
        {
            "source": "фуросемид",
            "target": "увеличиваться риск развитие они"
        },
        {
            "source": "фуросемид",
            "target": "увеличиваться риск"
        },
        {
            "source": "фуросемид",
            "target": "мочь увеличивать"
        },
        {
            "source": "фуросемид",
            "target": "рекомендоваться контролировать снижение"
        },
        {
            "source": "фуросемид",
            "target": "более"
        },
        {
            "source": "фуросемид",
            "target": "увеличиваться риск развитие"
        },
        {
            "source": "фуросемид",
            "target": "нарушение функция почка"
        },
        {
            "source": "диуретик",
            "target": "фуросемид"
        },
        {
            "source": "производный",
            "target": "сульфонамид"
        },
        {
            "source": "блокировать система транспорт ион na +, k +, сl-в толстой сегмент восходить колено петля генль",
            "target": "диуретический действие"
        },
        {
            "source": "диуретический действие",
            "target": "поступление препарат в просвет почечный каналец (за счёт механизм анионный транспорт"
        },
        {
            "source": "диуретический действие",
            "target": "с угнетение реабсорбция натрий хлорид в это отдел петля генль"
        },
        {
            "source": "увеличение выведение натрий",
            "target": "увеличение количество выделять мочить (за счёт осмотически связанный вода"
        },
        {
            "source": "увеличение выведение натрий",
            "target": "увеличение секреция калий в дистальный часть почечный каналец"
        },
        {
            "source": "диуретический активность",
            "target": "не снижаться"
        },
        {
            "source": "при повторный введение препарат",
            "target": "фуросемид"
        },
        {
            "source": "быстро",
            "target": "снижать преднагрузка (за счёт расширение вено"
        },
        {
            "source": "гипотензивный действие",
            "target": "повышение экскреция натрий"
        },
        {
            "source": "гипотензивный действие",
            "target": "гиповолемия (уменьшение объём циркулировать кровь"
        },
        {
            "source": "гипотензивный действие",
            "target": "снижение реакция гладкий мускулатура сосуд на вазоконстрикторный воздействие"
        },
        {
            "source": "снижение реакция гладкий мускулатура сосуд на вазоконстрикторный воздействие",
            "target": "натрийуретический эффект"
        },
        {
            "source": "выводиться преимущественно в неизменённый вид",
            "target": "главный образ путём секреция в проксимальный каналец"
        },
        {
            "source": "остальной доза",
            "target": "выделяться через кишечник, по-видимому, путём билиарна секреция"
        },
        {
            "source": "почечный недостаточность",
            "target": "выведение"
        },
        {
            "source": "выведение",
            "target": "фуросемид"
        },
        {
            "source": "нефротический синдром",
            "target": "снижение плазменный концентрация протеин"
        },
        {
            "source": "снижение плазменный концентрация протеин",
            "target": "приводить к повышение концентрация несвязанный фуросемид"
        },
        {
            "source": "приводить к повышение концентрация несвязанный фуросемид",
            "target": "возрастать риск развитие"
        },
        {
            "source": "возрастать риск развитие",
            "target": "ототоксический действие"
        },
        {
            "source": "ототоксический действие",
            "target": "аминогликозид"
        },
        {
            "source": "мочь быть уменьшить",
            "target": "из-за связывание фуросемид с альбумин"
        },
        {
            "source": "снижение",
            "target": "канальцев секреция"
        },
        {
            "source": "канальцев секреция",
            "target": "фуросемид"
        },
        {
            "source": "хлоралгидрат",
            "target": "гиперемия кожный"
        },
        {
            "source": "хлоралгидрат",
            "target": "обильный потоотделение"
        },
        {
            "source": "хлоралгидрат",
            "target": "беспокойство"
        },
        {
            "source": "хлоралгидрат",
            "target": "тошнота"
        },
        {
            "source": "хлоралгидрат",
            "target": "повышение артериальный"
        },
        {
            "source": "хлоралгидрат",
            "target": "тахикардия"
        },
        {
            "source": "хлоралгидрат",
            "target": "не рекомендоваться"
        },
        {
            "source": "мочь потенциировать",
            "target": "ототоксический действие"
        },
        {
            "source": "иметься риск развитие",
            "target": "ототоксический действие"
        },
        {
            "source": "увеличение",
            "target": "нефротоксический действие"
        },
        {
            "source": "нефротоксический действие",
            "target": "цисплатина"
        },
        {
            "source": "цисплатина",
            "target": "фуросемид"
        },
        {
            "source": "чрезмерный снижение артериальный давление",
            "target": "ухудшение функция почка"
        },
        {
            "source": "ингибитор апф",
            "target": "фуросемид"
        },
        {
            "source": "антагонист рецептор ангиотензин ii",
            "target": "фуросемид"
        },
        {
            "source": "ухудшение функция почка",
            "target": "острый почечный недостаточность"
        },
        {
            "source": "снижаться выведение литий",
            "target": "повышаться содержание литий"
        },
        {
            "source": "повышаться содержание литий",
            "target": "увеличивать"
        },
        {
            "source": "увеличивать",
            "target": "токсический действие"
        },
        {
            "source": "токсический действие",
            "target": "повреждать воздействие на сердце и нервный система"
        },
        {
            "source": "рисперидон",
            "target": "фуросемид"
        },
        {
            "source": "увеличение смертность",
            "target": "пациент пожилое возраст"
        },
        {
            "source": "пациент пожилое возраст",
            "target": "деменция"
        },
        {
            "source": "высокий доза",
            "target": "мочь ингибировать связывание тиреоидный гормон с белок-носитель"
        },
        {
            "source": "мочь ингибировать связывание тиреоидный гормон с белок-носитель",
            "target": "приводить к начальный транзиторный увеличение содержание свободный тиреоидный гормон"
        },
        {
            "source": "приводить к начальный транзиторный увеличение содержание свободный тиреоидный гормон",
            "target": "к снижение общий уровень тиреоидный гормон"
        },
        {
            "source": "при применение дать комбинация",
            "target": "следовать контролировать уровень тиреоидный гормон"
        },
        {
            "source": "нарушение водно-электролитный баланс",
            "target": "гипокалиемия"
        },
        {
            "source": "нарушение водно-электролитный баланс",
            "target": "гипомагниемия"
        },
        {
            "source": "увеличиваться токсический действие",
            "target": "сердечный гликозид"
        },
        {
            "source": "увеличиваться токсический действие",
            "target": "средств, вызывающий удлинение интервал qt"
        },
        {
            "source": "увеличиваться токсический действие",
            "target": "возрастать рискразвитие"
        },
        {
            "source": "возрастать рискразвитие",
            "target": "нарушение ритм сердце"
        },
        {
            "source": "увеличивать риск развитие",
            "target": "гипокалиемия"
        },
        {
            "source": "глюкокортикостероид",
            "target": "фуросемид"
        },
        {
            "source": "карбеноксолон",
            "target": "фуросемид"
        },
        {
            "source": "препарат солодка",
            "target": "фуросемид"
        },
        {
            "source": "увеличиваться риск развитие они",
            "target": "нефротоксический действие"
        },
        {
            "source": "увеличиваться риск",
            "target": "нефротоксический"
        },
        {
            "source": "цефалоспорин",
            "target": "фуросемид"
        },
        {
            "source": "нестероидный противовоспалительный препарат (нпвп) нпвп",
            "target": "мочь уменьшить диуретический действие"
        },
        {
            "source": "мочь уменьшить диуретический действие",
            "target": "фуросемид"
        },
        {
            "source": "нпвп",
            "target": "острый почечный недостаточность"
        },
        {
            "source": "нпвп",
            "target": "фуросемид"
        },
        {
            "source": "мочь увеличивать",
            "target": "токсичность"
        },
        {
            "source": "токсичность",
            "target": "салицилат"
        },
        {
            "source": "фенитоин",
            "target": "уменьшение диуретический действие"
        },
        {
            "source": "уменьшение диуретический действие",
            "target": "фуросемид"
        },
        {
            "source": "алискирена",
            "target": "снижать концентрация"
        },
        {
            "source": "алискирена",
            "target": "рекомендоваться контролировать снижение"
        },
        {
            "source": "снижать концентрация",
            "target": "фуросемид"
        },
        {
            "source": "рекомендоваться контролировать снижение",
            "target": "диуретический эффект"
        },
        {
            "source": "более",
            "target": "снижение артериальный давление"
        },
        {
            "source": "гипотензивный средство",
            "target": "фуросемид"
        },
        {
            "source": "мочь снижать эффективность",
            "target": "фуросемид"
        },
        {
            "source": "мочь снижать эффективность",
            "target": "метотрексат"
        },
        {
            "source": "применение высокий доза",
            "target": "мочь привести к увеличение они концентрация"
        },
        {
            "source": "применение высокий доза",
            "target": "повышение риск возникновение"
        },
        {
            "source": "повышение риск возникновение",
            "target": "нежелательный реакция"
        },
        {
            "source": "нежелательный реакция",
            "target": "фуросемид"
        },
        {
            "source": "ослабление эффект",
            "target": "фуросемид"
        },
        {
            "source": "гипогликемический средство",
            "target": "ослабление эффект"
        },
        {
            "source": "прессорный амин",
            "target": "ослабление эффект"
        },
        {
            "source": "курареподобный миорелаксант",
            "target": "усиление эффект"
        },
        {
            "source": "усиление эффект",
            "target": "фуросемид"
        },
        {
            "source": "теофиллин",
            "target": "усиление эффект"
        },
        {
            "source": "диазоксина",
            "target": "усиление эффект"
        },
        {
            "source": "сукралъфат",
            "target": "уменьшение"
        },
        {
            "source": "сукралъфат",
            "target": "ослабление он эффект"
        },
        {
            "source": "уменьшение",
            "target": "всасывание"
        },
        {
            "source": "всасывание",
            "target": "фуросемид"
        },
        {
            "source": "циклоспорин а",
            "target": "фуросемид"
        },
        {
            "source": "увеличиваться риск развитие",
            "target": "подагрический артрит"
        },
        {
            "source": "увеличиваться риск развитие",
            "target": "нарушение экскреция урат почка"
        },
        {
            "source": "подагрический артрит",
            "target": "гиперурикемия"
        },
        {
            "source": "гиперурикемия",
            "target": "фуросемид"
        },
        {
            "source": "нарушение экскреция урат почка",
            "target": "циклоспорин"
        },
        {
            "source": "нефропатия",
            "target": "рентгеноконтрастный препарат"
        },
        {
            "source": "рентгеноконтрастный препарат",
            "target": "фуросемид"
        },
        {
            "source": "рентгеноконтрастный препарат",
            "target": "рентгеноконтраст-индуцировать нефропатия"
        },
        {
            "source": "нарушение функция почка",
            "target": "рентгеноконтрастный препарат"
        }
    ]
}