{
    "directed": true,
    "multigraph": false,
    "graph": {},
    "nodes": [
        {
            "label": "group",
            "weight": 5,
            "id": "средства, действовать на ренинангиотензиновый система"
        },
        {
            "label": "group",
            "weight": 5,
            "id": "ингибитор ангиотензинпревращать фермент (апф"
        },
        {
            "label": "prepare",
            "weight": 5,
            "id": "эналаприть"
        },
        {
            "label": "group",
            "weight": 5,
            "id": "ингибитор апф"
        },
        {
            "label": "group",
            "weight": 5,
            "id": "гипотензивный средство"
        },
        {
            "label": "group",
            "weight": 5,
            "id": "диуретик"
        },
        {
            "label": "action",
            "weight": 5,
            "id": "применяться для лечение"
        },
        {
            "label": "action",
            "weight": 5,
            "id": "предупреждение развитие"
        },
        {
            "label": "illness",
            "weight": 5,
            "id": "сердечный недостаточность"
        },
        {
            "label": "absorbtion",
            "weight": 5,
            "id": "внутрь"
        },
        {
            "label": "absorbtion",
            "weight": 5,
            "id": "быстро всасываться"
        },
        {
            "label": "metabol",
            "weight": 5,
            "id": "гидролизоваться"
        },
        {
            "label": "prepare",
            "weight": 5,
            "id": "эналаприлат"
        },
        {
            "label": "noun",
            "weight": 5,
            "id": "высокоспецифичный"
        },
        {
            "label": "noun",
            "weight": 5,
            "id": "длительно действовать"
        },
        {
            "label": "hormone",
            "weight": 5,
            "id": "апф"
        },
        {
            "label": "mechanism",
            "weight": 5,
            "id": "катализировать превращение ангитотензин i в прессорный пептид ангиотензин ii"
        },
        {
            "label": "mechanism",
            "weight": 5,
            "id": "ингибировать апф"
        },
        {
            "label": "mechanism",
            "weight": 5,
            "id": "ингибирование апф"
        },
        {
            "label": "action",
            "weight": 5,
            "id": "снижение концентрация ангиотензин ii в плазма кровь"
        },
        {
            "label": "action",
            "weight": 5,
            "id": "влечь за себя увеличение активность ренин плазма кровь"
        },
        {
            "label": "action",
            "weight": 5,
            "id": "вследствие устранение отрицательный обратный связь в ответ на высвобождение ренин"
        },
        {
            "label": "mechanism",
            "weight": 5,
            "id": "мочь блокировать разрушение брадикинин"
        },
        {
            "label": "noun",
            "weight": 5,
            "id": "пептид"
        },
        {
            "label": "action",
            "weight": 5,
            "id": "обладать выраженный вазодилатировать действие"
        },
        {
            "label": "mechanism",
            "weight": 5,
            "id": "подавление активность раас, играть важный роль в регулирование (ад"
        },
        {
            "label": "action",
            "weight": 5,
            "id": "снижать артериальный давление (ад"
        },
        {
            "label": "action",
            "weight": 5,
            "id": "антигипертензивный действие"
        },
        {
            "label": "illness",
            "weight": 5,
            "id": "ага"
        },
        {
            "label": "action",
            "weight": 5,
            "id": "снижение ад"
        },
        {
            "label": "noun",
            "weight": 5,
            "id": "положение «стоя"
        },
        {
            "label": "noun",
            "weight": 5,
            "id": "в положение лёжа"
        },
        {
            "label": "noun",
            "weight": 5,
            "id": "без значимый увеличение частота сердечный сокращение (чсс"
        },
        {
            "label": "mechanism",
            "weight": 5,
            "id": "ингибирование активность апф"
        },
        {
            "label": "action",
            "weight": 5,
            "id": "увеличение почечный кровоток"
        },
        {
            "label": "illness",
            "weight": 5,
            "id": "эссенциальный гипертензия"
        },
        {
            "label": "illness",
            "weight": 5,
            "id": "почечный недостаточность"
        },
        {
            "label": "action",
            "weight": 5,
            "id": "мочь привести"
        },
        {
            "label": "action",
            "weight": 5,
            "id": "улучшение функция почка"
        },
        {
            "label": "action",
            "weight": 5,
            "id": "увеличение скф"
        },
        {
            "label": "illness",
            "weight": 5,
            "id": "сахарный диабет"
        },
        {
            "label": "action",
            "weight": 5,
            "id": "снижение альбуминурия"
        },
        {
            "label": "action",
            "weight": 5,
            "id": "выведение почка igg"
        },
        {
            "label": "action",
            "weight": 5,
            "id": "снижение общий белок в моча"
        },
        {
            "label": "noun",
            "weight": 5,
            "id": "одновременный применение"
        },
        {
            "label": "group",
            "weight": 5,
            "id": "тиазидный диуретик"
        },
        {
            "label": "action",
            "weight": 5,
            "id": "выраженный антигипертензивный действие"
        },
        {
            "label": "action",
            "weight": 5,
            "id": "уменьшать"
        },
        {
            "label": "action",
            "weight": 5,
            "id": "предупреждать развитие"
        },
        {
            "label": "side_e",
            "weight": 5,
            "id": "гипокалиемия"
        },
        {
            "label": "group",
            "weight": 5,
            "id": "сердечный гликозид"
        },
        {
            "label": "action",
            "weight": 5,
            "id": "снижение общий периферический сопротивление и ад"
        },
        {
            "label": "illness",
            "weight": 5,
            "id": "сн"
        },
        {
            "label": "action",
            "weight": 5,
            "id": "замедлять прогрессирование дилатация сердце и сн"
        },
        {
            "label": "action",
            "weight": 5,
            "id": "снижение конечно-диастолический и систолический объём левый желудочек"
        },
        {
            "label": "action",
            "weight": 5,
            "id": "улучшение фракция выброс левый желудочек"
        },
        {
            "label": "action",
            "weight": 5,
            "id": "уменьшать частота желудочковый аритмия"
        },
        {
            "label": "absorbtion",
            "weight": 5,
            "id": "всасываться в желудочно-кишечный тракт"
        },
        {
            "label": "action",
            "weight": 5,
            "id": "одновременный"
        },
        {
            "label": "prepare",
            "weight": 5,
            "id": "нитроглицерин"
        },
        {
            "label": "group",
            "weight": 5,
            "id": "нитропрепарат"
        },
        {
            "label": "action",
            "weight": 5,
            "id": "усиливать антигипертензивный эффект"
        },
        {
            "label": "action",
            "weight": 5,
            "id": "ослаблять вызвать"
        },
        {
            "label": "action",
            "weight": 5,
            "id": "потеря калий"
        },
        {
            "label": "action",
            "weight": 5,
            "id": "мочь снижать"
        },
        {
            "label": "action",
            "weight": 5,
            "id": "выведение"
        },
        {
            "label": "prepare",
            "weight": 5,
            "id": "литий"
        },
        {
            "label": "noun",
            "weight": 5,
            "id": "почка"
        },
        {
            "label": "prepare",
            "weight": 5,
            "id": "этанол"
        },
        {
            "label": "action",
            "weight": 5,
            "id": "усиливать"
        },
        {
            "label": "action",
            "weight": 5,
            "id": "можно применять одновременно"
        },
        {
            "label": "prepare",
            "weight": 5,
            "id": "ацетилсалициловый кислота"
        },
        {
            "label": "group",
            "weight": 5,
            "id": "симпатомиметик"
        },
        {
            "label": "action",
            "weight": 5,
            "id": "мочь снижать антигипертензивный эффект"
        },
        {
            "label": "group",
            "weight": 5,
            "id": "нестероидный противовоспалительный препарат (нпвп) нпвп"
        },
        {
            "label": "action",
            "weight": 5,
            "id": "мочь"
        },
        {
            "label": "action",
            "weight": 5,
            "id": "снижать эффект"
        },
        {
            "label": "group",
            "weight": 5,
            "id": "лекарственный средства, влиять на paac"
        },
        {
            "label": "recomendation",
            "weight": 5,
            "id": "необходимый регулярный контроль ад, функция почка и содержание электролит в кровь у пациент"
        },
        {
            "label": "group",
            "weight": 5,
            "id": "алискиренсодержащий препарат"
        },
        {
            "label": "banned",
            "weight": 5,
            "id": "противопоказанный"
        },
        {
            "label": "illness",
            "weight": 5,
            "id": "нарушение функция почка"
        },
        {
            "label": "group",
            "weight": 5,
            "id": "ара ii"
        },
        {
            "label": "illness",
            "weight": 5,
            "id": "диабетический нефропатия"
        },
        {
            "label": "noun",
            "weight": 5,
            "id": "не"
        },
        {
            "label": "recomendation",
            "weight": 5,
            "id": "рекомендоваться у другой пациент"
        },
        {
            "label": "action",
            "weight": 5,
            "id": "повышенный риска развитие"
        },
        {
            "label": "side_e",
            "weight": 5,
            "id": "ангионевротический отёк"
        },
        {
            "label": "group",
            "weight": 5,
            "id": "ингибитор нейтральный эндопептидаза (нэп) 22"
        },
        {
            "label": "group",
            "weight": 5,
            "id": "препаратами, содержать сакубитрил"
        },
        {
            "label": "action",
            "weight": 5,
            "id": "возрастать риск развитие"
        }
    ],
    "links": [
        {
            "source": "средства, действовать на ренинангиотензиновый система",
            "target": "ингибитор ангиотензинпревращать фермент (апф"
        },
        {
            "source": "эналаприть",
            "target": "ингибитор апф"
        },
        {
            "source": "эналаприть",
            "target": "применяться для лечение"
        },
        {
            "source": "эналаприть",
            "target": "предупреждение развитие"
        },
        {
            "source": "эналаприть",
            "target": "внутрь"
        },
        {
            "source": "эналаприть",
            "target": "быстро всасываться"
        },
        {
            "source": "эналаприть",
            "target": "гидролизоваться"
        },
        {
            "source": "эналаприть",
            "target": "мочь блокировать разрушение брадикинин"
        },
        {
            "source": "эналаприть",
            "target": "подавление активность раас, играть важный роль в регулирование (ад"
        },
        {
            "source": "эналаприть",
            "target": "антигипертензивный действие"
        },
        {
            "source": "эналаприть",
            "target": "ага"
        },
        {
            "source": "эналаприть",
            "target": "снижение ад"
        },
        {
            "source": "эналаприть",
            "target": "ингибирование активность апф"
        },
        {
            "source": "эналаприть",
            "target": "увеличение почечный кровоток"
        },
        {
            "source": "эналаприть",
            "target": "эссенциальный гипертензия"
        },
        {
            "source": "эналаприть",
            "target": "почечный недостаточность"
        },
        {
            "source": "эналаприть",
            "target": "мочь привести"
        },
        {
            "source": "эналаприть",
            "target": "сахарный диабет"
        },
        {
            "source": "эналаприть",
            "target": "снижение альбуминурия"
        },
        {
            "source": "эналаприть",
            "target": "выведение почка igg"
        },
        {
            "source": "эналаприть",
            "target": "снижение общий белок в моча"
        },
        {
            "source": "эналаприть",
            "target": "одновременный применение"
        },
        {
            "source": "эналаприть",
            "target": "уменьшать"
        },
        {
            "source": "эналаприть",
            "target": "предупреждать развитие"
        },
        {
            "source": "эналаприть",
            "target": "сердечный гликозид"
        },
        {
            "source": "эналаприть",
            "target": "диуретик"
        },
        {
            "source": "эналаприть",
            "target": "снижение общий периферический сопротивление и ад"
        },
        {
            "source": "эналаприть",
            "target": "сн"
        },
        {
            "source": "эналаприть",
            "target": "замедлять прогрессирование дилатация сердце и сн"
        },
        {
            "source": "эналаприть",
            "target": "уменьшать частота желудочковый аритмия"
        },
        {
            "source": "эналаприть",
            "target": "всасываться в желудочно-кишечный тракт"
        },
        {
            "source": "эналаприть",
            "target": "одновременный"
        },
        {
            "source": "эналаприть",
            "target": "можно применять одновременно"
        },
        {
            "source": "эналаприть",
            "target": "лекарственный средства, влиять на paac"
        },
        {
            "source": "ингибитор апф",
            "target": "ослаблять вызвать"
        },
        {
            "source": "ингибитор апф",
            "target": "мочь снижать"
        },
        {
            "source": "ингибитор апф",
            "target": "повышенный риска развитие"
        },
        {
            "source": "ингибитор апф",
            "target": "препаратами, содержать сакубитрил"
        },
        {
            "source": "гипотензивный средство",
            "target": "диуретик"
        },
        {
            "source": "диуретик",
            "target": "потеря калий"
        },
        {
            "source": "применяться для лечение",
            "target": "сердечный недостаточность"
        },
        {
            "source": "гидролизоваться",
            "target": "эналаприлат"
        },
        {
            "source": "эналаприлат",
            "target": "высокоспецифичный"
        },
        {
            "source": "эналаприлат",
            "target": "ингибитор апф"
        },
        {
            "source": "эналаприлат",
            "target": "ингибировать апф"
        },
        {
            "source": "высокоспецифичный",
            "target": "длительно действовать"
        },
        {
            "source": "апф",
            "target": "катализировать превращение ангитотензин i в прессорный пептид ангиотензин ii"
        },
        {
            "source": "ингибирование апф",
            "target": "снижение концентрация ангиотензин ii в плазма кровь"
        },
        {
            "source": "снижение концентрация ангиотензин ii в плазма кровь",
            "target": "влечь за себя увеличение активность ренин плазма кровь"
        },
        {
            "source": "влечь за себя увеличение активность ренин плазма кровь",
            "target": "вследствие устранение отрицательный обратный связь в ответ на высвобождение ренин"
        },
        {
            "source": "мочь блокировать разрушение брадикинин",
            "target": "пептид"
        },
        {
            "source": "пептид",
            "target": "обладать выраженный вазодилатировать действие"
        },
        {
            "source": "подавление активность раас, играть важный роль в регулирование (ад",
            "target": "снижать артериальный давление (ад"
        },
        {
            "source": "антигипертензивный действие",
            "target": "ага"
        },
        {
            "source": "снижение ад",
            "target": "положение «стоя"
        },
        {
            "source": "снижение ад",
            "target": "в положение лёжа"
        },
        {
            "source": "снижение ад",
            "target": "без значимый увеличение частота сердечный сокращение (чсс"
        },
        {
            "source": "улучшение функция почка",
            "target": "увеличение скф"
        },
        {
            "source": "одновременный применение",
            "target": "тиазидный диуретик"
        },
        {
            "source": "одновременный применение",
            "target": "ингибитор апф"
        },
        {
            "source": "одновременный применение",
            "target": "алискиренсодержащий препарат"
        },
        {
            "source": "одновременный применение",
            "target": "противопоказанный"
        },
        {
            "source": "одновременный применение",
            "target": "ара ii"
        },
        {
            "source": "одновременный применение",
            "target": "диабетический нефропатия"
        },
        {
            "source": "одновременный применение",
            "target": "не"
        },
        {
            "source": "тиазидный диуретик",
            "target": "выраженный антигипертензивный действие"
        },
        {
            "source": "уменьшать",
            "target": "гипокалиемия"
        },
        {
            "source": "замедлять прогрессирование дилатация сердце и сн",
            "target": "снижение конечно-диастолический и систолический объём левый желудочек"
        },
        {
            "source": "замедлять прогрессирование дилатация сердце и сн",
            "target": "улучшение фракция выброс левый желудочек"
        },
        {
            "source": "одновременный",
            "target": "усиливать антигипертензивный эффект"
        },
        {
            "source": "нитроглицерин",
            "target": "нитропрепарат"
        },
        {
            "source": "нитропрепарат",
            "target": "одновременный"
        },
        {
            "source": "ослаблять вызвать",
            "target": "диуретик"
        },
        {
            "source": "мочь снижать",
            "target": "выведение"
        },
        {
            "source": "выведение",
            "target": "литий"
        },
        {
            "source": "выведение",
            "target": "почка"
        },
        {
            "source": "этанол",
            "target": "усиливать"
        },
        {
            "source": "усиливать",
            "target": "ингибитор апф"
        },
        {
            "source": "можно применять одновременно",
            "target": "ацетилсалициловый кислота"
        },
        {
            "source": "симпатомиметик",
            "target": "мочь снижать антигипертензивный эффект"
        },
        {
            "source": "мочь снижать антигипертензивный эффект",
            "target": "ингибитор апф"
        },
        {
            "source": "нестероидный противовоспалительный препарат (нпвп) нпвп",
            "target": "мочь"
        },
        {
            "source": "мочь",
            "target": "снижать эффект"
        },
        {
            "source": "снижать эффект",
            "target": "диуретик"
        },
        {
            "source": "лекарственный средства, влиять на paac",
            "target": "необходимый регулярный контроль ад, функция почка и содержание электролит в кровь у пациент"
        },
        {
            "source": "противопоказанный",
            "target": "сахарный диабет"
        },
        {
            "source": "противопоказанный",
            "target": "нарушение функция почка"
        },
        {
            "source": "не",
            "target": "рекомендоваться у другой пациент"
        },
        {
            "source": "повышенный риска развитие",
            "target": "ангионевротический отёк"
        },
        {
            "source": "ангионевротический отёк",
            "target": "одновременный применение"
        },
        {
            "source": "ингибитор нейтральный эндопептидаза (нэп) 22",
            "target": "повышенный риска развитие"
        },
        {
            "source": "препаратами, содержать сакубитрил",
            "target": "возрастать риск развитие"
        },
        {
            "source": "возрастать риск развитие",
            "target": "ангионевротический отёк"
        }
    ]
}