{
    "directed": true,
    "multigraph": false,
    "graph": {},
    "nodes": [
        {
            "label": "group",
            "weight": 5,
            "id": "средство для лечение заболевание сердце"
        },
        {
            "label": "group",
            "weight": 5,
            "id": "вазодилататор для лечение заболевание сердце"
        },
        {
            "label": "group",
            "weight": 5,
            "id": "органический нитрат"
        },
        {
            "label": "prepare",
            "weight": 5,
            "id": "нитроглицерин"
        },
        {
            "label": "group",
            "weight": 5,
            "id": "органический азотсодержащий соединение"
        },
        {
            "label": "action",
            "weight": 5,
            "id": "венодилатировать действие"
        },
        {
            "label": "mechanism",
            "weight": 5,
            "id": "высвобождать из свой молекула оксид азот"
        },
        {
            "label": "mechanism",
            "weight": 5,
            "id": "эндотелиальный релаксировать фактор"
        },
        {
            "label": "prepare",
            "weight": 5,
            "id": "оксид азот"
        },
        {
            "label": "mechanism",
            "weight": 5,
            "id": "повышать внутриклеточный концентрация циклический гуанозинмонофосфатаз"
        },
        {
            "label": "mechanism",
            "weight": 5,
            "id": "предотвращать проникновение ион кальций в гладкомышечный клетка"
        },
        {
            "label": "action",
            "weight": 5,
            "id": "вызывать они расслабление"
        },
        {
            "label": "noun",
            "weight": 5,
            "id": "расслабление гладкий мышца сосудистый стенка"
        },
        {
            "label": "action",
            "weight": 5,
            "id": "вызывать расширение сосуд"
        },
        {
            "label": "action",
            "weight": 5,
            "id": "снижать"
        },
        {
            "label": "noun",
            "weight": 5,
            "id": "венозный возврат к сердце (преднагрузка"
        },
        {
            "label": "noun",
            "weight": 5,
            "id": "сопротивление большой круг кровообращение (постнагрузка"
        },
        {
            "label": "action",
            "weight": 5,
            "id": "уменьшать"
        },
        {
            "label": "noun",
            "weight": 5,
            "id": "работа сердце"
        },
        {
            "label": "noun",
            "weight": 5,
            "id": "потребность миокард в кислород"
        },
        {
            "label": "noun",
            "weight": 5,
            "id": "расширение коронарный сосуд"
        },
        {
            "label": "action",
            "weight": 5,
            "id": "улучшать коронарный кровоток"
        },
        {
            "label": "action",
            "weight": 5,
            "id": "способствовать он перераспределение в область с снизить кровообращение"
        },
        {
            "label": "action",
            "weight": 5,
            "id": "увеличивать доставка кислород в миокард"
        },
        {
            "label": "noun",
            "weight": 5,
            "id": "уменьшение венозный возврат"
        },
        {
            "label": "action",
            "weight": 5,
            "id": "приводить"
        },
        {
            "label": "action",
            "weight": 5,
            "id": "к снижение давление наполнение"
        },
        {
            "label": "action",
            "weight": 5,
            "id": "улучшение кровоснабжение субэндокардиальный слой"
        },
        {
            "label": "action",
            "weight": 5,
            "id": "снижение давление в малый круг кровообращение"
        },
        {
            "label": "action",
            "weight": 5,
            "id": "регрессия симптом при отёк лёгкий"
        },
        {
            "label": "mechanism",
            "weight": 5,
            "id": "оказывать центральный тормозить влияние на симпатический тонус сосуд"
        },
        {
            "label": "mechanism",
            "weight": 5,
            "id": "угнетать сосудистый 1 компонент формирование болевой синдром"
        },
        {
            "label": "action",
            "weight": 5,
            "id": "расслаблять"
        },
        {
            "label": "noun",
            "weight": 5,
            "id": "гладкомышечный клетка бронх"
        },
        {
            "label": "noun",
            "weight": 5,
            "id": "мочевыводящий путь"
        },
        {
            "label": "noun",
            "weight": 5,
            "id": "жёлчный пузырь"
        },
        {
            "label": "noun",
            "weight": 5,
            "id": "жёлчный проток"
        },
        {
            "label": "noun",
            "weight": 5,
            "id": "пищевод"
        },
        {
            "label": "noun",
            "weight": 5,
            "id": "тонкий и толстой кишечник"
        },
        {
            "label": "absorbtion",
            "weight": 5,
            "id": "сублингвальный применение быстро и полностью всасываться из полость рот в системный кровоток"
        },
        {
            "label": "noun",
            "weight": 5,
            "id": "одновременный применение"
        },
        {
            "label": "group",
            "weight": 5,
            "id": "с стимулятор растворимый гуанилатциклаз"
        },
        {
            "label": "illness",
            "weight": 5,
            "id": "состояние с повышенный внутричерепной давление"
        },
        {
            "label": "condition",
            "weight": 5,
            "id": "кровоизлияние в мозг"
        },
        {
            "label": "prepare",
            "weight": 5,
            "id": "риоцигуат"
        },
        {
            "label": "side_e",
            "weight": 5,
            "id": "головокружение"
        },
        {
            "label": "condition",
            "weight": 5,
            "id": "в т.ч. постуральной"
        },
        {
            "label": "side_e",
            "weight": 5,
            "id": "коллапс"
        },
        {
            "label": "condition",
            "weight": 5,
            "id": "иногда сопровождаться брадиаритмия и обморок"
        },
        {
            "label": "side_e",
            "weight": 5,
            "id": "выраженный артериальный гипотензия"
        },
        {
            "label": "side_e",
            "weight": 5,
            "id": "сопровождаться тошнота"
        },
        {
            "label": "side_e",
            "weight": 5,
            "id": "вызвать преходящий гипоксемия"
        },
        {
            "label": "noun",
            "weight": 5,
            "id": "длительный применение препарат"
        },
        {
            "label": "action",
            "weight": 5,
            "id": "вследствие относительный перераспределение кровоток в гиповентилировать альвеолярный участок"
        },
        {
            "label": "condition",
            "weight": 5,
            "id": "у пациент с ишемический болезнь сердце"
        },
        {
            "label": "action",
            "weight": 5,
            "id": "мочь приводить"
        },
        {
            "label": "side_e",
            "weight": 5,
            "id": "гипоксия миокард"
        },
        {
            "label": "group",
            "weight": 5,
            "id": "ингибитор фдэ-5"
        },
        {
            "label": "illness",
            "weight": 5,
            "id": "эректильный дисфункция"
        },
        {
            "label": "prepare",
            "weight": 5,
            "id": "силденафить"
        },
        {
            "label": "prepare",
            "weight": 5,
            "id": "варденафить"
        },
        {
            "label": "prepare",
            "weight": 5,
            "id": "тадалафила"
        },
        {
            "label": "prepare",
            "weight": 5,
            "id": "уденафила"
        },
        {
            "label": "action",
            "weight": 5,
            "id": "потенцировать антигипертензивный эффект"
        },
        {
            "label": "side_e",
            "weight": 5,
            "id": "артериальный гипотензия"
        },
        {
            "label": "side_e",
            "weight": 5,
            "id": "потеря сознание"
        },
        {
            "label": "recomendation",
            "weight": 5,
            "id": "противопоказанный"
        },
        {
            "label": "action",
            "weight": 5,
            "id": "мочь потенцировать антигипертензивный эффект"
        },
        {
            "label": "group",
            "weight": 5,
            "id": "стимулятор растворимый гуанилатциклаз"
        },
        {
            "label": "prepare",
            "weight": 5,
            "id": "сапроптерин"
        },
        {
            "label": "action",
            "weight": 5,
            "id": "увеличивать риск развитие"
        },
        {
            "label": "action",
            "weight": 5,
            "id": "в связь с потенцирование синтез дополнительный количество оксид азот"
        },
        {
            "label": "attention",
            "weight": 5,
            "id": "при одновременный применение"
        },
        {
            "label": "group",
            "weight": 5,
            "id": "вазодилататор"
        },
        {
            "label": "group",
            "weight": 5,
            "id": "гипотензивный препарат"
        },
        {
            "label": "group",
            "weight": 5,
            "id": "бета-адреноблокатор"
        },
        {
            "label": "group",
            "weight": 5,
            "id": "блокатор «медленных» кальциевый канал"
        },
        {
            "label": "group",
            "weight": 5,
            "id": "ингибитор ангиотензинпревращать фермент (апф"
        },
        {
            "label": "group",
            "weight": 5,
            "id": "диуретик"
        },
        {
            "label": "prepare",
            "weight": 5,
            "id": "прокаинамид"
        },
        {
            "label": "group",
            "weight": 5,
            "id": "нейролептик"
        },
        {
            "label": "group",
            "weight": 5,
            "id": "трициклический антидепрессант"
        },
        {
            "label": "group",
            "weight": 5,
            "id": "ингибитор моноаминоксидаза (мао"
        },
        {
            "label": "prepare",
            "weight": 5,
            "id": "этанол"
        },
        {
            "label": "side_e",
            "weight": 5,
            "id": "усиление антигипертензивный действие"
        },
        {
            "label": "side_e",
            "weight": 5,
            "id": "ортостатический коллапс"
        },
        {
            "label": "prepare",
            "weight": 5,
            "id": "изосорбид динитрат"
        },
        {
            "label": "group",
            "weight": 5,
            "id": "пролонгировать нитрат"
        },
        {
            "label": "prepare",
            "weight": 5,
            "id": "изосорбид мононитрат"
        },
        {
            "label": "action",
            "weight": 5,
            "id": "снижать тромболитический эффект"
        },
        {
            "label": "prepare",
            "weight": 5,
            "id": "алтеплаз"
        },
        {
            "label": "action",
            "weight": 5,
            "id": "снижать эффективность"
        },
        {
            "label": "prepare",
            "weight": 5,
            "id": "гепарин натрий"
        },
        {
            "label": "action",
            "weight": 5,
            "id": "существенно снижать метаболизм"
        },
        {
            "label": "prepare",
            "weight": 5,
            "id": "дигидроэрготамин"
        },
        {
            "label": "action",
            "weight": 5,
            "id": "увеличение концентрация"
        },
        {
            "label": "prepare",
            "weight": 5,
            "id": "эрготамин"
        },
        {
            "label": "action",
            "weight": 5,
            "id": "провоцировать приступ"
        },
        {
            "label": "illness",
            "weight": 5,
            "id": "стенокардия"
        },
        {
            "label": "prepare",
            "weight": 5,
            "id": "амитриптилин"
        },
        {
            "label": "group",
            "weight": 5,
            "id": "антихолинергический лекарственный средство"
        },
        {
            "label": "prepare",
            "weight": 5,
            "id": "дезипрамин"
        },
        {
            "label": "prepare",
            "weight": 5,
            "id": "доксепин"
        },
        {
            "label": "prepare",
            "weight": 5,
            "id": "атропин"
        },
        {
            "label": "group",
            "weight": 5,
            "id": "антихолинергический препарат"
        },
        {
            "label": "side_e",
            "weight": 5,
            "id": "сухость в рот"
        },
        {
            "label": "side_e",
            "weight": 5,
            "id": "уменьшать выделение слюна"
        },
        {
            "label": "action",
            "weight": 5,
            "id": "затруднять растворение таблетка нитроглицерин при подъязычный применение и снизить биодоступность"
        },
        {
            "label": "prepare",
            "weight": 5,
            "id": "амиодарон"
        },
        {
            "label": "prepare",
            "weight": 5,
            "id": "пропранолол"
        },
        {
            "label": "action",
            "weight": 5,
            "id": "возможно усиление антиангинальный действие"
        },
        {
            "label": "group",
            "weight": 5,
            "id": "бета-адреномиметик"
        },
        {
            "label": "group",
            "weight": 5,
            "id": "альфаадреноблокатор"
        },
        {
            "label": "action",
            "weight": 5,
            "id": "снижение выраженность антиангинальный действие"
        },
        {
            "label": "action",
            "weight": 5,
            "id": "мочь снижать терапевтический эффект"
        },
        {
            "label": "prepare",
            "weight": 5,
            "id": "норэпинефрино"
        },
        {
            "label": "group",
            "weight": 5,
            "id": "барбитурат"
        },
        {
            "label": "action",
            "weight": 5,
            "id": "ускорять метаболизм и снижать концентрация"
        },
        {
            "label": "group",
            "weight": 5,
            "id": "нитросоединение"
        },
        {
            "label": "group",
            "weight": 5,
            "id": "салицилат"
        },
        {
            "label": "action",
            "weight": 5,
            "id": "повышать содержание"
        },
        {
            "label": "prepare",
            "weight": 5,
            "id": "каптоприть"
        },
        {
            "label": "group",
            "weight": 5,
            "id": "донатор сульфгидрильный группа"
        },
        {
            "label": "prepare",
            "weight": 5,
            "id": "ацетилцистеин"
        },
        {
            "label": "prepare",
            "weight": 5,
            "id": "унитиол"
        },
        {
            "label": "action",
            "weight": 5,
            "id": "восстанавливать снизить чувствительность"
        },
        {
            "label": "action",
            "weight": 5,
            "id": "мочь усиливать сосудорасширяющий действие"
        }
    ],
    "links": [
        {
            "source": "средство для лечение заболевание сердце",
            "target": "вазодилататор для лечение заболевание сердце"
        },
        {
            "source": "вазодилататор для лечение заболевание сердце",
            "target": "органический нитрат"
        },
        {
            "source": "органический нитрат",
            "target": "выраженный артериальный гипотензия"
        },
        {
            "source": "органический нитрат",
            "target": "сопровождаться тошнота"
        },
        {
            "source": "нитроглицерин",
            "target": "органический азотсодержащий соединение"
        },
        {
            "source": "нитроглицерин",
            "target": "венодилатировать действие"
        },
        {
            "source": "нитроглицерин",
            "target": "высвобождать из свой молекула оксид азот"
        },
        {
            "source": "нитроглицерин",
            "target": "эндотелиальный релаксировать фактор"
        },
        {
            "source": "нитроглицерин",
            "target": "оказывать центральный тормозить влияние на симпатический тонус сосуд"
        },
        {
            "source": "нитроглицерин",
            "target": "расслаблять"
        },
        {
            "source": "нитроглицерин",
            "target": "сублингвальный применение быстро и полностью всасываться из полость рот в системный кровоток"
        },
        {
            "source": "нитроглицерин",
            "target": "ингибитор фдэ-5"
        },
        {
            "source": "нитроглицерин",
            "target": "мочь потенцировать антигипертензивный эффект"
        },
        {
            "source": "нитроглицерин",
            "target": "вазодилататор"
        },
        {
            "source": "нитроглицерин",
            "target": "гипотензивный препарат"
        },
        {
            "source": "нитроглицерин",
            "target": "бета-адреноблокатор"
        },
        {
            "source": "нитроглицерин",
            "target": "блокатор «медленных» кальциевый канал"
        },
        {
            "source": "нитроглицерин",
            "target": "ингибитор ангиотензинпревращать фермент (апф"
        },
        {
            "source": "нитроглицерин",
            "target": "диуретик"
        },
        {
            "source": "нитроглицерин",
            "target": "прокаинамид"
        },
        {
            "source": "нитроглицерин",
            "target": "нейролептик"
        },
        {
            "source": "нитроглицерин",
            "target": "трициклический антидепрессант"
        },
        {
            "source": "нитроглицерин",
            "target": "ингибитор моноаминоксидаза (мао"
        },
        {
            "source": "нитроглицерин",
            "target": "этанол"
        },
        {
            "source": "нитроглицерин",
            "target": "усиление антигипертензивный действие"
        },
        {
            "source": "нитроглицерин",
            "target": "снижать тромболитический эффект"
        },
        {
            "source": "нитроглицерин",
            "target": "снижать эффективность"
        },
        {
            "source": "нитроглицерин",
            "target": "существенно снижать метаболизм"
        },
        {
            "source": "нитроглицерин",
            "target": "дигидроэрготамин"
        },
        {
            "source": "нитроглицерин",
            "target": "амиодарон"
        },
        {
            "source": "нитроглицерин",
            "target": "пропранолол"
        },
        {
            "source": "нитроглицерин",
            "target": "мочь снижать терапевтический эффект"
        },
        {
            "source": "оксид азот",
            "target": "повышать внутриклеточный концентрация циклический гуанозинмонофосфатаз"
        },
        {
            "source": "повышать внутриклеточный концентрация циклический гуанозинмонофосфатаз",
            "target": "предотвращать проникновение ион кальций в гладкомышечный клетка"
        },
        {
            "source": "предотвращать проникновение ион кальций в гладкомышечный клетка",
            "target": "вызывать они расслабление"
        },
        {
            "source": "расслабление гладкий мышца сосудистый стенка",
            "target": "вызывать расширение сосуд"
        },
        {
            "source": "вызывать расширение сосуд",
            "target": "снижать"
        },
        {
            "source": "снижать",
            "target": "венозный возврат к сердце (преднагрузка"
        },
        {
            "source": "снижать",
            "target": "сопротивление большой круг кровообращение (постнагрузка"
        },
        {
            "source": "уменьшать",
            "target": "работа сердце"
        },
        {
            "source": "уменьшать",
            "target": "потребность миокард в кислород"
        },
        {
            "source": "расширение коронарный сосуд",
            "target": "улучшать коронарный кровоток"
        },
        {
            "source": "расширение коронарный сосуд",
            "target": "способствовать он перераспределение в область с снизить кровообращение"
        },
        {
            "source": "расширение коронарный сосуд",
            "target": "увеличивать доставка кислород в миокард"
        },
        {
            "source": "уменьшение венозный возврат",
            "target": "приводить"
        },
        {
            "source": "приводить",
            "target": "к снижение давление наполнение"
        },
        {
            "source": "приводить",
            "target": "улучшение кровоснабжение субэндокардиальный слой"
        },
        {
            "source": "приводить",
            "target": "снижение давление в малый круг кровообращение"
        },
        {
            "source": "приводить",
            "target": "регрессия симптом при отёк лёгкий"
        },
        {
            "source": "угнетать сосудистый 1 компонент формирование болевой синдром",
            "target": "оказывать центральный тормозить влияние на симпатический тонус сосуд"
        },
        {
            "source": "расслаблять",
            "target": "гладкомышечный клетка бронх"
        },
        {
            "source": "расслаблять",
            "target": "мочевыводящий путь"
        },
        {
            "source": "расслаблять",
            "target": "жёлчный пузырь"
        },
        {
            "source": "расслаблять",
            "target": "жёлчный проток"
        },
        {
            "source": "расслаблять",
            "target": "пищевод"
        },
        {
            "source": "расслаблять",
            "target": "тонкий и толстой кишечник"
        },
        {
            "source": "одновременный применение",
            "target": "с стимулятор растворимый гуанилатциклаз"
        },
        {
            "source": "с стимулятор растворимый гуанилатциклаз",
            "target": "риоцигуат"
        },
        {
            "source": "состояние с повышенный внутричерепной давление",
            "target": "кровоизлияние в мозг"
        },
        {
            "source": "риоцигуат",
            "target": "стимулятор растворимый гуанилатциклаз"
        },
        {
            "source": "головокружение",
            "target": "в т.ч. постуральной"
        },
        {
            "source": "коллапс",
            "target": "иногда сопровождаться брадиаритмия и обморок"
        },
        {
            "source": "вызвать преходящий гипоксемия",
            "target": "длительный применение препарат"
        },
        {
            "source": "вследствие относительный перераспределение кровоток в гиповентилировать альвеолярный участок",
            "target": "вызвать преходящий гипоксемия"
        },
        {
            "source": "у пациент с ишемический болезнь сердце",
            "target": "мочь приводить"
        },
        {
            "source": "мочь приводить",
            "target": "гипоксия миокард"
        },
        {
            "source": "ингибитор фдэ-5",
            "target": "эректильный дисфункция"
        },
        {
            "source": "ингибитор фдэ-5",
            "target": "потенцировать антигипертензивный эффект"
        },
        {
            "source": "ингибитор фдэ-5",
            "target": "противопоказанный"
        },
        {
            "source": "силденафить",
            "target": "ингибитор фдэ-5"
        },
        {
            "source": "варденафить",
            "target": "ингибитор фдэ-5"
        },
        {
            "source": "тадалафила",
            "target": "ингибитор фдэ-5"
        },
        {
            "source": "уденафила",
            "target": "ингибитор фдэ-5"
        },
        {
            "source": "потенцировать антигипертензивный эффект",
            "target": "нитроглицерин"
        },
        {
            "source": "артериальный гипотензия",
            "target": "потеря сознание"
        },
        {
            "source": "артериальный гипотензия",
            "target": "в связь с потенцирование синтез дополнительный количество оксид азот"
        },
        {
            "source": "мочь потенцировать антигипертензивный эффект",
            "target": "стимулятор растворимый гуанилатциклаз"
        },
        {
            "source": "стимулятор растворимый гуанилатциклаз",
            "target": "артериальный гипотензия"
        },
        {
            "source": "сапроптерин",
            "target": "увеличивать риск развитие"
        },
        {
            "source": "увеличивать риск развитие",
            "target": "артериальный гипотензия"
        },
        {
            "source": "при одновременный применение",
            "target": "нитроглицерин"
        },
        {
            "source": "при одновременный применение",
            "target": "прокаинамид"
        },
        {
            "source": "при одновременный применение",
            "target": "ортостатический коллапс"
        },
        {
            "source": "при одновременный применение",
            "target": "бета-адреномиметик"
        },
        {
            "source": "блокатор «медленных» кальциевый канал",
            "target": "возможно усиление антиангинальный действие"
        },
        {
            "source": "прокаинамид",
            "target": "ортостатический коллапс"
        },
        {
            "source": "изосорбид динитрат",
            "target": "пролонгировать нитрат"
        },
        {
            "source": "изосорбид мононитрат",
            "target": "пролонгировать нитрат"
        },
        {
            "source": "снижать тромболитический эффект",
            "target": "алтеплаз"
        },
        {
            "source": "снижать эффективность",
            "target": "гепарин натрий"
        },
        {
            "source": "существенно снижать метаболизм",
            "target": "дигидроэрготамин"
        },
        {
            "source": "дигидроэрготамин",
            "target": "увеличение концентрация"
        },
        {
            "source": "увеличение концентрация",
            "target": "дигидроэрготамин"
        },
        {
            "source": "эрготамин",
            "target": "провоцировать приступ"
        },
        {
            "source": "провоцировать приступ",
            "target": "стенокардия"
        },
        {
            "source": "амитриптилин",
            "target": "антихолинергический лекарственный средство"
        },
        {
            "source": "антихолинергический лекарственный средство",
            "target": "сухость в рот"
        },
        {
            "source": "антихолинергический лекарственный средство",
            "target": "уменьшать выделение слюна"
        },
        {
            "source": "дезипрамин",
            "target": "антихолинергический лекарственный средство"
        },
        {
            "source": "доксепин",
            "target": "антихолинергический лекарственный средство"
        },
        {
            "source": "атропин",
            "target": "антихолинергический препарат"
        },
        {
            "source": "антихолинергический препарат",
            "target": "сухость в рот"
        },
        {
            "source": "антихолинергический препарат",
            "target": "уменьшать выделение слюна"
        },
        {
            "source": "уменьшать выделение слюна",
            "target": "затруднять растворение таблетка нитроглицерин при подъязычный применение и снизить биодоступность"
        },
        {
            "source": "бета-адреномиметик",
            "target": "альфаадреноблокатор"
        },
        {
            "source": "альфаадреноблокатор",
            "target": "снижение выраженность антиангинальный действие"
        },
        {
            "source": "снижение выраженность антиангинальный действие",
            "target": "нитроглицерин"
        },
        {
            "source": "мочь снижать терапевтический эффект",
            "target": "норэпинефрино"
        },
        {
            "source": "барбитурат",
            "target": "ускорять метаболизм и снижать концентрация"
        },
        {
            "source": "ускорять метаболизм и снижать концентрация",
            "target": "нитросоединение"
        },
        {
            "source": "салицилат",
            "target": "повышать содержание"
        },
        {
            "source": "повышать содержание",
            "target": "нитроглицерин"
        },
        {
            "source": "каптоприть",
            "target": "донатор сульфгидрильный группа"
        },
        {
            "source": "донатор сульфгидрильный группа",
            "target": "восстанавливать снизить чувствительность"
        },
        {
            "source": "ацетилцистеин",
            "target": "донатор сульфгидрильный группа"
        },
        {
            "source": "ацетилцистеин",
            "target": "мочь усиливать сосудорасширяющий действие"
        },
        {
            "source": "унитиол",
            "target": "донатор сульфгидрильный группа"
        },
        {
            "source": "восстанавливать снизить чувствительность",
            "target": "нитроглицерин"
        },
        {
            "source": "мочь усиливать сосудорасширяющий действие",
            "target": "нитроглицерин"
        }
    ]
}