{
    "directed": true,
    "multigraph": false,
    "graph": {},
    "nodes": [
        {
            "label": "prepare",
            "weight": 5,
            "id": "ацетазоламид"
        },
        {
            "label": "mechanism",
            "weight": 5,
            "id": "системный ингибитор карбоангидраза с слабый диуретический активность"
        },
        {
            "label": "noun",
            "weight": 5,
            "id": "карбоангидраза"
        },
        {
            "label": "noun",
            "weight": 5,
            "id": "фермент"
        },
        {
            "label": "action",
            "weight": 5,
            "id": "участвовать в процесс гидратация диоксид углерод и дегидратация угольный кислота"
        },
        {
            "label": "mechanism",
            "weight": 5,
            "id": "ингибирование карбоангидраза"
        },
        {
            "label": "action",
            "weight": 5,
            "id": "уменьшать образование ион бикарбонат"
        },
        {
            "label": "noun",
            "weight": 5,
            "id": "точка приложение"
        },
        {
            "label": "mechanism",
            "weight": 5,
            "id": "сосудистый сплетение головной мозг"
        },
        {
            "label": "mechanism",
            "weight": 5,
            "id": "проксимальный отдел нефрон"
        },
        {
            "label": "mechanism",
            "weight": 5,
            "id": "ресничный тело глаз"
        },
        {
            "label": "mechanism",
            "weight": 5,
            "id": "эритроцит"
        },
        {
            "label": "mechanism",
            "weight": 5,
            "id": "счёт снижение избыточный продукция ликвор на уровень сосудистый сплетение головной мозг"
        },
        {
            "label": "precsribtion",
            "weight": 5,
            "id": "для лечение ликвородинамический нарушение и внутричерепной гипертензия"
        },
        {
            "label": "mechanism",
            "weight": 5,
            "id": "угнетение карбоангидраза"
        },
        {
            "label": "action",
            "weight": 5,
            "id": "понижать избыточный отрицательный заряд в клетка эпендима"
        },
        {
            "label": "action",
            "weight": 5,
            "id": "уменьшать градиентный фильтрация плазма в полость желудочек мозг"
        },
        {
            "label": "mechanism",
            "weight": 5,
            "id": "угнетение активность карбоангидраза в проксимальный отдел нефрон"
        },
        {
            "label": "action",
            "weight": 5,
            "id": "прой сходить уменьшение образование угольный кислота"
        },
        {
            "label": "action",
            "weight": 5,
            "id": "снижение реабсорбция бикарбонат и ион натрий (na+) эпителий каналец"
        },
        {
            "label": "action",
            "weight": 5,
            "id": "увеличиваться выделение вода"
        },
        {
            "label": "action",
            "weight": 5,
            "id": "повышать экскреция гидрокарбонат"
        },
        {
            "label": "action",
            "weight": 5,
            "id": "мочь привести к развитие метаболический ацидоз"
        },
        {
            "label": "action",
            "weight": 5,
            "id": "вызывать выведение почка фосфатов, магния, кальций"
        },
        {
            "label": "precsribtion",
            "weight": 5,
            "id": "для лечение глаукома"
        },
        {
            "label": "prepare",
            "weight": 5,
            "id": "ингибитор ка"
        },
        {
            "label": "mechanism",
            "weight": 5,
            "id": "блокировать образование угольный кислота"
        },
        {
            "label": "action",
            "weight": 5,
            "id": "снижать продукция hco3–"
        },
        {
            "label": "action",
            "weight": 5,
            "id": "увеличиваться позитивный ионный градиент"
        },
        {
            "label": "action",
            "weight": 5,
            "id": "снижение секреция водянистый влага"
        },
        {
            "label": "mechanism",
            "weight": 5,
            "id": "угнетение карбоангидраза ресничный тело"
        },
        {
            "label": "action",
            "weight": 5,
            "id": "снижать секреция водянистый влага передний камера глаз"
        },
        {
            "label": "action",
            "weight": 5,
            "id": "снижать внутриглазной давление"
        },
        {
            "label": "mechanism",
            "weight": 5,
            "id": "ингибирование карбоангидраза в нервный клетка головной мозг"
        },
        {
            "label": "action",
            "weight": 5,
            "id": "тормозить патологический возбудимость"
        },
        {
            "label": "precsribtion",
            "weight": 5,
            "id": "как вспомогательный средство при лечение эпилепсия"
        },
        {
            "label": "prepare",
            "weight": 5,
            "id": "всасываться из желудочный"
        },
        {
            "label": "absorbtion",
            "weight": 5,
            "id": "кишечный тракта. после приём внутрь в доза"
        },
        {
            "label": "prepare",
            "weight": 5,
            "id": "плазма кровь"
        },
        {
            "label": "distribution",
            "weight": 5,
            "id": "степень – в печень"
        },
        {
            "label": "distribution",
            "weight": 5,
            "id": "мышцах, глазной"
        },
        {
            "label": "distribution",
            "weight": 5,
            "id": "центральный нервный"
        },
        {
            "label": "distribution",
            "weight": 5,
            "id": "системе. ацетазоламид"
        },
        {
            "label": "action",
            "weight": 5,
            "id": "усиливаться"
        },
        {
            "label": "prepare",
            "weight": 5,
            "id": "пробенецид"
        },
        {
            "label": "action",
            "weight": 5,
            "id": "усиливать действие"
        },
        {
            "label": "group",
            "weight": 5,
            "id": "антагонист фолиевый кислота"
        },
        {
            "label": "group",
            "weight": 5,
            "id": "препарат сульфонилмочевина"
        },
        {
            "label": "group",
            "weight": 5,
            "id": "пероральный антикоагулянт"
        },
        {
            "label": "group",
            "weight": 5,
            "id": "барбитурат"
        },
        {
            "label": "prepare",
            "weight": 5,
            "id": "метотрексат"
        },
        {
            "label": "noun",
            "weight": 5,
            "id": "одновременный применение"
        },
        {
            "label": "prepare",
            "weight": 5,
            "id": "ацетилсалициловый кислота"
        },
        {
            "label": "attention",
            "weight": 5,
            "id": "в высокий доза"
        },
        {
            "label": "action",
            "weight": 5,
            "id": "мочь привести к"
        },
        {
            "label": "side_e",
            "weight": 5,
            "id": "тяжёлый метаболический ацидоз"
        },
        {
            "label": "side_e",
            "weight": 5,
            "id": "повышение токсичность для центральный нервный система"
        },
        {
            "label": "noun",
            "weight": 5,
            "id": "при совместный применение"
        },
        {
            "label": "group",
            "weight": 5,
            "id": "сердечный гликозид"
        },
        {
            "label": "group",
            "weight": 5,
            "id": "препара тами, повышать артериальный давление"
        },
        {
            "label": "action",
            "weight": 5,
            "id": "следовать корректировать доза"
        },
        {
            "label": "noun",
            "weight": 5,
            "id": "при одновременный применение"
        },
        {
            "label": "prepare",
            "weight": 5,
            "id": "фенитоин"
        },
        {
            "label": "action",
            "weight": 5,
            "id": "повышение он концентрация в плазма кровь"
        },
        {
            "label": "side_e",
            "weight": 5,
            "id": "тяжёлый остеомаляция"
        },
        {
            "label": "noun",
            "weight": 5,
            "id": "в сочетание с"
        },
        {
            "label": "group",
            "weight": 5,
            "id": "противоэпилептический препарат"
        },
        {
            "label": "action",
            "weight": 5,
            "id": "уменьшай так экскреция"
        },
        {
            "label": "prepare",
            "weight": 5,
            "id": "амфетамин"
        },
        {
            "label": "prepare",
            "weight": 5,
            "id": "хинидин"
        },
        {
            "label": "action",
            "weight": 5,
            "id": "мочь увеличивать величина и продолжительность действие"
        },
        {
            "label": "action",
            "weight": 5,
            "id": "диуретический действие"
        },
        {
            "label": "side_e",
            "weight": 5,
            "id": "сопровождать выведение ка лия с моча"
        },
        {
            "label": "attention",
            "weight": 5,
            "id": "осторожность при применение"
        },
        {
            "label": "group",
            "weight": 5,
            "id": "диуретик"
        },
        {
            "label": "prepare",
            "weight": 5,
            "id": "фуросемид"
        },
        {
            "label": "prepare",
            "weight": 5,
            "id": "гидрохлортиазид"
        },
        {
            "label": "group",
            "weight": 5,
            "id": "глюкокортикостероид"
        },
        {
            "label": "action",
            "weight": 5,
            "id": "мочь увеличить риск"
        },
        {
            "label": "side_e",
            "weight": 5,
            "id": "развитие электролитный нары ушение"
        },
        {
            "label": "side_e",
            "weight": 5,
            "id": "дегидратация"
        },
        {
            "label": "attention",
            "weight": 5,
            "id": "следовать соблюдать мера предосторожность при применение"
        },
        {
            "label": "prepare",
            "weight": 5,
            "id": "дигоксина"
        },
        {
            "label": "side_e",
            "weight": 5,
            "id": "гипокалиемия"
        },
        {
            "label": "action",
            "weight": 5,
            "id": "увеличивать"
        },
        {
            "label": "side_e",
            "weight": 5,
            "id": "брадикардия"
        },
        {
            "label": "side_e",
            "weight": 5,
            "id": "другой фо рм токсичность"
        },
        {
            "label": "prepare",
            "weight": 5,
            "id": "дроперидол"
        },
        {
            "label": "group",
            "weight": 5,
            "id": "калийнесберегать диуретик"
        },
        {
            "label": "action",
            "weight": 5,
            "id": "повышать риск"
        },
        {
            "label": "side_e",
            "weight": 5,
            "id": "удлинение интервал qt"
        },
        {
            "label": "side_e",
            "weight": 5,
            "id": "аритмия"
        },
        {
            "label": "group",
            "weight": 5,
            "id": "кислотообразующий диуретик"
        },
        {
            "label": "mechanism",
            "weight": 5,
            "id": "диуретический эффект"
        },
        {
            "label": "action",
            "weight": 5,
            "id": "уменьшение"
        },
        {
            "label": "prepare",
            "weight": 5,
            "id": "хлорид аммоний"
        },
        {
            "label": "noun",
            "weight": 5,
            "id": "при комбинированный применение"
        },
        {
            "label": "action",
            "weight": 5,
            "id": "увеличение"
        },
        {
            "label": "mechanism",
            "weight": 5,
            "id": "гипотензивный эффект в отношение внутриглазной давление"
        },
        {
            "label": "group",
            "weight": 5,
            "id": "бета-адреноблокатор"
        },
        {
            "label": "group",
            "weight": 5,
            "id": "холинерг ический препарат"
        },
        {
            "label": "prepare",
            "weight": 5,
            "id": "эфедрин"
        },
        {
            "label": "action",
            "weight": 5,
            "id": "повышать концентрация в плазма кровь"
        },
        {
            "label": "prepare",
            "weight": 5,
            "id": "карбамазепин"
        },
        {
            "label": "group",
            "weight": 5,
            "id": "недеполяризовать миорелаксант"
        },
        {
            "label": "action",
            "weight": 5,
            "id": "повышать концентрация"
        },
        {
            "label": "prepare",
            "weight": 5,
            "id": "циклоспорин"
        },
        {
            "label": "action",
            "weight": 5,
            "id": "увеличивать выведение"
        },
        {
            "label": "prepare",
            "weight": 5,
            "id": "литий"
        },
        {
            "label": "action",
            "weight": 5,
            "id": "снижать антисептический действие"
        },
        {
            "label": "prepare",
            "weight": 5,
            "id": "метенамин"
        },
        {
            "label": "noun",
            "weight": 5,
            "id": "мочевыводящий путь"
        },
        {
            "label": "noun",
            "weight": 5,
            "id": "одновременный использование"
        },
        {
            "label": "prepare",
            "weight": 5,
            "id": "натрий гидрокарбонат"
        },
        {
            "label": "side_e",
            "weight": 5,
            "id": "формирование камень в почка"
        },
        {
            "label": "group",
            "weight": 5,
            "id": "ингибитор карбоангидраза"
        },
        {
            "label": "attention",
            "weight": 5,
            "id": "не рекомендоваться"
        },
        {
            "label": "side_e",
            "weight": 5,
            "id": "аддитивный эффект"
        },
        {
            "label": "action",
            "weight": 5,
            "id": "существовать"
        },
        {
            "label": "side_e",
            "weight": 5,
            "id": "риск образование конкременто в в моча"
        },
        {
            "label": "noun",
            "weight": 5,
            "id": "плазма кровь при одновременный применение"
        },
        {
            "label": "prepare",
            "weight": 5,
            "id": "примидон"
        },
        {
            "label": "action",
            "weight": 5,
            "id": "снижение содержание"
        }
    ],
    "links": [
        {
            "source": "ацетазоламид",
            "target": "системный ингибитор карбоангидраза с слабый диуретический активность"
        },
        {
            "source": "ацетазоламид",
            "target": "счёт снижение избыточный продукция ликвор на уровень сосудистый сплетение головной мозг"
        },
        {
            "source": "ацетазоламид",
            "target": "повышать экскреция гидрокарбонат"
        },
        {
            "source": "ацетазоламид",
            "target": "мочь привести к развитие метаболический ацидоз"
        },
        {
            "source": "ацетазоламид",
            "target": "вызывать выведение почка фосфатов, магния, кальций"
        },
        {
            "source": "ацетазоламид",
            "target": "для лечение глаукома"
        },
        {
            "source": "ацетазоламид",
            "target": "усиливаться"
        },
        {
            "source": "ацетазоламид",
            "target": "усиливать действие"
        },
        {
            "source": "ацетазоламид",
            "target": "мочь привести к"
        },
        {
            "source": "ацетазоламид",
            "target": "тяжёлый остеомаляция"
        },
        {
            "source": "ацетазоламид",
            "target": "в сочетание с"
        },
        {
            "source": "ацетазоламид",
            "target": "уменьшай так экскреция"
        },
        {
            "source": "ацетазоламид",
            "target": "диуретический действие"
        },
        {
            "source": "ацетазоламид",
            "target": "диуретик"
        },
        {
            "source": "ацетазоламид",
            "target": "глюкокортикостероид"
        },
        {
            "source": "ацетазоламид",
            "target": "следовать соблюдать мера предосторожность при применение"
        },
        {
            "source": "ацетазоламид",
            "target": "повышать концентрация"
        },
        {
            "source": "ацетазоламид",
            "target": "снижать антисептический действие"
        },
        {
            "source": "ацетазоламид",
            "target": "плазма кровь при одновременный применение"
        },
        {
            "source": "карбоангидраза",
            "target": "фермент"
        },
        {
            "source": "фермент",
            "target": "участвовать в процесс гидратация диоксид углерод и дегидратация угольный кислота"
        },
        {
            "source": "ингибирование карбоангидраза",
            "target": "уменьшать образование ион бикарбонат"
        },
        {
            "source": "точка приложение",
            "target": "сосудистый сплетение головной мозг"
        },
        {
            "source": "точка приложение",
            "target": "проксимальный отдел нефрон"
        },
        {
            "source": "точка приложение",
            "target": "ресничный тело глаз"
        },
        {
            "source": "точка приложение",
            "target": "эритроцит"
        },
        {
            "source": "счёт снижение избыточный продукция ликвор на уровень сосудистый сплетение головной мозг",
            "target": "для лечение ликвородинамический нарушение и внутричерепной гипертензия"
        },
        {
            "source": "угнетение карбоангидраза",
            "target": "понижать избыточный отрицательный заряд в клетка эпендима"
        },
        {
            "source": "угнетение карбоангидраза",
            "target": "уменьшать градиентный фильтрация плазма в полость желудочек мозг"
        },
        {
            "source": "угнетение активность карбоангидраза в проксимальный отдел нефрон",
            "target": "прой сходить уменьшение образование угольный кислота"
        },
        {
            "source": "угнетение активность карбоангидраза в проксимальный отдел нефрон",
            "target": "снижение реабсорбция бикарбонат и ион натрий (na+) эпителий каналец"
        },
        {
            "source": "угнетение активность карбоангидраза в проксимальный отдел нефрон",
            "target": "увеличиваться выделение вода"
        },
        {
            "source": "ингибитор ка",
            "target": "блокировать образование угольный кислота"
        },
        {
            "source": "блокировать образование угольный кислота",
            "target": "снижать продукция hco3–"
        },
        {
            "source": "увеличиваться позитивный ионный градиент",
            "target": "снижение секреция водянистый влага"
        },
        {
            "source": "угнетение карбоангидраза ресничный тело",
            "target": "снижать секреция водянистый влага передний камера глаз"
        },
        {
            "source": "снижать секреция водянистый влага передний камера глаз",
            "target": "снижать внутриглазной давление"
        },
        {
            "source": "ингибирование карбоангидраза в нервный клетка головной мозг",
            "target": "тормозить патологический возбудимость"
        },
        {
            "source": "тормозить патологический возбудимость",
            "target": "как вспомогательный средство при лечение эпилепсия"
        },
        {
            "source": "всасываться из желудочный",
            "target": "кишечный тракта. после приём внутрь в доза"
        },
        {
            "source": "плазма кровь",
            "target": "степень – в печень"
        },
        {
            "source": "плазма кровь",
            "target": "мышцах, глазной"
        },
        {
            "source": "плазма кровь",
            "target": "центральный нервный"
        },
        {
            "source": "плазма кровь",
            "target": "системе. ацетазоламид"
        },
        {
            "source": "усиливаться",
            "target": "пробенецид"
        },
        {
            "source": "усиливать действие",
            "target": "антагонист фолиевый кислота"
        },
        {
            "source": "усиливать действие",
            "target": "препарат сульфонилмочевина"
        },
        {
            "source": "усиливать действие",
            "target": "пероральный антикоагулянт"
        },
        {
            "source": "усиливать действие",
            "target": "барбитурат"
        },
        {
            "source": "усиливать действие",
            "target": "метотрексат"
        },
        {
            "source": "усиливать действие",
            "target": "хинидин"
        },
        {
            "source": "усиливать действие",
            "target": "эфедрин"
        },
        {
            "source": "одновременный применение",
            "target": "ацетазоламид"
        },
        {
            "source": "одновременный применение",
            "target": "ацетилсалициловый кислота"
        },
        {
            "source": "одновременный применение",
            "target": "в высокий доза"
        },
        {
            "source": "одновременный применение",
            "target": "дроперидол"
        },
        {
            "source": "одновременный применение",
            "target": "калийнесберегать диуретик"
        },
        {
            "source": "одновременный применение",
            "target": "повышать риск"
        },
        {
            "source": "одновременный применение",
            "target": "ингибитор карбоангидраза"
        },
        {
            "source": "одновременный применение",
            "target": "не рекомендоваться"
        },
        {
            "source": "мочь привести к",
            "target": "тяжёлый метаболический ацидоз"
        },
        {
            "source": "мочь привести к",
            "target": "повышение токсичность для центральный нервный система"
        },
        {
            "source": "при совместный применение",
            "target": "сердечный гликозид"
        },
        {
            "source": "при совместный применение",
            "target": "ацетазоламид"
        },
        {
            "source": "при совместный применение",
            "target": "метенамин"
        },
        {
            "source": "при совместный применение",
            "target": "существовать"
        },
        {
            "source": "сердечный гликозид",
            "target": "препара тами, повышать артериальный давление"
        },
        {
            "source": "препара тами, повышать артериальный давление",
            "target": "следовать корректировать доза"
        },
        {
            "source": "следовать корректировать доза",
            "target": "ацетазоламид"
        },
        {
            "source": "при одновременный применение",
            "target": "ацетазоламид"
        },
        {
            "source": "при одновременный применение",
            "target": "фенитоин"
        },
        {
            "source": "при одновременный применение",
            "target": "холинерг ический препарат"
        },
        {
            "source": "при одновременный применение",
            "target": "бета-адреноблокатор"
        },
        {
            "source": "фенитоин",
            "target": "повышение он концентрация в плазма кровь"
        },
        {
            "source": "в сочетание с",
            "target": "противоэпилептический препарат"
        },
        {
            "source": "уменьшай так экскреция",
            "target": "амфетамин"
        },
        {
            "source": "уменьшай так экскреция",
            "target": "хинидин"
        },
        {
            "source": "уменьшай так экскреция",
            "target": "мочь увеличивать величина и продолжительность действие"
        },
        {
            "source": "уменьшай так экскреция",
            "target": "усиливать действие"
        },
        {
            "source": "мочь увеличивать величина и продолжительность действие",
            "target": "амфетамин"
        },
        {
            "source": "диуретический действие",
            "target": "сопровождать выведение ка лия с моча"
        },
        {
            "source": "осторожность при применение",
            "target": "ацетазоламид"
        },
        {
            "source": "осторожность при применение",
            "target": "мочь увеличить риск"
        },
        {
            "source": "диуретик",
            "target": "фуросемид"
        },
        {
            "source": "диуретик",
            "target": "гидрохлортиазид"
        },
        {
            "source": "мочь увеличить риск",
            "target": "развитие электролитный нары ушение"
        },
        {
            "source": "мочь увеличить риск",
            "target": "дегидратация"
        },
        {
            "source": "следовать соблюдать мера предосторожность при применение",
            "target": "ацетазоламид"
        },
        {
            "source": "следовать соблюдать мера предосторожность при применение",
            "target": "дигоксина"
        },
        {
            "source": "дигоксина",
            "target": "другой фо рм токсичность"
        },
        {
            "source": "гипокалиемия",
            "target": "следовать соблюдать мера предосторожность при применение"
        },
        {
            "source": "увеличивать",
            "target": "следовать соблюдать мера предосторожность при применение"
        },
        {
            "source": "увеличивать",
            "target": "формирование камень в почка"
        },
        {
            "source": "брадикардия",
            "target": "следовать соблюдать мера предосторожность при применение"
        },
        {
            "source": "повышать риск",
            "target": "удлинение интервал qt"
        },
        {
            "source": "повышать риск",
            "target": "аритмия"
        },
        {
            "source": "кислотообразующий диуретик",
            "target": "диуретический эффект"
        },
        {
            "source": "уменьшение",
            "target": "диуретический эффект"
        },
        {
            "source": "хлорид аммоний",
            "target": "диуретический эффект"
        },
        {
            "source": "при комбинированный применение",
            "target": "кислотообразующий диуретик"
        },
        {
            "source": "увеличение",
            "target": "гипотензивный эффект в отношение внутриглазной давление"
        },
        {
            "source": "бета-адреноблокатор",
            "target": "гипотензивный эффект в отношение внутриглазной давление"
        },
        {
            "source": "повышать концентрация в плазма кровь",
            "target": "карбамазепин"
        },
        {
            "source": "повышать концентрация в плазма кровь",
            "target": "недеполяризовать миорелаксант"
        },
        {
            "source": "повышать концентрация",
            "target": "циклоспорин"
        },
        {
            "source": "увеличивать выведение",
            "target": "литий"
        },
        {
            "source": "снижать антисептический действие",
            "target": "метенамин"
        },
        {
            "source": "метенамин",
            "target": "мочевыводящий путь"
        },
        {
            "source": "одновременный использование",
            "target": "ацетазоламид"
        },
        {
            "source": "одновременный использование",
            "target": "натрий гидрокарбонат"
        },
        {
            "source": "одновременный использование",
            "target": "увеличивать"
        },
        {
            "source": "не рекомендоваться",
            "target": "аддитивный эффект"
        },
        {
            "source": "существовать",
            "target": "риск образование конкременто в в моча"
        },
        {
            "source": "плазма кровь при одновременный применение",
            "target": "примидон"
        },
        {
            "source": "примидон",
            "target": "снижение содержание"
        }
    ]
}