{
    "directed": true,
    "multigraph": false,
    "graph": {},
    "nodes": [
        {
            "label": "group",
            "weight": 5,
            "id": "средство для лечение сахарный диабет"
        },
        {
            "label": "group",
            "weight": 5,
            "id": "гипогликемический средство"
        },
        {
            "label": "group",
            "weight": 5,
            "id": "бигуанид"
        },
        {
            "label": "prepare",
            "weight": 5,
            "id": "метформин"
        },
        {
            "label": "mechanism",
            "weight": 5,
            "id": "гипогликемический действие"
        },
        {
            "label": "action",
            "weight": 5,
            "id": "снижать как базальную, так и постпрандиальный концентрация глюкоза в плазма кровь"
        },
        {
            "label": "noun",
            "weight": 5,
            "id": "не"
        },
        {
            "label": "action",
            "weight": 5,
            "id": "стимулировать секреция инсулин"
        },
        {
            "label": "action",
            "weight": 5,
            "id": "не вызывать"
        },
        {
            "label": "side_e",
            "weight": 5,
            "id": "гипогликемия"
        },
        {
            "label": "action",
            "weight": 5,
            "id": "повышать"
        },
        {
            "label": "noun",
            "weight": 5,
            "id": "чувствительность периферический рецептор"
        },
        {
            "label": "prepare",
            "weight": 5,
            "id": "инсулин"
        },
        {
            "label": "noun",
            "weight": 5,
            "id": "утилизация глюкоза клетка"
        },
        {
            "label": "mechanism",
            "weight": 5,
            "id": "снижать выработка глюкоза печень"
        },
        {
            "label": "action",
            "weight": 5,
            "id": "ингибирование глюконеогенез и гликогенолиз"
        },
        {
            "label": "mechanism",
            "weight": 5,
            "id": "стимулировать синтез гликоген"
        },
        {
            "label": "action",
            "weight": 5,
            "id": "воздействовать на гликогенсинтаз"
        },
        {
            "label": "action",
            "weight": 5,
            "id": "оказывать благоприятный эффект на метаболизм липид"
        },
        {
            "label": "absorbtion",
            "weight": 5,
            "id": "приём"
        },
        {
            "label": "distribution",
            "weight": 5,
            "id": "распределяться в ткани, практически не связываться с белок плазма"
        },
        {
            "label": "distribution",
            "weight": 5,
            "id": "способный накапливаться в эритроцит"
        },
        {
            "label": "metabol",
            "weight": 5,
            "id": "метаболизм"
        },
        {
            "label": "noun",
            "weight": 5,
            "id": "в очень слабый степень"
        },
        {
            "label": "illness",
            "weight": 5,
            "id": "нарушение функция почка"
        },
        {
            "label": "noun",
            "weight": 5,
            "id": "концентрация"
        },
        {
            "label": "action",
            "weight": 5,
            "id": "в плазма кровь повышаться"
        },
        {
            "label": "side_e",
            "weight": 5,
            "id": "повышаться риск он кумуляция"
        },
        {
            "label": "group",
            "weight": 5,
            "id": "йодсодержать рентгеноконтрастный средство"
        },
        {
            "label": "action",
            "weight": 5,
            "id": "мочь вызывать развитие"
        },
        {
            "label": "side_e",
            "weight": 5,
            "id": "лактоацидоз"
        },
        {
            "label": "illness",
            "weight": 5,
            "id": "почечный недостаточность"
        },
        {
            "label": "illness",
            "weight": 5,
            "id": "сахарный диабет"
        },
        {
            "label": "illness",
            "weight": 5,
            "id": "острый алкогольный интоксикация"
        },
        {
            "label": "action",
            "weight": 5,
            "id": "увеличиваться риск развитие"
        },
        {
            "label": "condition",
            "weight": 5,
            "id": "недостаточный питание"
        },
        {
            "label": "condition",
            "weight": 5,
            "id": "соблюдение низкокалорийный диета"
        },
        {
            "label": "illness",
            "weight": 5,
            "id": "печёночный недостаточность"
        },
        {
            "label": "banned",
            "weight": 5,
            "id": "следовать избегать приём алкоголь и лекарственный средство"
        },
        {
            "label": "prepare",
            "weight": 5,
            "id": "этанол"
        },
        {
            "label": "noun",
            "weight": 5,
            "id": "одновременный приём"
        },
        {
            "label": "group",
            "weight": 5,
            "id": "петлевой » диуретик"
        },
        {
            "label": "action",
            "weight": 5,
            "id": "мочь привести к развитие"
        },
        {
            "label": "illness",
            "weight": 5,
            "id": "функциональный почечный недостаточность"
        },
        {
            "label": "group",
            "weight": 5,
            "id": "производная сульфонилмочевина"
        },
        {
            "label": "prepare",
            "weight": 5,
            "id": "акарбоза"
        },
        {
            "label": "group",
            "weight": 5,
            "id": "салицилат"
        },
        {
            "label": "prepare",
            "weight": 5,
            "id": "нифедипин"
        },
        {
            "label": "absorbtion",
            "weight": 5,
            "id": "абсорбция"
        },
        {
            "label": "noun",
            "weight": 5,
            "id": "максимальный концентрация (cmax"
        },
        {
            "label": "group",
            "weight": 5,
            "id": "катионный лекарственный средство"
        },
        {
            "label": "action",
            "weight": 5,
            "id": "конкурировать"
        },
        {
            "label": "noun",
            "weight": 5,
            "id": "канальцевый транспортный система"
        },
        {
            "label": "action",
            "weight": 5,
            "id": "мочь приводить к увеличение он cmax"
        },
        {
            "label": "prepare",
            "weight": 5,
            "id": "колесевел"
        },
        {
            "label": "noun",
            "weight": 5,
            "id": "при одновременный применение"
        },
        {
            "label": "action",
            "weight": 5,
            "id": "увеличивать концентрация метформин в плазма кровь"
        },
        {
            "label": "noun",
            "weight": 5,
            "id": "одновременный применение"
        },
        {
            "label": "group",
            "weight": 5,
            "id": "ингибитор ост1"
        },
        {
            "label": "action",
            "weight": 5,
            "id": "мочь"
        },
        {
            "label": "action",
            "weight": 5,
            "id": "уменьшать антигипергликемический действие"
        },
        {
            "label": "prepare",
            "weight": 5,
            "id": "верапамил"
        },
        {
            "label": "group",
            "weight": 5,
            "id": "индуктор ост1"
        },
        {
            "label": "action",
            "weight": 5,
            "id": "увеличивать абсорбция"
        },
        {
            "label": "prepare",
            "weight": 5,
            "id": "рифампицин"
        },
        {
            "label": "group",
            "weight": 5,
            "id": "ингибитор ост2"
        },
        {
            "label": "action",
            "weight": 5,
            "id": "уменьшить почечный элиминация метформин"
        },
        {
            "label": "action",
            "weight": 5,
            "id": "приводить к увеличение плазменный концентрация метформин"
        },
        {
            "label": "prepare",
            "weight": 5,
            "id": "циметидина"
        },
        {
            "label": "prepare",
            "weight": 5,
            "id": "долутегравир"
        },
        {
            "label": "prepare",
            "weight": 5,
            "id": "ранолазин"
        },
        {
            "label": "prepare",
            "weight": 5,
            "id": "триметоприма"
        },
        {
            "label": "prepare",
            "weight": 5,
            "id": "кризотиниб"
        },
        {
            "label": "prepare",
            "weight": 5,
            "id": "олапариб"
        },
        {
            "label": "prepare",
            "weight": 5,
            "id": "даклатасвира"
        },
        {
            "label": "recomendation",
            "weight": 5,
            "id": "рекомендоваться соблюдать осторожность"
        }
    ],
    "links": [
        {
            "source": "средство для лечение сахарный диабет",
            "target": "гипогликемический средство"
        },
        {
            "source": "гипогликемический средство",
            "target": "бигуанид"
        },
        {
            "source": "метформин",
            "target": "бигуанид"
        },
        {
            "source": "метформин",
            "target": "гипогликемический действие"
        },
        {
            "source": "метформин",
            "target": "стимулировать синтез гликоген"
        },
        {
            "source": "метформин",
            "target": "оказывать благоприятный эффект на метаболизм липид"
        },
        {
            "source": "метформин",
            "target": "приём"
        },
        {
            "source": "метформин",
            "target": "распределяться в ткани, практически не связываться с белок плазма"
        },
        {
            "source": "метформин",
            "target": "способный накапливаться в эритроцит"
        },
        {
            "source": "метформин",
            "target": "в плазма кровь повышаться"
        },
        {
            "source": "метформин",
            "target": "следовать избегать приём алкоголь и лекарственный средство"
        },
        {
            "source": "метформин",
            "target": "производная сульфонилмочевина"
        },
        {
            "source": "метформин",
            "target": "инсулин"
        },
        {
            "source": "метформин",
            "target": "акарбоза"
        },
        {
            "source": "метформин",
            "target": "салицилат"
        },
        {
            "source": "метформин",
            "target": "гипогликемия"
        },
        {
            "source": "метформин",
            "target": "канальцевый транспортный система"
        },
        {
            "source": "метформин",
            "target": "ингибитор ост1"
        },
        {
            "source": "гипогликемический действие",
            "target": "снижать как базальную, так и постпрандиальный концентрация глюкоза в плазма кровь"
        },
        {
            "source": "не",
            "target": "стимулировать секреция инсулин"
        },
        {
            "source": "стимулировать секреция инсулин",
            "target": "не вызывать"
        },
        {
            "source": "не вызывать",
            "target": "гипогликемия"
        },
        {
            "source": "повышать",
            "target": "чувствительность периферический рецептор"
        },
        {
            "source": "повышать",
            "target": "утилизация глюкоза клетка"
        },
        {
            "source": "повышать",
            "target": "абсорбция"
        },
        {
            "source": "повышать",
            "target": "максимальный концентрация (cmax"
        },
        {
            "source": "чувствительность периферический рецептор",
            "target": "инсулин"
        },
        {
            "source": "снижать выработка глюкоза печень",
            "target": "ингибирование глюконеогенез и гликогенолиз"
        },
        {
            "source": "стимулировать синтез гликоген",
            "target": "воздействовать на гликогенсинтаз"
        },
        {
            "source": "метаболизм",
            "target": "в очень слабый степень"
        },
        {
            "source": "нарушение функция почка",
            "target": "концентрация"
        },
        {
            "source": "концентрация",
            "target": "метформин"
        },
        {
            "source": "в плазма кровь повышаться",
            "target": "повышаться риск он кумуляция"
        },
        {
            "source": "йодсодержать рентгеноконтрастный средство",
            "target": "мочь вызывать развитие"
        },
        {
            "source": "мочь вызывать развитие",
            "target": "лактоацидоз"
        },
        {
            "source": "почечный недостаточность",
            "target": "сахарный диабет"
        },
        {
            "source": "сахарный диабет",
            "target": "йодсодержать рентгеноконтрастный средство"
        },
        {
            "source": "острый алкогольный интоксикация",
            "target": "увеличиваться риск развитие"
        },
        {
            "source": "увеличиваться риск развитие",
            "target": "лактоацидоз"
        },
        {
            "source": "увеличиваться риск развитие",
            "target": "недостаточный питание"
        },
        {
            "source": "увеличиваться риск развитие",
            "target": "соблюдение низкокалорийный диета"
        },
        {
            "source": "увеличиваться риск развитие",
            "target": "печёночный недостаточность"
        },
        {
            "source": "следовать избегать приём алкоголь и лекарственный средство",
            "target": "этанол"
        },
        {
            "source": "одновременный приём",
            "target": "петлевой » диуретик"
        },
        {
            "source": "петлевой » диуретик",
            "target": "мочь привести к развитие"
        },
        {
            "source": "мочь привести к развитие",
            "target": "функциональный почечный недостаточность"
        },
        {
            "source": "нифедипин",
            "target": "повышать"
        },
        {
            "source": "абсорбция",
            "target": "метформин"
        },
        {
            "source": "максимальный концентрация (cmax",
            "target": "метформин"
        },
        {
            "source": "катионный лекарственный средство",
            "target": "конкурировать"
        },
        {
            "source": "катионный лекарственный средство",
            "target": "мочь приводить к увеличение он cmax"
        },
        {
            "source": "конкурировать",
            "target": "метформин"
        },
        {
            "source": "колесевел",
            "target": "при одновременный применение"
        },
        {
            "source": "колесевел",
            "target": "увеличивать концентрация метформин в плазма кровь"
        },
        {
            "source": "при одновременный применение",
            "target": "метформин"
        },
        {
            "source": "одновременный применение",
            "target": "метформин"
        },
        {
            "source": "одновременный применение",
            "target": "мочь"
        },
        {
            "source": "мочь",
            "target": "уменьшать антигипергликемический действие"
        },
        {
            "source": "мочь",
            "target": "увеличивать абсорбция"
        },
        {
            "source": "мочь",
            "target": "уменьшить почечный элиминация метформин"
        },
        {
            "source": "уменьшать антигипергликемический действие",
            "target": "метформин"
        },
        {
            "source": "верапамил",
            "target": "ингибитор ост1"
        },
        {
            "source": "индуктор ост1",
            "target": "мочь"
        },
        {
            "source": "увеличивать абсорбция",
            "target": "метформин"
        },
        {
            "source": "рифампицин",
            "target": "индуктор ост1"
        },
        {
            "source": "ингибитор ост2",
            "target": "мочь"
        },
        {
            "source": "уменьшить почечный элиминация метформин",
            "target": "приводить к увеличение плазменный концентрация метформин"
        },
        {
            "source": "циметидина",
            "target": "ингибитор ост2"
        },
        {
            "source": "долутегравир",
            "target": "ингибитор ост2"
        },
        {
            "source": "ранолазин",
            "target": "ингибитор ост2"
        },
        {
            "source": "триметоприма",
            "target": "ингибитор ост2"
        },
        {
            "source": "кризотиниб",
            "target": "ингибитор ост2"
        },
        {
            "source": "олапариб",
            "target": "ингибитор ост2"
        },
        {
            "source": "даклатасвира",
            "target": "ингибитор ост2"
        },
        {
            "source": "рекомендоваться соблюдать осторожность",
            "target": "почечный недостаточность"
        }
    ]
}