{
    "directed": true,
    "multigraph": false,
    "graph": {},
    "nodes": [
        {
            "label": "group",
            "weight": 5,
            "id": "средства, действовать на ренин-ангиотензиновый система"
        },
        {
            "label": "group",
            "weight": 5,
            "id": "антагонист рецептор ангиотензин ii"
        },
        {
            "label": "hormone",
            "weight": 5,
            "id": "ангиотензин ii"
        },
        {
            "label": "mechanism",
            "weight": 5,
            "id": "вазоконстрикция"
        },
        {
            "label": "mechanism",
            "weight": 5,
            "id": "стимуляция продукция альдостерон"
        },
        {
            "label": "mechanism",
            "weight": 5,
            "id": "регуляция водно-электролитный гомеостаз"
        },
        {
            "label": "mechanism",
            "weight": 5,
            "id": "стимуляция клеточный рост"
        },
        {
            "label": "prepare",
            "weight": 5,
            "id": "кандесартан"
        },
        {
            "label": "mechanism",
            "weight": 5,
            "id": "селективный антагонист рецептор ангиотензин ii"
        },
        {
            "label": "group",
            "weight": 5,
            "id": "ингибитор апф"
        },
        {
            "label": "side_e",
            "weight": 5,
            "id": "развитие кашель"
        },
        {
            "label": "noun",
            "weight": 5,
            "id": "редкий встречаться у пациент"
        },
        {
            "label": "noun",
            "weight": 5,
            "id": "не"
        },
        {
            "label": "action",
            "weight": 5,
            "id": "ингибировать апф"
        },
        {
            "label": "action",
            "weight": 5,
            "id": "осуществлять превращение ангиотензин i в ангиотензин ii и разрушать брадикинин"
        },
        {
            "label": "action",
            "weight": 5,
            "id": "влиять на апф"
        },
        {
            "label": "action",
            "weight": 5,
            "id": "приводить к накопление брадикинин или субстанция р"
        },
        {
            "label": "mechanism",
            "weight": 5,
            "id": "блокирование ата 1 -рецептор ангиотензин ii"
        },
        {
            "label": "action",
            "weight": 5,
            "id": "происходить дозозависимый повышение активность ренина, концентрация ангиотензин i, ангиотензин ii"
        },
        {
            "label": "action",
            "weight": 5,
            "id": "снижение концентрация альдостерон в плазма кровь"
        },
        {
            "label": "illness",
            "weight": 5,
            "id": "артериальный гипертензия"
        },
        {
            "label": "mechanism",
            "weight": 5,
            "id": "вызывать дозозависимый длительный снижение ад"
        },
        {
            "label": "mechanism",
            "weight": 5,
            "id": "антигипертензивный эффект"
        },
        {
            "label": "mechanism",
            "weight": 5,
            "id": "снижение общий периферический сопротивление сосуд (опсс) без изменение частота сердечный сокращение (чсс"
        },
        {
            "label": "action",
            "weight": 5,
            "id": "не отмечаться случай"
        },
        {
            "label": "side_e",
            "weight": 5,
            "id": "артериальный гипотензия"
        },
        {
            "label": "recomendation",
            "weight": 5,
            "id": "назначать один раз в сутки"
        },
        {
            "label": "mechanism",
            "weight": 5,
            "id": "обеспечивать эффективный и плавный снижение ад"
        },
        {
            "label": "prepare",
            "weight": 5,
            "id": "гидрохлоротиазид"
        },
        {
            "label": "mechanism",
            "weight": 5,
            "id": "усиление антигипертензивный эффект"
        },
        {
            "label": "prepare",
            "weight": 5,
            "id": "амлодипин"
        },
        {
            "label": "recomendation",
            "weight": 5,
            "id": "хорошо переноситься"
        },
        {
            "label": "illness",
            "weight": 5,
            "id": "хсн"
        },
        {
            "label": "mechanism",
            "weight": 5,
            "id": "снижение опсс и капиллярный давление в легких, повышение активность ренин и концентрация ангиотензин ii в плазма кровь"
        },
        {
            "label": "mechanism",
            "weight": 5,
            "id": "снижение уровень альдостерон"
        },
        {
            "label": "distribution",
            "weight": 5,
            "id": "активно связываться с белок плазма кровь"
        },
        {
            "label": "excretion",
            "weight": 5,
            "id": "выводиться из организм почка и жёлчь в неизменённый вид"
        },
        {
            "label": "metabol",
            "weight": 5,
            "id": "метаболизироваться в печень"
        }
    ],
    "links": [
        {
            "source": "средства, действовать на ренин-ангиотензиновый система",
            "target": "антагонист рецептор ангиотензин ii"
        },
        {
            "source": "ангиотензин ii",
            "target": "вазоконстрикция"
        },
        {
            "source": "ангиотензин ii",
            "target": "стимуляция продукция альдостерон"
        },
        {
            "source": "ангиотензин ii",
            "target": "регуляция водно-электролитный гомеостаз"
        },
        {
            "source": "ангиотензин ii",
            "target": "стимуляция клеточный рост"
        },
        {
            "source": "кандесартан",
            "target": "селективный антагонист рецептор ангиотензин ii"
        },
        {
            "source": "кандесартан",
            "target": "ингибитор апф"
        },
        {
            "source": "кандесартан",
            "target": "не"
        },
        {
            "source": "кандесартан",
            "target": "артериальный гипертензия"
        },
        {
            "source": "кандесартан",
            "target": "вызывать дозозависимый длительный снижение ад"
        },
        {
            "source": "кандесартан",
            "target": "антигипертензивный эффект"
        },
        {
            "source": "кандесартан",
            "target": "снижение общий периферический сопротивление сосуд (опсс) без изменение частота сердечный сокращение (чсс"
        },
        {
            "source": "кандесартан",
            "target": "не отмечаться случай"
        },
        {
            "source": "кандесартан",
            "target": "назначать один раз в сутки"
        },
        {
            "source": "кандесартан",
            "target": "гидрохлоротиазид"
        },
        {
            "source": "кандесартан",
            "target": "амлодипин"
        },
        {
            "source": "кандесартан",
            "target": "хсн"
        },
        {
            "source": "кандесартан",
            "target": "снижение опсс и капиллярный давление в легких, повышение активность ренин и концентрация ангиотензин ii в плазма кровь"
        },
        {
            "source": "кандесартан",
            "target": "снижение уровень альдостерон"
        },
        {
            "source": "кандесартан",
            "target": "активно связываться с белок плазма кровь"
        },
        {
            "source": "кандесартан",
            "target": "выводиться из организм почка и жёлчь в неизменённый вид"
        },
        {
            "source": "кандесартан",
            "target": "метаболизироваться в печень"
        },
        {
            "source": "ингибитор апф",
            "target": "развитие кашель"
        },
        {
            "source": "редкий встречаться у пациент",
            "target": "развитие кашель"
        },
        {
            "source": "не",
            "target": "ингибировать апф"
        },
        {
            "source": "не",
            "target": "влиять на апф"
        },
        {
            "source": "не",
            "target": "приводить к накопление брадикинин или субстанция р"
        },
        {
            "source": "ингибировать апф",
            "target": "осуществлять превращение ангиотензин i в ангиотензин ii и разрушать брадикинин"
        },
        {
            "source": "блокирование ата 1 -рецептор ангиотензин ii",
            "target": "происходить дозозависимый повышение активность ренина, концентрация ангиотензин i, ангиотензин ii"
        },
        {
            "source": "блокирование ата 1 -рецептор ангиотензин ii",
            "target": "снижение концентрация альдостерон в плазма кровь"
        },
        {
            "source": "не отмечаться случай",
            "target": "артериальный гипотензия"
        },
        {
            "source": "назначать один раз в сутки",
            "target": "обеспечивать эффективный и плавный снижение ад"
        },
        {
            "source": "гидрохлоротиазид",
            "target": "усиление антигипертензивный эффект"
        },
        {
            "source": "гидрохлоротиазид",
            "target": "хорошо переноситься"
        }
    ]
}